/*M!999999\- enable the sandbox mode */ 
-- MariaDB dump 10.19  Distrib 10.6.22-MariaDB, for debian-linux-gnu (x86_64)
--
-- Host: localhost    Database: my_project_db
-- ------------------------------------------------------
-- Server version	10.6.22-MariaDB-0ubuntu0.22.04.1

/*!40101 SET @OLD_CHARACTER_SET_CLIENT=@@CHARACTER_SET_CLIENT */;
/*!40101 SET @OLD_CHARACTER_SET_RESULTS=@@CHARACTER_SET_RESULTS */;
/*!40101 SET @OLD_COLLATION_CONNECTION=@@COLLATION_CONNECTION */;
/*!40101 SET NAMES utf8mb4 */;
/*!40103 SET @OLD_TIME_ZONE=@@TIME_ZONE */;
/*!40103 SET TIME_ZONE='+00:00' */;
/*!40014 SET @OLD_UNIQUE_CHECKS=@@UNIQUE_CHECKS, UNIQUE_CHECKS=0 */;
/*!40014 SET @OLD_FOREIGN_KEY_CHECKS=@@FOREIGN_KEY_CHECKS, FOREIGN_KEY_CHECKS=0 */;
/*!40101 SET @OLD_SQL_MODE=@@SQL_MODE, SQL_MODE='NO_AUTO_VALUE_ON_ZERO' */;
/*!40111 SET @OLD_SQL_NOTES=@@SQL_NOTES, SQL_NOTES=0 */;

--
-- Table structure for table `auth_group`
--

DROP TABLE IF EXISTS `auth_group`;
/*!40101 SET @saved_cs_client     = @@character_set_client */;
/*!40101 SET character_set_client = utf8mb4 */;
CREATE TABLE `auth_group` (
  `id` int(11) NOT NULL AUTO_INCREMENT,
  `name` varchar(150) NOT NULL,
  PRIMARY KEY (`id`),
  UNIQUE KEY `name` (`name`)
) ENGINE=InnoDB DEFAULT CHARSET=utf8mb4 COLLATE=utf8mb4_unicode_ci;
/*!40101 SET character_set_client = @saved_cs_client */;

--
-- Dumping data for table `auth_group`
--

LOCK TABLES `auth_group` WRITE;
/*!40000 ALTER TABLE `auth_group` DISABLE KEYS */;
/*!40000 ALTER TABLE `auth_group` ENABLE KEYS */;
UNLOCK TABLES;

--
-- Table structure for table `auth_group_permissions`
--

DROP TABLE IF EXISTS `auth_group_permissions`;
/*!40101 SET @saved_cs_client     = @@character_set_client */;
/*!40101 SET character_set_client = utf8mb4 */;
CREATE TABLE `auth_group_permissions` (
  `id` bigint(20) NOT NULL AUTO_INCREMENT,
  `group_id` int(11) NOT NULL,
  `permission_id` int(11) NOT NULL,
  PRIMARY KEY (`id`),
  UNIQUE KEY `auth_group_permissions_group_id_permission_id_0cd325b0_uniq` (`group_id`,`permission_id`),
  KEY `auth_group_permissio_permission_id_84c5c92e_fk_auth_perm` (`permission_id`),
  CONSTRAINT `auth_group_permissio_permission_id_84c5c92e_fk_auth_perm` FOREIGN KEY (`permission_id`) REFERENCES `auth_permission` (`id`),
  CONSTRAINT `auth_group_permissions_group_id_b120cbf9_fk_auth_group_id` FOREIGN KEY (`group_id`) REFERENCES `auth_group` (`id`)
) ENGINE=InnoDB DEFAULT CHARSET=utf8mb4 COLLATE=utf8mb4_unicode_ci;
/*!40101 SET character_set_client = @saved_cs_client */;

--
-- Dumping data for table `auth_group_permissions`
--

LOCK TABLES `auth_group_permissions` WRITE;
/*!40000 ALTER TABLE `auth_group_permissions` DISABLE KEYS */;
/*!40000 ALTER TABLE `auth_group_permissions` ENABLE KEYS */;
UNLOCK TABLES;

--
-- Table structure for table `auth_permission`
--

DROP TABLE IF EXISTS `auth_permission`;
/*!40101 SET @saved_cs_client     = @@character_set_client */;
/*!40101 SET character_set_client = utf8mb4 */;
CREATE TABLE `auth_permission` (
  `id` int(11) NOT NULL AUTO_INCREMENT,
  `name` varchar(255) NOT NULL,
  `content_type_id` int(11) NOT NULL,
  `codename` varchar(100) NOT NULL,
  PRIMARY KEY (`id`),
  UNIQUE KEY `auth_permission_content_type_id_codename_01ab375a_uniq` (`content_type_id`,`codename`),
  CONSTRAINT `auth_permission_content_type_id_2f476e4b_fk_django_co` FOREIGN KEY (`content_type_id`) REFERENCES `django_content_type` (`id`)
) ENGINE=InnoDB AUTO_INCREMENT=101 DEFAULT CHARSET=utf8mb4 COLLATE=utf8mb4_unicode_ci;
/*!40101 SET character_set_client = @saved_cs_client */;

--
-- Dumping data for table `auth_permission`
--

LOCK TABLES `auth_permission` WRITE;
/*!40000 ALTER TABLE `auth_permission` DISABLE KEYS */;
INSERT INTO `auth_permission` VALUES (1,'Can add vendor',1,'add_vendor'),(2,'Can change vendor',1,'change_vendor'),(3,'Can delete vendor',1,'delete_vendor'),(4,'Can view vendor',1,'view_vendor'),(5,'Can add device',2,'add_device'),(6,'Can change device',2,'change_device'),(7,'Can delete device',2,'delete_device'),(8,'Can view device',2,'view_device'),(9,'Can add order',3,'add_order'),(10,'Can change order',3,'change_order'),(11,'Can delete order',3,'delete_order'),(12,'Can view order',3,'view_order'),(13,'Can add push subscription',4,'add_pushsubscription'),(14,'Can change push subscription',4,'change_pushsubscription'),(15,'Can delete push subscription',4,'delete_pushsubscription'),(16,'Can view push subscription',4,'view_pushsubscription'),(17,'Can add log entry',5,'add_logentry'),(18,'Can change log entry',5,'change_logentry'),(19,'Can delete log entry',5,'delete_logentry'),(20,'Can view log entry',5,'view_logentry'),(21,'Can add permission',6,'add_permission'),(22,'Can change permission',6,'change_permission'),(23,'Can delete permission',6,'delete_permission'),(24,'Can view permission',6,'view_permission'),(25,'Can add group',7,'add_group'),(26,'Can change group',7,'change_group'),(27,'Can delete group',7,'delete_group'),(28,'Can view group',7,'view_group'),(29,'Can add user',8,'add_user'),(30,'Can change user',8,'change_user'),(31,'Can delete user',8,'delete_user'),(32,'Can view user',8,'view_user'),(33,'Can add content type',9,'add_contenttype'),(34,'Can change content type',9,'change_contenttype'),(35,'Can delete content type',9,'delete_contenttype'),(36,'Can view content type',9,'view_contenttype'),(37,'Can add session',10,'add_session'),(38,'Can change session',10,'change_session'),(39,'Can delete session',10,'delete_session'),(40,'Can view session',10,'view_session'),(41,'Can add admin outlet',11,'add_adminoutlet'),(42,'Can change admin outlet',11,'change_adminoutlet'),(43,'Can delete admin outlet',11,'delete_adminoutlet'),(44,'Can view admin outlet',11,'view_adminoutlet'),(45,'Can add vendor menu',12,'add_vendormenu'),(46,'Can change vendor menu',12,'change_vendormenu'),(47,'Can delete vendor menu',12,'delete_vendormenu'),(48,'Can view vendor menu',12,'view_vendormenu'),(49,'Can add vendor advertisement',13,'add_vendoradvertisement'),(50,'Can change vendor advertisement',13,'change_vendoradvertisement'),(51,'Can delete vendor advertisement',13,'delete_vendoradvertisement'),(52,'Can view vendor advertisement',13,'view_vendoradvertisement'),(53,'Can add feedback',14,'add_feedback'),(54,'Can change feedback',14,'change_feedback'),(55,'Can delete feedback',14,'delete_feedback'),(56,'Can view feedback',14,'view_feedback'),(57,'Can add android device',15,'add_androiddevice'),(58,'Can change android device',15,'change_androiddevice'),(59,'Can delete android device',15,'delete_androiddevice'),(60,'Can view android device',15,'view_androiddevice'),(61,'Can add site config',16,'add_siteconfig'),(62,'Can change site config',16,'change_siteconfig'),(63,'Can delete site config',16,'delete_siteconfig'),(64,'Can view site config',16,'view_siteconfig'),(65,'Can add advertisement image',17,'add_advertisementimage'),(66,'Can change advertisement image',17,'change_advertisementimage'),(67,'Can delete advertisement image',17,'delete_advertisementimage'),(68,'Can view advertisement image',17,'view_advertisementimage'),(69,'Can add advertisement profile',18,'add_advertisementprofile'),(70,'Can change advertisement profile',18,'change_advertisementprofile'),(71,'Can delete advertisement profile',18,'delete_advertisementprofile'),(72,'Can view advertisement profile',18,'view_advertisementprofile'),(73,'Can add advertisement profile assignment',19,'add_advertisementprofileassignment'),(74,'Can change advertisement profile assignment',19,'change_advertisementprofileassignment'),(75,'Can delete advertisement profile assignment',19,'delete_advertisementprofileassignment'),(76,'Can view advertisement profile assignment',19,'view_advertisementprofileassignment'),(77,'Can add archived order',20,'add_archivedorder'),(78,'Can change archived order',20,'change_archivedorder'),(79,'Can delete archived order',20,'delete_archivedorder'),(80,'Can view archived order',20,'view_archivedorder'),(81,'Can add user profile',21,'add_userprofile'),(82,'Can change user profile',21,'change_userprofile'),(83,'Can delete user profile',21,'delete_userprofile'),(84,'Can view user profile',21,'view_userprofile'),(85,'Can add android apk',22,'add_androidapk'),(86,'Can change android apk',22,'change_androidapk'),(87,'Can delete android apk',22,'delete_androidapk'),(88,'Can view android apk',22,'view_androidapk'),(89,'Can add blacklisted token',23,'add_blacklistedtoken'),(90,'Can change blacklisted token',23,'change_blacklistedtoken'),(91,'Can delete blacklisted token',23,'delete_blacklistedtoken'),(92,'Can view blacklisted token',23,'view_blacklistedtoken'),(93,'Can add outstanding token',24,'add_outstandingtoken'),(94,'Can change outstanding token',24,'change_outstandingtoken'),(95,'Can delete outstanding token',24,'delete_outstandingtoken'),(96,'Can view outstanding token',24,'view_outstandingtoken'),(97,'Can add chat message',25,'add_chatmessage'),(98,'Can change chat message',25,'change_chatmessage'),(99,'Can delete chat message',25,'delete_chatmessage'),(100,'Can view chat message',25,'view_chatmessage');
/*!40000 ALTER TABLE `auth_permission` ENABLE KEYS */;
UNLOCK TABLES;

--
-- Table structure for table `auth_user`
--

DROP TABLE IF EXISTS `auth_user`;
/*!40101 SET @saved_cs_client     = @@character_set_client */;
/*!40101 SET character_set_client = utf8mb4 */;
CREATE TABLE `auth_user` (
  `id` int(11) NOT NULL AUTO_INCREMENT,
  `password` varchar(128) NOT NULL,
  `last_login` datetime(6) DEFAULT NULL,
  `is_superuser` tinyint(1) NOT NULL,
  `username` varchar(150) NOT NULL,
  `first_name` varchar(150) NOT NULL,
  `last_name` varchar(150) NOT NULL,
  `email` varchar(254) NOT NULL,
  `is_staff` tinyint(1) NOT NULL,
  `is_active` tinyint(1) NOT NULL,
  `date_joined` datetime(6) NOT NULL,
  PRIMARY KEY (`id`),
  UNIQUE KEY `username` (`username`)
) ENGINE=InnoDB AUTO_INCREMENT=19 DEFAULT CHARSET=utf8mb4 COLLATE=utf8mb4_unicode_ci;
/*!40101 SET character_set_client = @saved_cs_client */;

--
-- Dumping data for table `auth_user`
--

LOCK TABLES `auth_user` WRITE;
/*!40000 ALTER TABLE `auth_user` DISABLE KEYS */;
INSERT INTO `auth_user` VALUES (1,'pbkdf2_sha256$870000$C0sy6OhyiqSGpyy2YE6nIX$rNxOeRTckR3rcDT267KlOdC5m/+MXz4AflSrQPBey6A=','2025-07-31 08:32:12.857754',1,'silpc065','','','',1,1,'2025-04-03 05:15:34.261056'),(2,'pbkdf2_sha256$870000$ZfCrZdvM4H81ttjzQKXJwd$A7vlsnNO8HCtFJVhh4AueHyRbx3QWdCcd1ttb1tMirk=','2025-07-10 11:02:34.765199',0,'silpc0651','','','',0,1,'2025-05-16 11:35:15.352361'),(3,'pbkdf2_sha256$870000$4dsmEFMbZLvSPA4tUfbwmp$DJwlqL8HEYEoCke2nhIct0GTsuOVSILw1NLhKozawJQ=',NULL,0,'Starbucks','','','',0,1,'2025-05-16 12:01:51.920916'),(4,'pbkdf2_sha256$870000$Vrxw2pLV38mS40dJH0RiSe$4n1Tc0rW/YdGbTHt9JosiOKHr1hZtcO/DVteT15478s=',NULL,0,'McDonald\'s','','','',0,1,'2025-05-16 12:01:52.495877'),(5,'pbkdf2_sha256$870000$XBR5wmlmPEDOLnnupbw9jg$3NZoYCvONY42c8Bpy0Pz+tKZZdtGF8fJ+NeAnZagnU0=','2025-08-05 10:00:08.811300',0,'Azad','','','',1,1,'2025-05-19 09:27:50.237000'),(6,'pbkdf2_sha256$870000$pxXUtgmqH5dCmNBkAbVX3L$s1glugdViK/755Jt8SOpnH6uV6K+fPvVl7thfo7BSu0=',NULL,0,'Burger King','','','',0,1,'2025-05-16 12:01:53.581988'),(7,'pbkdf2_sha256$870000$czmj3CcH1bzZiWD62Z2Sse$ZuaPzHu8BcoOiPHKq4JQoXCfKfos3XsZb72zSdcgfcM=',NULL,0,'Domino\'s','','','',0,1,'2025-05-16 12:01:54.121187'),(8,'pbkdf2_sha256$870000$se0UqaWJPUPrkd2rThYveO$DelMy8HmkmFHGXO5nvKqcZ5rUUfNE/pn3hxvorCmgs4=',NULL,0,'Pizza Hut','','','',1,1,'2025-05-16 12:01:54.657294'),(9,'pbkdf2_sha256$870000$BN2bnLg0Ws5SkgMlJmpxNV$L5T5mMfHrpEMoZdT7WCKMdwmZSJEbS1EexBGbA1sTSo=',NULL,0,'Subway','','','',1,1,'2025-05-16 12:01:55.193319'),(10,'pbkdf2_sha256$870000$0y8ZhS3duqidONBjj6Tw9u$GLEXeI9oGO73m3uKALM/bnxGzYL+rN7hJ5W9ozyu7dc=',NULL,0,'Costa Coffee','','','',1,1,'2025-05-16 12:01:55.729038'),(11,'pbkdf2_sha256$870000$s0TA0WndfQeX6mmLz06MHW$ZrtUb2ZsGZTrvSw/WfNJTBHZSHpgEYkQARtFfIv35dU=',NULL,0,'silpc06','','','',1,1,'2025-05-16 12:01:56.264377'),(12,'pbkdf2_sha256$870000$XBR5wmlmPEDOLnnupbw9jg$3NZoYCvONY42c8Bpy0Pz+tKZZdtGF8fJ+NeAnZagnU0=','2025-07-31 07:32:12.248850',0,'FoodFlash15','','','',1,1,'2025-05-19 09:27:50.237606'),(13,'pbkdf2_sha256$870000$X1fWWuUeivPuAw7q5eaCBQ$BrHOOlWdPaYuBXP4lLuhiQETZjGSaCxUManvIjqKqZw=','2025-08-05 10:05:19.521661',0,'softlandadmin','','','',1,1,'2025-06-04 04:05:04.097003'),(15,'pbkdf2_sha256$870000$kPe0zRqL7yFS8VSQKzuFae$5uqTrl/qPrc0nR/P9vdBdS/gCM1G1i+ILz+7iuIJWv0=','2025-07-31 07:25:48.157369',0,'manager1','','','',0,1,'2025-07-15 07:23:50.723712'),(16,'pbkdf2_sha256$870000$NgX0yTKnW4VzLT6Z98OM3K$F6uLVR0pHtBnLkTM6hv1/SoOlmtz1/tQY6QKlOe3u8k=','2025-08-05 04:16:29.861272',0,'foodflashdev','','','',1,1,'2025-07-16 11:18:48.380622'),(17,'pbkdf2_sha256$870000$ZSpsE7RERJW3JFEMNNQQDU$9OGC+TjvGGo/JMeg/vB1tmBOvhf3/5jJxlAf7fcpzaM=','2025-08-05 04:22:30.339521',0,'devmanager1','','','',0,1,'2025-07-17 04:37:17.576576'),(18,'pbkdf2_sha256$870000$lMDFPnSUfmmSKCbk7eKdpS$5lFHY1ZnSsXTpz2p8BaeiPk/YE1551DZtL73K04BivQ=','2025-07-31 08:13:05.385857',0,'demomanager','','','',0,1,'2025-07-31 04:08:14.778666');
/*!40000 ALTER TABLE `auth_user` ENABLE KEYS */;
UNLOCK TABLES;

--
-- Table structure for table `auth_user_groups`
--

DROP TABLE IF EXISTS `auth_user_groups`;
/*!40101 SET @saved_cs_client     = @@character_set_client */;
/*!40101 SET character_set_client = utf8mb4 */;
CREATE TABLE `auth_user_groups` (
  `id` bigint(20) NOT NULL AUTO_INCREMENT,
  `user_id` int(11) NOT NULL,
  `group_id` int(11) NOT NULL,
  PRIMARY KEY (`id`),
  UNIQUE KEY `auth_user_groups_user_id_group_id_94350c0c_uniq` (`user_id`,`group_id`),
  KEY `auth_user_groups_group_id_97559544_fk_auth_group_id` (`group_id`),
  CONSTRAINT `auth_user_groups_group_id_97559544_fk_auth_group_id` FOREIGN KEY (`group_id`) REFERENCES `auth_group` (`id`),
  CONSTRAINT `auth_user_groups_user_id_6a12ed8b_fk_auth_user_id` FOREIGN KEY (`user_id`) REFERENCES `auth_user` (`id`)
) ENGINE=InnoDB DEFAULT CHARSET=utf8mb4 COLLATE=utf8mb4_unicode_ci;
/*!40101 SET character_set_client = @saved_cs_client */;

--
-- Dumping data for table `auth_user_groups`
--

LOCK TABLES `auth_user_groups` WRITE;
/*!40000 ALTER TABLE `auth_user_groups` DISABLE KEYS */;
/*!40000 ALTER TABLE `auth_user_groups` ENABLE KEYS */;
UNLOCK TABLES;

--
-- Table structure for table `auth_user_user_permissions`
--

DROP TABLE IF EXISTS `auth_user_user_permissions`;
/*!40101 SET @saved_cs_client     = @@character_set_client */;
/*!40101 SET character_set_client = utf8mb4 */;
CREATE TABLE `auth_user_user_permissions` (
  `id` bigint(20) NOT NULL AUTO_INCREMENT,
  `user_id` int(11) NOT NULL,
  `permission_id` int(11) NOT NULL,
  PRIMARY KEY (`id`),
  UNIQUE KEY `auth_user_user_permissions_user_id_permission_id_14a6b632_uniq` (`user_id`,`permission_id`),
  KEY `auth_user_user_permi_permission_id_1fbb5f2c_fk_auth_perm` (`permission_id`),
  CONSTRAINT `auth_user_user_permi_permission_id_1fbb5f2c_fk_auth_perm` FOREIGN KEY (`permission_id`) REFERENCES `auth_permission` (`id`),
  CONSTRAINT `auth_user_user_permissions_user_id_a95ead1b_fk_auth_user_id` FOREIGN KEY (`user_id`) REFERENCES `auth_user` (`id`)
) ENGINE=InnoDB DEFAULT CHARSET=utf8mb4 COLLATE=utf8mb4_unicode_ci;
/*!40101 SET character_set_client = @saved_cs_client */;

--
-- Dumping data for table `auth_user_user_permissions`
--

LOCK TABLES `auth_user_user_permissions` WRITE;
/*!40000 ALTER TABLE `auth_user_user_permissions` DISABLE KEYS */;
/*!40000 ALTER TABLE `auth_user_user_permissions` ENABLE KEYS */;
UNLOCK TABLES;

--
-- Table structure for table `django_admin_log`
--

DROP TABLE IF EXISTS `django_admin_log`;
/*!40101 SET @saved_cs_client     = @@character_set_client */;
/*!40101 SET character_set_client = utf8mb4 */;
CREATE TABLE `django_admin_log` (
  `id` int(11) NOT NULL AUTO_INCREMENT,
  `action_time` datetime(6) NOT NULL,
  `object_id` longtext DEFAULT NULL,
  `object_repr` varchar(200) NOT NULL,
  `action_flag` smallint(5) unsigned NOT NULL CHECK (`action_flag` >= 0),
  `change_message` longtext NOT NULL,
  `content_type_id` int(11) DEFAULT NULL,
  `user_id` int(11) NOT NULL,
  PRIMARY KEY (`id`),
  KEY `django_admin_log_content_type_id_c4bce8eb_fk_django_co` (`content_type_id`),
  KEY `django_admin_log_user_id_c564eba6_fk_auth_user_id` (`user_id`),
  CONSTRAINT `django_admin_log_content_type_id_c4bce8eb_fk_django_co` FOREIGN KEY (`content_type_id`) REFERENCES `django_content_type` (`id`),
  CONSTRAINT `django_admin_log_user_id_c564eba6_fk_auth_user_id` FOREIGN KEY (`user_id`) REFERENCES `auth_user` (`id`)
) ENGINE=InnoDB AUTO_INCREMENT=171 DEFAULT CHARSET=utf8mb4 COLLATE=utf8mb4_unicode_ci;
/*!40101 SET character_set_client = @saved_cs_client */;

--
-- Dumping data for table `django_admin_log`
--

LOCK TABLES `django_admin_log` WRITE;
/*!40000 ALTER TABLE `django_admin_log` DISABLE KEYS */;
INSERT INTO `django_admin_log` VALUES (1,'2025-04-03 05:31:59.135571','1','Starbucks',1,'[{\"added\": {}}]',11,1),(2,'2025-04-03 05:32:35.544074','2','McDonald\'s',1,'[{\"added\": {}}]',11,1),(3,'2025-04-03 05:33:06.714133','3','KFC',1,'[{\"added\": {}}]',11,1),(4,'2025-04-03 05:34:54.468762','4','Burger King',1,'[{\"added\": {}}]',11,1),(5,'2025-04-03 05:35:29.898189','5','Domino\'s',1,'[{\"added\": {}}]',11,1),(6,'2025-04-03 05:36:09.294679','6','Pizza Hut',1,'[{\"added\": {}}]',11,1),(7,'2025-04-03 05:36:41.472908','7','Subway',1,'[{\"added\": {}}]',11,1),(8,'2025-04-03 05:37:12.128044','8','Costa Coffee',1,'[{\"added\": {}}]',11,1),(9,'2025-04-03 06:02:13.087806','1','Starbucks - Lulu Mall - Starbucks',1,'[{\"added\": {}}]',1,1),(10,'2025-04-03 06:03:50.829908','2','Starbucks - City Square - Starbucks',1,'[{\"added\": {}}]',1,1),(11,'2025-04-03 06:10:59.520549','3','Starbucks - Downtown Plaza - Starbucks',1,'[{\"added\": {}}]',1,1),(12,'2025-04-03 06:12:50.367070','4','McDonald\'s - Lulu Mall - McDonald\'s',1,'[{\"added\": {}}]',1,1),(13,'2025-04-03 06:15:32.019524','4','McDonald\'s - Lulu Mall - McDonald\'s',2,'[{\"changed\": {\"fields\": [\"Location id\"]}}]',1,1),(14,'2025-04-03 06:15:53.966644','4','McDonald\'s - Lulu Mall - McDonald\'s',2,'[{\"changed\": {\"fields\": [\"Vendor id\"]}}]',1,1),(15,'2025-04-03 06:18:48.196952','5','McDonald\'s - Grand Avenue - McDonald\'s',1,'[{\"added\": {}}]',1,1),(16,'2025-04-03 06:20:10.782378','6','McDonald\'s - High Street - McDonald\'s',1,'[{\"added\": {}}]',1,1),(17,'2025-04-03 06:22:05.362019','7','KFC - Lulu Mall - KFC',1,'[{\"added\": {}}]',1,1),(18,'2025-04-03 06:23:27.442382','8','KFC - Mega Mall - KFC',1,'[{\"added\": {}}]',1,1),(19,'2025-04-03 06:25:05.879524','9','KFC - Express Highway - KFC',1,'[{\"added\": {}}]',1,1),(20,'2025-04-03 06:26:38.633098','10','KFC - City Square - KFC',1,'[{\"added\": {}}]',1,1),(21,'2025-04-03 06:28:40.829328','11','Burger King - Lulu Mall - Burger King',1,'[{\"added\": {}}]',1,1),(22,'2025-04-03 06:30:08.702124','12','Domino\'s - Lulu Mall - Domino\'s',1,'[{\"added\": {}}]',1,1),(23,'2025-04-03 06:30:57.261550','13','Pizza Hut - Lulu Mall - Pizza Hut',1,'[{\"added\": {}}]',1,1),(24,'2025-04-03 06:31:55.986293','14','Subway - Lulu Mall - Subway',1,'[{\"added\": {}}]',1,1),(25,'2025-04-03 06:32:40.800411','15','Costa Coffee - Lulu Mall - Costa Coffee',1,'[{\"added\": {}}]',1,1),(26,'2025-04-04 08:43:04.534919','7','KFC - Lulu Mall - KFC',2,'[{\"changed\": {\"fields\": [\"Logo\"]}}]',1,1),(27,'2025-04-04 08:43:36.131699','1','Starbucks - Lulu Mall - Starbucks',2,'[{\"changed\": {\"fields\": [\"Logo\"]}}]',1,1),(28,'2025-04-07 06:11:39.363615','5','Token 1',3,'',3,1),(29,'2025-04-07 06:11:39.363655','4','Token 1',3,'',3,1),(30,'2025-04-07 06:11:39.363674','3','Token 1',3,'',3,1),(31,'2025-04-07 06:11:39.363690','2','Token 1',3,'',3,1),(32,'2025-04-07 06:11:39.363704','1','Token 1',3,'',3,1),(33,'2025-04-07 06:15:46.990815','7','Token 1',3,'',3,1),(34,'2025-04-07 06:15:46.990858','6','Token 1',3,'',3,1),(35,'2025-04-07 06:22:17.800370','11','Token 1',3,'',3,1),(36,'2025-04-07 06:22:17.800417','10','Token 1',3,'',3,1),(37,'2025-04-07 06:22:17.800437','9','Token 1',3,'',3,1),(38,'2025-04-07 06:22:17.800453','8','Token 1',3,'',3,1),(39,'2025-04-07 06:34:33.533859','15','Token 1',3,'',3,1),(40,'2025-04-07 06:34:33.533899','14','Token 1',3,'',3,1),(41,'2025-04-07 06:34:33.533919','13','Token 1',3,'',3,1),(42,'2025-04-07 06:34:33.533934','12','Token 1',3,'',3,1),(43,'2025-04-07 08:45:48.983591','1','Subscription for 6eb0ef13-20c9-4dba-ad63-c065bf352877',3,'',4,1),(44,'2025-04-07 08:45:55.348507','19','Token 1',3,'',3,1),(45,'2025-04-07 08:45:55.348560','18','Token 1',3,'',3,1),(46,'2025-04-07 08:45:55.348592','17','Token 1',3,'',3,1),(47,'2025-04-07 08:45:55.348617','16','Token 1',3,'',3,1),(48,'2025-04-07 09:02:25.729137','2','Subscription for 6eb0ef13-20c9-4dba-ad63-c065bf352877',3,'',4,1),(49,'2025-04-07 09:02:32.383325','22','Token 2',3,'',3,1),(50,'2025-04-07 09:02:32.383373','21','Token 1',3,'',3,1),(51,'2025-04-07 09:02:32.383399','20','Token 1',3,'',3,1),(52,'2025-04-08 11:35:23.789606','1','\"device_id\":\"202502CAL050005B\",',1,'[{\"added\": {}}]',2,1),(53,'2025-04-08 11:41:33.102048','1','\"device_id\":\"202502CAL050005B\",',3,'',2,1),(54,'2025-04-08 11:41:51.233269','2','202502CAL050005B',1,'[{\"added\": {}}]',2,1),(55,'2025-04-25 04:15:44.781318','1','Starbucks - Lulu Mall - Starbucks',2,'[]',1,1),(56,'2025-07-25 10:05:37.560093','1783','Token 7',3,'',3,1),(57,'2025-07-25 10:05:37.560131','1782','Token 6',3,'',3,1),(58,'2025-07-25 10:05:37.560150','1781','Token 5',3,'',3,1),(59,'2025-07-25 10:05:37.560165','1780','Token 4',3,'',3,1),(60,'2025-07-25 10:05:37.560180','1779','Token 30',3,'',3,1),(61,'2025-07-25 10:05:37.560194','1778','Token 25',3,'',3,1),(62,'2025-07-25 10:05:37.560208','1777','Token 19',3,'',3,1),(63,'2025-07-25 10:05:37.560221','1776','Token 22',3,'',3,1),(64,'2025-07-25 10:05:37.560234','1775','Token 4',3,'',3,1),(65,'2025-07-25 10:05:37.560247','1774','Token 3',3,'',3,1),(66,'2025-07-25 10:05:37.560260','1773','Token 31',3,'',3,1),(67,'2025-07-25 10:05:37.560273','1772','Token 40',3,'',3,1),(68,'2025-07-25 10:05:37.560286','1771','Token 33',3,'',3,1),(69,'2025-07-25 10:05:37.560299','1770','Token 3',3,'',3,1),(70,'2025-07-25 10:05:37.560311','1769','Token 100',3,'',3,1),(71,'2025-07-25 10:05:37.560324','1768','Token 243',3,'',3,1),(72,'2025-07-25 10:05:37.560337','1767','Token 5',3,'',3,1),(73,'2025-07-25 10:05:37.560349','1766','Token 2',3,'',3,1),(74,'2025-07-25 10:05:37.560362','1765','Token 50',3,'',3,1),(75,'2025-07-25 10:05:37.560375','1764','Token 2',3,'',3,1),(76,'2025-07-25 10:05:37.560388','1763','Token 123',3,'',3,1),(77,'2025-07-25 10:05:37.560400','1762','Token 12',3,'',3,1),(78,'2025-07-25 10:05:37.560413','1761','Token 1',3,'',3,1),(79,'2025-07-25 10:05:37.560428','1760','Token 1',3,'',3,1),(80,'2025-07-25 10:05:37.560443','1655','Token 1',3,'',3,1),(81,'2025-07-25 10:13:07.197378','1823','Token 10',3,'',3,1),(82,'2025-07-25 10:13:07.197431','1822','Token 40',3,'',3,1),(83,'2025-07-25 10:13:07.197457','1821','Token 39',3,'',3,1),(84,'2025-07-25 10:13:07.197477','1820','Token 38',3,'',3,1),(85,'2025-07-25 10:13:07.197496','1819','Token 737',3,'',3,1),(86,'2025-07-25 10:13:07.197515','1818','Token 36',3,'',3,1),(87,'2025-07-25 10:13:07.197534','1817','Token 35',3,'',3,1),(88,'2025-07-25 10:13:07.197553','1816','Token 34',3,'',3,1),(89,'2025-07-25 10:13:07.197570','1815','Token 33',3,'',3,1),(90,'2025-07-25 10:13:07.197587','1814','Token 32',3,'',3,1),(91,'2025-07-25 10:13:07.197605','1813','Token 31',3,'',3,1),(92,'2025-07-25 10:13:07.197622','1812','Token 30',3,'',3,1),(93,'2025-07-25 10:13:07.197640','1811','Token 29',3,'',3,1),(94,'2025-07-25 10:13:07.197657','1810','Token 28',3,'',3,1),(95,'2025-07-25 10:13:07.197674','1809','Token 27',3,'',3,1),(96,'2025-07-25 10:13:07.197691','1808','Token 26',3,'',3,1),(97,'2025-07-25 10:13:07.197708','1807','Token 25',3,'',3,1),(98,'2025-07-25 10:13:07.197725','1806','Token 24',3,'',3,1),(99,'2025-07-25 10:13:07.197742','1805','Token 23',3,'',3,1),(100,'2025-07-25 10:13:07.197758','1804','Token 22',3,'',3,1),(101,'2025-07-25 10:13:07.197775','1803','Token 21',3,'',3,1),(102,'2025-07-25 10:13:07.197791','1802','Token 20',3,'',3,1),(103,'2025-07-25 10:13:07.197808','1801','Token 49',3,'',3,1),(104,'2025-07-25 10:13:07.197825','1800','Token 48',3,'',3,1),(105,'2025-07-25 10:13:07.197842','1799','Token 47',3,'',3,1),(106,'2025-07-25 10:13:07.197859','1798','Token 46',3,'',3,1),(107,'2025-07-25 10:13:07.197875','1797','Token 45',3,'',3,1),(108,'2025-07-25 10:13:07.197892','1796','Token 14',3,'',3,1),(109,'2025-07-25 10:13:07.197917','1795','Token 42',3,'',3,1),(110,'2025-07-25 10:13:07.197934','1794','Token 12',3,'',3,1),(111,'2025-07-25 10:13:07.197951','1793','Token 11',3,'',3,1),(112,'2025-07-25 10:13:07.197967','1792','Token 9',3,'',3,1),(113,'2025-07-25 10:13:07.197984','1791','Token 8',3,'',3,1),(114,'2025-07-25 10:13:07.198003','1790','Token 7',3,'',3,1),(115,'2025-07-25 10:13:07.198019','1789','Token 4',3,'',3,1),(116,'2025-07-25 10:13:07.198115','1788','Token 3',3,'',3,1),(117,'2025-07-25 10:13:07.198146','1787','Token 2',3,'',3,1),(118,'2025-07-25 10:13:07.198168','1786','Token 1',3,'',3,1),(119,'2025-07-25 10:13:07.198190','1785','Token 6',3,'',3,1),(120,'2025-07-25 10:13:07.198211','1784','Token 5',3,'',3,1),(121,'2025-07-29 12:15:32.223091','1853','Token 22',3,'',3,1),(122,'2025-07-29 12:15:32.223153','1852','Token 1111',3,'',3,1),(123,'2025-07-29 12:15:32.223198','1851','Token 14',3,'',3,1),(124,'2025-07-29 12:15:32.223214','1850','Token 13',3,'',3,1),(125,'2025-07-29 12:15:32.223228','1849','Token 12',3,'',3,1),(126,'2025-07-29 12:15:32.223242','1848','Token 400',3,'',3,1),(127,'2025-07-29 12:15:32.223256','1847','Token 777',3,'',3,1),(128,'2025-07-29 12:15:32.223268','1846','Token 256',3,'',3,1),(129,'2025-07-29 12:15:32.223296','1845','Token 255',3,'',3,1),(130,'2025-07-29 12:15:32.223322','1844','Token 21',3,'',3,1),(131,'2025-07-29 12:15:32.223334','1843','Token 20',3,'',3,1),(132,'2025-07-29 12:15:32.223346','1842','Token 16',3,'',3,1),(133,'2025-07-29 12:15:32.223358','1841','Token 15',3,'',3,1),(134,'2025-07-29 12:15:32.223385','1840','Token 11',3,'',3,1),(135,'2025-07-29 12:15:32.223398','1839','Token 10',3,'',3,1),(136,'2025-07-29 12:15:32.223427','1838','Token 9',3,'',3,1),(137,'2025-07-29 12:15:32.223440','1837','Token 8',3,'',3,1),(138,'2025-07-29 12:15:32.223472','1836','Token 7',3,'',3,1),(139,'2025-07-29 12:15:32.223485','1835','Token 6',3,'',3,1),(140,'2025-07-29 12:15:32.223538','1834','Token 5',3,'',3,1),(141,'2025-07-29 12:15:32.223551','1833','Token 4',3,'',3,1),(142,'2025-07-29 12:15:32.223564','1832','Token 3',3,'',3,1),(143,'2025-07-29 12:15:32.223577','1831','Token 2',3,'',3,1),(144,'2025-07-29 12:15:32.223590','1830','Token 1',3,'',3,1),(145,'2025-07-31 08:32:29.186667','1931','Token 102',3,'',3,1),(146,'2025-07-31 08:32:29.186783','1930','Token 101',3,'',3,1),(147,'2025-07-31 08:32:29.186811','1929','Token 586',3,'',3,1),(148,'2025-07-31 08:32:29.186829','1928','Token 250',3,'',3,1),(149,'2025-07-31 08:32:29.186845','1927','Token 23',3,'',3,1),(150,'2025-07-31 08:32:29.186860','1926','Token 202',3,'',3,1),(151,'2025-07-31 08:32:29.186892','1925','Token 201',3,'',3,1),(152,'2025-07-31 08:32:29.186908','1924','Token 200',3,'',3,1),(153,'2025-07-31 08:32:29.186922','1923','Token 107',3,'',3,1),(154,'2025-07-31 08:32:29.186936','1922','Token 2366',3,'',3,1),(155,'2025-07-31 08:32:29.186950','1921','Token 4506',3,'',3,1),(156,'2025-07-31 08:32:29.186963','1920','Token 106',3,'',3,1),(157,'2025-07-31 08:32:29.186977','1919','Token 105',3,'',3,1),(158,'2025-07-31 08:32:29.186990','1918','Token 104',3,'',3,1),(159,'2025-07-31 08:32:29.187003','1917','Token 2',3,'',3,1),(160,'2025-07-31 08:32:29.187017','1916','Token 103',3,'',3,1),(161,'2025-07-31 08:32:29.187030','1915','Token 102',3,'',3,1),(162,'2025-07-31 08:32:29.187043','1914','Token 101',3,'',3,1),(163,'2025-07-31 08:32:29.187057','1913','Token 10',3,'',3,1),(164,'2025-07-31 08:32:29.187071','1912','Token 1',3,'',3,1),(165,'2025-07-31 08:32:29.187085','1911','Token 7',3,'',3,1),(166,'2025-07-31 08:32:29.187098','1910','Token 100',3,'',3,1),(167,'2025-07-31 08:32:29.187111','1909','Token 6',3,'',3,1),(168,'2025-07-31 08:32:29.187124','1908','Token 3',3,'',3,1),(169,'2025-07-31 08:32:29.187138','1907','Token 2',3,'',3,1),(170,'2025-07-31 08:32:29.187151','1906','Token 5',3,'',3,1);
/*!40000 ALTER TABLE `django_admin_log` ENABLE KEYS */;
UNLOCK TABLES;

--
-- Table structure for table `django_content_type`
--

DROP TABLE IF EXISTS `django_content_type`;
/*!40101 SET @saved_cs_client     = @@character_set_client */;
/*!40101 SET character_set_client = utf8mb4 */;
CREATE TABLE `django_content_type` (
  `id` int(11) NOT NULL AUTO_INCREMENT,
  `app_label` varchar(100) NOT NULL,
  `model` varchar(100) NOT NULL,
  PRIMARY KEY (`id`),
  UNIQUE KEY `django_content_type_app_label_model_76bd3d3b_uniq` (`app_label`,`model`)
) ENGINE=InnoDB AUTO_INCREMENT=26 DEFAULT CHARSET=utf8mb4 COLLATE=utf8mb4_unicode_ci;
/*!40101 SET character_set_client = @saved_cs_client */;

--
-- Dumping data for table `django_content_type`
--

LOCK TABLES `django_content_type` WRITE;
/*!40000 ALTER TABLE `django_content_type` DISABLE KEYS */;
INSERT INTO `django_content_type` VALUES (5,'admin','logentry'),(7,'auth','group'),(6,'auth','permission'),(8,'auth','user'),(9,'contenttypes','contenttype'),(10,'sessions','session'),(23,'token_blacklist','blacklistedtoken'),(24,'token_blacklist','outstandingtoken'),(11,'vendors','adminoutlet'),(17,'vendors','advertisementimage'),(18,'vendors','advertisementprofile'),(19,'vendors','advertisementprofileassignment'),(22,'vendors','androidapk'),(15,'vendors','androiddevice'),(20,'vendors','archivedorder'),(25,'vendors','chatmessage'),(2,'vendors','device'),(14,'vendors','feedback'),(3,'vendors','order'),(4,'vendors','pushsubscription'),(16,'vendors','siteconfig'),(21,'vendors','userprofile'),(1,'vendors','vendor'),(13,'vendors','vendoradvertisement'),(12,'vendors','vendormenu');
/*!40000 ALTER TABLE `django_content_type` ENABLE KEYS */;
UNLOCK TABLES;

--
-- Table structure for table `django_migrations`
--

DROP TABLE IF EXISTS `django_migrations`;
/*!40101 SET @saved_cs_client     = @@character_set_client */;
/*!40101 SET character_set_client = utf8mb4 */;
CREATE TABLE `django_migrations` (
  `id` bigint(20) NOT NULL AUTO_INCREMENT,
  `app` varchar(255) NOT NULL,
  `name` varchar(255) NOT NULL,
  `applied` datetime(6) NOT NULL,
  PRIMARY KEY (`id`)
) ENGINE=InnoDB AUTO_INCREMENT=93 DEFAULT CHARSET=utf8mb4 COLLATE=utf8mb4_unicode_ci;
/*!40101 SET character_set_client = @saved_cs_client */;

--
-- Dumping data for table `django_migrations`
--

LOCK TABLES `django_migrations` WRITE;
/*!40000 ALTER TABLE `django_migrations` DISABLE KEYS */;
INSERT INTO `django_migrations` VALUES (1,'contenttypes','0001_initial','2025-03-14 09:56:57.734975'),(2,'auth','0001_initial','2025-03-14 09:57:00.750784'),(3,'admin','0001_initial','2025-03-14 09:57:01.283739'),(4,'admin','0002_logentry_remove_auto_add','2025-03-14 09:57:01.290228'),(5,'admin','0003_logentry_add_action_flag_choices','2025-03-14 09:57:01.295695'),(6,'contenttypes','0002_remove_content_type_name','2025-03-14 09:57:01.760801'),(7,'auth','0002_alter_permission_name_max_length','2025-03-14 09:57:01.972432'),(8,'auth','0003_alter_user_email_max_length','2025-03-14 09:57:02.197727'),(9,'auth','0004_alter_user_username_opts','2025-03-14 09:57:02.204439'),(10,'auth','0005_alter_user_last_login_null','2025-03-14 09:57:02.436521'),(11,'auth','0006_require_contenttypes_0002','2025-03-14 09:57:02.437674'),(12,'auth','0007_alter_validators_add_error_messages','2025-03-14 09:57:02.444193'),(13,'auth','0008_alter_user_username_max_length','2025-03-14 09:57:02.673991'),(14,'auth','0009_alter_user_last_name_max_length','2025-03-14 09:57:02.911584'),(15,'auth','0010_alter_group_name_max_length','2025-03-14 09:57:03.144899'),(16,'auth','0011_update_proxy_permissions','2025-03-14 09:57:03.151045'),(17,'auth','0012_alter_user_first_name_max_length','2025-03-14 09:57:03.380706'),(18,'sessions','0001_initial','2025-03-14 09:57:03.711811'),(19,'webpush','0001_initial','2025-03-14 09:57:04.673517'),(20,'webpush','0002_auto_20190603_0005','2025-03-14 09:57:04.906843'),(21,'webpush','0003_subscriptioninfo_user_agent','2025-03-14 09:57:05.361713'),(22,'webpush','0004_auto_20220831_1500','2025-03-14 09:57:07.408448'),(23,'webpush','0005_auto_20230614_1529','2025-03-14 09:57:09.439633'),(24,'webpush','0006_alter_subscriptioninfo_user_agent','2025-03-14 09:57:09.442562'),(25,'vendors','0001_initial','2025-03-14 09:59:32.783218'),(26,'vendors','0002_vendor_place_id','2025-04-01 03:44:04.208977'),(27,'vendors','0003_alter_order_token_no_alter_order_unique_together','2025-04-01 10:13:02.692628'),(28,'vendors','0004_adminoutlet_vendor_location_id_vendor_logo_and_more','2025-04-03 05:26:40.857160'),(29,'vendors','0005_vendoradvertisement_vendormenu','2025-04-04 10:57:52.559870'),(30,'vendors','0005_vendor_ads_vendor_menus','2025-04-07 04:17:23.857472'),(31,'vendors','0006_feedback','2025-04-10 09:46:09.892918'),(32,'vendors','0007_remove_feedback_order_feedback_vendor','2025-04-10 10:03:08.037469'),(33,'vendors','0008_feedback_category_feedback_feedback_type_and_more','2025-04-22 04:56:15.771841'),(34,'vendors','0009_alter_feedback_category_alter_feedback_feedback_type','2025-04-22 04:56:15.782442'),(35,'vendors','0010_order_notified_at','2025-04-23 12:09:25.461334'),(36,'vendors','0011_order_shown_on_tv','2025-05-06 11:21:05.089892'),(37,'vendors','0012_adminoutlet_customer_address_and_more','2025-05-14 11:53:36.298737'),(38,'vendors','0013_remove_adminoutlet_address_remove_adminoutlet_email_and_more','2025-05-14 12:08:04.240617'),(39,'vendors','0014_adminoutlet_user','2025-05-16 11:31:39.517374'),(40,'vendors','0015_remove_adminoutlet_password_and_more','2025-05-19 07:34:35.323318'),(41,'vendors','0016_adminoutlet_android_apk_count_and_more','2025-05-19 10:06:49.387779'),(42,'vendors','0017_androiddevice','2025-05-20 11:27:06.464330'),(43,'vendors','0018_androiddevice_mac_address','2025-05-22 08:35:57.476465'),(44,'vendors','0019_androiddevice_customer_androiddevice_updated_at_and_more','2025-05-22 08:47:33.557549'),(45,'vendors','0020_alter_order_token_no','2025-05-22 11:00:03.744819'),(46,'vendors','0021_alter_vendor_location_id','2025-05-22 12:20:21.010300'),(47,'vendors','0022_alter_androiddevice_mac_address','2025-05-23 06:34:45.705513'),(48,'vendors','0023_device_customer_alter_device_serial_no_and_more','2025-05-26 07:28:51.469815'),(49,'vendors','0024_rename_customer_device_admin_outlet','2025-05-26 07:31:15.780640'),(50,'vendors','0025_rename_customer_androiddevice_admin_outlet','2025-05-26 07:32:50.353376'),(51,'vendors','0026_alter_order_token_no','2025-05-28 09:40:09.086454'),(52,'vendors','0027_vendor_user','2025-06-02 08:52:01.793267'),(53,'vendors','0028_siteconfig','2025-06-04 05:42:33.783113'),(54,'vendors','0029_vendor_alias_name','2025-06-09 08:48:49.935647'),(55,'vendors','0030_alter_androiddevice_vendor_alter_device_admin_outlet_and_more','2025-06-19 06:00:11.368704'),(56,'vendors','0031_remove_advertisementimage_vendor_and_more','2025-06-19 06:52:49.200953'),(57,'vendors','0032_delete_advertisementimage','2025-06-19 07:00:07.400360'),(58,'vendors','0033_advertisementimage','2025-06-19 07:07:00.402196'),(59,'vendors','0034_advertisementprofile','2025-06-20 08:56:48.007072'),(60,'vendors','0035_advertisementprofile_admin_outlet','2025-06-20 09:46:12.368819'),(61,'vendors','0036_alter_advertisementprofile_admin_outlet','2025-06-20 09:46:54.378670'),(62,'vendors','0037_advertisementprofileassignment','2025-06-24 04:28:51.413700'),(63,'vendors','0038_adminoutlet_auto_delete_hours_and_more','2025-06-30 11:05:07.778043'),(64,'vendors','0039_archivedorder','2025-06-30 11:07:48.055214'),(65,'vendors','0040_archivedorder_device_and_more','2025-07-08 05:02:16.154552'),(66,'vendors','0041_alter_order_updated_by','2025-07-14 10:33:38.457006'),(67,'vendors','0042_userprofile','2025-07-14 12:00:20.491680'),(68,'vendors','0043_archivedorder_user_profile_order_user_profile_and_more','2025-07-15 04:59:32.436335'),(69,'vendors','0044_androiddevice_user_profile','2025-07-15 06:28:55.906435'),(70,'vendors','0045_remove_androiddevice_user_profile','2025-07-15 06:43:56.639995'),(71,'vendors','0046_androidapk','2025-07-15 06:46:56.195521'),(72,'vendors','0047_userprofile_name','2025-07-15 06:59:53.464760'),(73,'vendors','0048_alter_userprofile_user','2025-07-15 07:13:09.365009'),(74,'vendors','0049_androidapk_apk_version','2025-07-16 06:33:58.371420'),(75,'token_blacklist','0001_initial','2025-07-16 06:45:31.970526'),(76,'token_blacklist','0002_outstandingtoken_jti_hex','2025-07-16 06:45:31.997937'),(77,'token_blacklist','0003_auto_20171017_2007','2025-07-16 06:45:32.023663'),(78,'token_blacklist','0004_auto_20171017_2013','2025-07-16 06:45:32.067690'),(79,'token_blacklist','0005_remove_outstandingtoken_jti','2025-07-16 06:45:32.090178'),(80,'token_blacklist','0006_auto_20171017_2113','2025-07-16 06:45:32.112261'),(81,'token_blacklist','0007_auto_20171017_2214','2025-07-16 06:45:32.225741'),(82,'token_blacklist','0008_migrate_to_bigautofield','2025-07-16 06:45:32.429152'),(83,'token_blacklist','0010_fix_migrate_to_bigautofield','2025-07-16 06:45:32.522465'),(84,'token_blacklist','0011_linearizes_history','2025-07-16 06:45:32.525860'),(85,'token_blacklist','0012_alter_outstandingtoken_user','2025-07-16 06:45:32.566808'),(86,'vendors','0050_advertisementimage_created_at_and_more','2025-07-17 06:47:43.879607'),(87,'vendors','0051_alter_device_serial_no_alter_device_unique_together','2025-07-17 12:09:49.887986'),(88,'vendors','0052_alter_order_unique_together_order_created_date_and_more','2025-07-18 05:33:27.987778'),(89,'vendors','0053_archivedorder_created_date','2025-07-18 05:36:15.144367'),(90,'vendors','0054_chatmessage','2025-07-22 04:59:53.641305'),(91,'vendors','0055_chatmessage_is_send','2025-07-22 10:42:24.704621'),(92,'vendors','0056_alter_chatmessage_is_send','2025-07-22 10:42:42.043275');
/*!40000 ALTER TABLE `django_migrations` ENABLE KEYS */;
UNLOCK TABLES;

--
-- Table structure for table `django_session`
--

DROP TABLE IF EXISTS `django_session`;
/*!40101 SET @saved_cs_client     = @@character_set_client */;
/*!40101 SET character_set_client = utf8mb4 */;
CREATE TABLE `django_session` (
  `session_key` varchar(40) NOT NULL,
  `session_data` longtext NOT NULL,
  `expire_date` datetime(6) NOT NULL,
  PRIMARY KEY (`session_key`),
  KEY `django_session_expire_date_a5c62663` (`expire_date`)
) ENGINE=InnoDB DEFAULT CHARSET=utf8mb4 COLLATE=utf8mb4_unicode_ci;
/*!40101 SET character_set_client = @saved_cs_client */;

--
-- Dumping data for table `django_session`
--

LOCK TABLES `django_session` WRITE;
/*!40000 ALTER TABLE `django_session` DISABLE KEYS */;
INSERT INTO `django_session` VALUES ('02qoln8qez8rs4tsyhlh1q0421lhp87z','.eJxVjMsOwiAURP-FtSHyLi7d9xvIhcuVqoGktCvjvytJF7qcOWfmxQLsWwl7z2tYkF2YmNjpt4yQHrkOgneot8ZTq9u6RD4UftDO54b5eT3cv4MCvYy1y0JG55NySQAYUqS1VZ6MVSTTWRmkbzDktNXoI6JA78h6L6WZCNn7AxERODU:1uhL1g:Ot9BAmi_KgYoXYxpP5QyfGW5-pJKk_5X9MVdbGRA0vk','2025-08-14 04:36:20.900433'),('03sv3ab0z60k1z6vw4hsfm4hbe90fvld','.eJxVjDsOwjAQBe_iGln2rj8xJX3OYK1_OIAcKU4qxN1JpBTQzsx7b-ZpW6vfel78lNiVSc0uvzBQfOZ2mPSgdp95nNu6TIEfCT9t5-Oc8ut2tn8HlXrd14jWpiIHFFYVNJCkDYMDFaXC4gh1BmVAgyYCUtbZZMBpsfOiRSRkny_SXza4:1uhNfg:KqEh23-rMj6IudgbvjLepD9lk25GC3hHKK831uxJyFQ','2025-08-14 07:25:48.163249'),('0m92rdt1w34rbpyng98fz4fp0tt4zoxn','.eJxVjDsOwjAQBe_iGln2rj8xJX3OYK1_OIAcKU4qxN1JpBTQzsx7b-ZpW6vfel78lNiVSc0uvzBQfOZ2mPSgdp95nNu6TIEfCT9t5-Oc8ut2tn8HlXrd14jWpiIHFFYVNJCkDYMDFaXC4gh1BmVAgyYCUtbZZMBpsfOiRSRkny_SXza4:1uccJZ:EWJ7lOskCNNPHkTx7D9eocx-dmJ0qavy8xsJJU4tJkw','2025-08-01 04:03:17.629995'),('0nzeweavtyfodrtr2soxxy4qjxzwnqwy','.eJxVjEEOwiAQAP_C2ZAuCxQ8eu8byMJSqRqalPZk_Lsh6UGvM5N5i0DHXsLR8hYWFlcB4vLLIqVnrl3wg-p9lWmt-7ZE2RN52ianlfPrdrZ_g0Kt9K3DGfwAIxqYPXI2Fsl6qzkpJMWgCPWQrEZDSMZoB87kxOjcqICi-HwBrqA2pQ:1ubwFg:EM0jOIjIU8nox5Y4FUiocbPB33I8Cn9H5nS0-PTnbiw','2025-07-30 07:08:28.840851'),('11mbxgqyyrkefk1gw6cykzxlh0qgvf9y','.eJxVjDsOwjAQBe_iGln2rj8xJX3OYK1_OIAcKU4qxN1JpBTQzsx7b-ZpW6vfel78lNiVSc0uvzBQfOZ2mPSgdp95nNu6TIEfCT9t5-Oc8ut2tn8HlXrd14jWpiIHFFYVNJCkDYMDFaXC4gh1BmVAgyYCUtbZZMBpsfOiRSRkny_SXza4:1ubug2:yrhAvlYYooalHB0x5_D-ycNK_NSULOpEFDNZjXK4Zmg','2025-07-30 05:27:34.841835'),('17mh4os8zg5d1vgvqaxtd4lnc71pnt07','.eJxVjDsOwjAQBe_iGlneJf5R0ucM1npt4wBypDipEHeHSCmgfTPzXiLQttaw9byEKYmLABSn3zESP3LbSbpTu82S57YuU5S7Ig_a5Tin_Lwe7t9BpV6_NTN6MwAZrxgSn8FDTB6Ai-YhG2tddujYaVM8F8OYCBUCRnJotQLx_gABJDeh:1uGz4c:jwWfvHodGeDpUJXOiA1W0dpQTOuPJUajHl59mtz7DLQ','2025-06-02 11:54:26.720807'),('1cf7k66s0tfgyih3eghgqhgypsqgyj29','.eJxVjEEOwiAQRe_C2hCYAQGX7nsGMh0mUjU0Ke3KeHdt0oVu_3vvv1Smba1567LkqaiLsqhOv-NI_JC2k3Kndps1z21dplHvij5o18Nc5Hk93L-DSr1-62AJXBIHNoBniDYJOsEoKCF6Q8GTEc9oxSVDYBwmZvDRFsSzC6LeH9SKNrA:1uObWF:59fAiB6ew8SMWYQwyVyQmR68yxnrGo8wpT-EiLjw59I','2025-06-23 12:22:27.683657'),('1htbxa0dcxer1ljys3psf376fqok9pbz','.eJxVjjsOwyAQRO9CHSGWhQAp0_sM1npZxc7HSMZUUe4eW3KRtPNmnuatemrr2LcqSz9ldVGA6vQbDsQPmXeS7zTfiuYyr8s06L2iD1p1V7I8r0f3TzBSHbd1ALIuibMQrGcbIQk6wSgoIXpDwZMRzwjikiFrHCZm6yNkxLMLskm51bW8jqPo4fMF5Zw8kQ:1uWT7Q:jeDFvSEqC2yNZpc3s-PBelJboxliRxrKJTurrrt_U4o','2025-07-15 05:01:20.442893'),('25jkxcskqpnq9d8j8oalc6w2nijsolx7','.eJxVjjsOwyAQRO9CHSGWhQAp0_sM1npZxc7HSMZUUe4eW3KRtPNmnuatemrr2LcqSz9ldVGA6vQbDsQPmXeS7zTfiuYyr8s06L2iD1p1V7I8r0f3TzBSHbd1ALIuibMQrGcbIQk6wSgoIXpDwZMRzwjikiFrHCZm6yNkxLMLskm51bW8jqPo4fMF5Zw8kQ:1uSaBu:fFPz-XJzpQj8L_s5sP2pPxoJ6TudgpL7MtMKEPtq6AA','2025-07-04 11:45:54.701704'),('2iim7wd39d0py7v89yx2tgnpg77fzzvg','.eJxVjDsOwjAQBe_iGln2rj8xJX3OYK1_OIAcKU4qxN1JpBTQzsx7b-ZpW6vfel78lNiVSc0uvzBQfOZ2mPSgdp95nNu6TIEfCT9t5-Oc8ut2tn8HlXrd14jWpiIHFFYVNJCkDYMDFaXC4gh1BmVAgyYCUtbZZMBpsfOiRSRkny_SXza4:1ubeok:RPV59NdPVMkzB1ZtSFC5oe1C9DO-jZ6mQ0lzfFBPInQ','2025-07-29 12:31:30.629945'),('2kgho5rbpfx8hdbxnc86rtxzn49khl2m','.eJxVjDsOwjAQBe_iGln2rj8xJX3OYK1_OIAcKU4qxN1JpBTQzsx7b-ZpW6vfel78lNiVSc0uvzBQfOZ2mPSgdp95nNu6TIEfCT9t5-Oc8ut2tn8HlXrd14jWpiIHFFYVNJCkDYMDFaXC4gh1BmVAgyYCUtbZZMBpsfOiRSRkny_SXza4:1ucM3f:ns0BVN0EwBr0drEbbyD7IZFuNRdZOs8nOOsqwdFyolQ','2025-07-31 10:41:47.505153'),('30yqlcuzcu8gsvn02ec02fz3ocouakek','.eJxVjMsOwiAURP-FtSHyLi7d9xvIhcuVqoGktCvjvytJF7qcOWfmxQLsWwl7z2tYkF2YmNjpt4yQHrkOgneot8ZTq9u6RD4UftDO54b5eT3cv4MCvYy1y0JG55NySQAYUqS1VZ6MVSTTWRmkbzDktNXoI6JA78h6L6WZCNn7AxERODU:1uhKkk:hJdtff6bDt1lXJRPmbIuJdHYOBi15dATYbV98eo4-FY','2025-08-14 04:18:50.598238'),('31kef4e2nsiuzkaxypj024vjij8wki1t','.eJxVjEEOwiAQAP_C2ZAuCxQ8eu8byMJSqRqalPZk_Lsh6UGvM5N5i0DHXsLR8hYWFlcB4vLLIqVnrl3wg-p9lWmt-7ZE2RN52ianlfPrdrZ_g0Kt9K3DGfwAIxqYPXI2Fsl6qzkpJMWgCPWQrEZDSMZoB87kxOjcqICi-HwBrqA2pQ:1uLycW:CjfRMW_DFzBUNGHq7zENdlh3_UI3pzftGSG6MUx72IQ','2025-06-16 06:26:04.347341'),('39c61o9j8z8e0ng57w38wobcbsrvqa9t','.eJxVjDsOwjAQBe_iGln2rj8xJX3OYK1_OIAcKU4qxN1JpBTQzsx7b-ZpW6vfel78lNiVSc0uvzBQfOZ2mPSgdp95nNu6TIEfCT9t5-Oc8ut2tn8HlXrd14jWpiIHFFYVNJCkDYMDFaXC4gh1BmVAgyYCUtbZZMBpsfOiRSRkny_SXza4:1ucGsc:x8Hjd9LGUhobiE4y5wJ3lRWGvKaQCO7CJIWIOaGjhE8','2025-07-31 05:10:02.523677'),('3a3z7ckvl4p6rxiv56uuxfo3x9xxhpoi','.eJxVjEEOwiAQAP_C2ZAuCxQ8eu8byMJSqRqalPZk_Lsh6UGvM5N5i0DHXsLR8hYWFlcB4vLLIqVnrl3wg-p9lWmt-7ZE2RN52ianlfPrdrZ_g0Kt9K3DGfwAIxqYPXI2Fsl6qzkpJMWgCPWQrEZDSMZoB87kxOjcqICi-HwBrqA2pQ:1ugjEn:8ZZrtA4gaKo8k22N7xGCOysloBk8bcanw-VVitTR0Ac','2025-08-12 12:15:21.382732'),('3mvyeqi2u5x41oi0dd4fzddw995kbakk','.eJxVjEEOwiAQAP_C2ZAuCxQ8eu8byMJSqRqalPZk_Lsh6UGvM5N5i0DHXsLR8hYWFlcB4vLLIqVnrl3wg-p9lWmt-7ZE2RN52ianlfPrdrZ_g0Kt9K3DGfwAIxqYPXI2Fsl6qzkpJMWgCPWQrEZDSMZoB87kxOjcqICi-HwBrqA2pQ:1uCuNr:4HnEbKAI0o8H1MzTZ3S292CfMelRKTZHbNc9jXeF604','2025-05-22 06:05:27.928559'),('3qkp103crtksq1tc1cqt6hh5ma5zgj55','.eJxVjMsOwiAQRf-FtSG8B1y69xvIAINUDU1KuzL-uzbpQrf3nHNfLOK2trgNWuJU2JlJYKffMWF-UN9JuWO_zTzPfV2mxHeFH3Tw61zoeTncv4OGo31rW0EZBOk1aa2soABG1SRDpeCEhuCMAJeFMc5BKJosVu-99SIDYjLs_QHToTbZ:1ugFbe:5q8R8E4jim5K3nR9Kv3codWzhOGz-rg9XgkhRgMzHYk','2025-08-11 04:36:58.529510'),('4pf7a1twb8njwf7er79mbqxsvpfu6h29','.eJxVjMsOwiAQRf-FtSG8B1y69xvIAINUDU1KuzL-uzbpQrf3nHNfLOK2trgNWuJU2JlJYKffMWF-UN9JuWO_zTzPfV2mxHeFH3Tw61zoeTncv4OGo31rW0EZBOk1aa2soABG1SRDpeCEhuCMAJeFMc5BKJosVu-99SIDYjLs_QHToTbZ:1uhPSH:qdh8a_fmmyS84XGBU60F-35iR_SFMBZ7LfO5C5o9Gf8','2025-08-14 09:20:05.436019'),('4rn0xk9awwrylnqumx79gxdy9vvhiupm','.eJxVjEEOwiAQRe_C2hCYAQGX7nsGMh0mUjU0Ke3KeHdt0oVu_3vvv1Smba1567LkqaiLsqhOv-NI_JC2k3Kndps1z21dplHvij5o18Nc5Hk93L-DSr1-62AJXBIHNoBniDYJOsEoKCF6Q8GTEc9oxSVDYBwmZvDRFsSzC6LeH9SKNrA:1uOus6:kDlV4A7zsaHE_v-9yjFKuLbO4IOkQ3XUpJGhAeir65A','2025-06-24 09:02:18.315334'),('521ocfc2zg8cucc36y5c8rd9r95f46g4','.eJxVjDsOwjAQBe_iGln2rj8xJX3OYK1_OIAcKU4qxN1JpBTQzsx7b-ZpW6vfel78lNiVSc0uvzBQfOZ2mPSgdp95nNu6TIEfCT9t5-Oc8ut2tn8HlXrd14jWpiIHFFYVNJCkDYMDFaXC4gh1BmVAgyYCUtbZZMBpsfOiRSRkny_SXza4:1ubeeR:kYVj3FxgQZYP9CxrNca8DaxzYpIAPhZrJ1PmGbmXwro','2025-07-29 12:20:51.065538'),('56xlfxtjy99gz81qk0f4vtm0vwdjvn5j','.eJxVjEEOwiAQAP_C2ZAuCxQ8eu8byMJSqRqalPZk_Lsh6UGvM5N5i0DHXsLR8hYWFlcB4vLLIqVnrl3wg-p9lWmt-7ZE2RN52ianlfPrdrZ_g0Kt9K3DGfwAIxqYPXI2Fsl6qzkpJMWgCPWQrEZDSMZoB87kxOjcqICi-HwBrqA2pQ:1uM46s:Tcb8eSPPg5npiC_L43T5_NE-sk9tnE_H5_LOLuB_lHk','2025-06-16 12:17:46.679865'),('5b82clg9130c8jlo3tw1o2lcasj0cruz','.eJxVjjsOwyAQRO9CHSGWhQAp0_sM1npZxc7HSMZUUe4eW3KRtPNmnuatemrr2LcqSz9ldVGA6vQbDsQPmXeS7zTfiuYyr8s06L2iD1p1V7I8r0f3TzBSHbd1ALIuibMQrGcbIQk6wSgoIXpDwZMRzwjikiFrHCZm6yNkxLMLskm51bW8jqPo4fMF5Zw8kQ:1uZqOx:32R_rRg_7k6juyJybFgIQonddQc0xwesXfGhI8dKOdQ','2025-07-24 12:29:23.995866'),('5ddqlx76m5xquetdefwd9bc4x1bqne88','.eJxVjMsOwiAURP-FtSHyLi7d9xvIhcuVqoGktCvjvytJF7qcOWfmxQLsWwl7z2tYkF2YmNjpt4yQHrkOgneot8ZTq9u6RD4UftDO54b5eT3cv4MCvYy1y0JG55NySQAYUqS1VZ6MVSTTWRmkbzDktNXoI6JA78h6L6WZCNn7AxERODU:1uhN89:JFWnSBiXj6Xlr-ONtvcyTc5xlvPP564UuqrIt-6T8FY','2025-08-14 06:51:09.678853'),('5dlzbu9lsmj9wcenlwdgl7a5vitpsime','.eJxVjDsOwjAQBe_iGlneJf5R0ucM1npt4wBypDipEHeHSCmgfTPzXiLQttaw9byEKYmLABSn3zESP3LbSbpTu82S57YuU5S7Ig_a5Tin_Lwe7t9BpV6_NTN6MwAZrxgSn8FDTB6Ai-YhG2tddujYaVM8F8OYCBUCRnJotQLx_gABJDeh:1uGz5C:3W5BsdIxNkRlLqt0-RyXe_j6gKfzNb75PIpKZGLwT4Q','2025-06-02 11:55:02.490697'),('5gas9qrhsaiqmquwra449o3ifu82yrhq','e30:1uQ05M:9a5wPdwrm8qcyM_tNs4ZFnmCuSCo1T9hQMWFz1BERJg','2025-06-27 08:48:28.872305'),('5jpcw212v9m4obl375k638chqqxnpdgj','.eJxVjDsOwjAQBe_iGln2rj8xJX3OYK1_OIAcKU4qxN1JpBTQzsx7b-ZpW6vfel78lNiVSc0uvzBQfOZ2mPSgdp95nNu6TIEfCT9t5-Oc8ut2tn8HlXrd14jWpiIHFFYVNJCkDYMDFaXC4gh1BmVAgyYCUtbZZMBpsfOiRSRkny_SXza4:1ucGIm:DiANQ8mA_vC0JChnGHhHs1FMQiNsUdYKqRAEx4z3Bjk','2025-07-31 04:33:00.872912'),('5kijfhwpp7g6uvj1p6b0aflnzlhpnxoj','.eJxVjjsOwyAQRO9CHSGWhQAp0_sM1npZxc7HSMZUUe4eW3KRtPNmnuatemrr2LcqSz9ldVGA6vQbDsQPmXeS7zTfiuYyr8s06L2iD1p1V7I8r0f3TzBSHbd1ALIuibMQrGcbIQk6wSgoIXpDwZMRzwjikiFrHCZm6yNkxLMLskm51bW8jqPo4fMF5Zw8kQ:1uWWsR:WMc3P0FeZ5VHNJHuDvV0yGQPwYFMCIoj05YZ-sKMVro','2025-07-15 09:02:07.616137'),('5o1qye0hxg62ooi0mlm40obgj9j56bnq','.eJxVjDsOwjAQBe_iGln2rj8xJX3OYK1_OIAcKU4qxN1JpBTQzsx7b-ZpW6vfel78lNiVSc0uvzBQfOZ2mPSgdp95nNu6TIEfCT9t5-Oc8ut2tn8HlXrd14jWpiIHFFYVNJCkDYMDFaXC4gh1BmVAgyYCUtbZZMBpsfOiRSRkny_SXza4:1ucGql:Te2eba1TE9q4hCAUFOaiDNOnWHzM-71_iqVHN7OIxZ0','2025-07-31 05:08:07.413166'),('5tq5hfyk0ow4e83vlve1wy3fmaasyjed','.eJxVjjsOwyAQRO9CHSGWhQAp0_sM1npZxc7HSMZUUe4eW3KRtPNmnuatemrr2LcqSz9ldVGA6vQbDsQPmXeS7zTfiuYyr8s06L2iD1p1V7I8r0f3TzBSHbd1ALIuibMQrGcbIQk6wSgoIXpDwZMRzwjikiFrHCZm6yNkxLMLskm51bW8jqPo4fMF5Zw8kQ:1uUzt6:3V_r_fiI9EuzjfHcWnC7C2Y3x9J-P4Gfs-XvDrP2D6M','2025-07-11 03:36:28.393384'),('6efb0ith8ttvyictjuqunwa6ao1b9ni1','.eJxVjMsOwiAQRf-FtSG8B1y69xvIAINUDU1KuzL-uzbpQrf3nHNfLOK2trgNWuJU2JlJYKffMWF-UN9JuWO_zTzPfV2mxHeFH3Tw61zoeTncv4OGo31rW0EZBOk1aa2soABG1SRDpeCEhuCMAJeFMc5BKJosVu-99SIDYjLs_QHToTbZ:1ueVHe:-T_ZFzxqaU4inphb6caISelHJbzjZ9w6zzzRCM6Fu2o','2025-08-06 08:57:06.081562'),('6i2mnwrqzpr1ukfo9o67tjlhqs2vzmke','.eJxVjjsOwyAQRO9CHSGWhQAp0_sM1npZxc7HSMZUUe4eW3KRtPNmnuatemrr2LcqSz9ldVGA6vQbDsQPmXeS7zTfiuYyr8s06L2iD1p1V7I8r0f3TzBSHbd1ALIuibMQrGcbIQk6wSgoIXpDwZMRzwjikiFrHCZm6yNkxLMLskm51bW8jqPo4fMF5Zw8kQ:1ujEXn:_ZuWHkbToWsQ11pOpMewsMmaOTe425miFA5ASz6QOq4','2025-08-19 10:05:19.542484'),('7cxcsoa0cn8jay2a7bu90wew5iu90cod','.eJxVjjsOwyAQRO9CHSED5rMp0-cM1i4LsfMxkrGrKHePLVEk7ZuZp3mLAbd1HLaalmFicRbKidMvJIyPNB8J33G-FRnLvC4TyaMiW1rltXB6Xlr3TzBiHfe1x6iDV7ZPGZEp9BBChmAJEiA72wXOikk7JDA7N6lTjkAbD56sPqRxq2t5taPGqc8XPho94Q:1uetFP:CLnXjyUlFOJF_WCfH1Li99VFJrt2oVfiC-e5CmU1Eds','2025-08-07 10:32:23.899827'),('7kvywmxutdfwp2s8lutmi8hbviesz574','.eJxVjjsOwyAQRO9CHSGWhQAp0_sM1npZxc7HSMZUUe4eW3KRtPNmnuatemrr2LcqSz9ldVGA6vQbDsQPmXeS7zTfiuYyr8s06L2iD1p1V7I8r0f3TzBSHbd1ALIuibMQrGcbIQk6wSgoIXpDwZMRzwjikiFrHCZm6yNkxLMLskm51bW8jqPo4fMF5Zw8kQ:1uU2YN:FK5Rz0Hhf1V53nVPsgmrCuUexuYvuXQ2Qpj7lK3Oj2g','2025-07-08 12:15:07.588782'),('8ctnmq5u4jv9e3d4v1ghkx7jvzgn18kk','.eJxVjDsOwjAQBe_iGlneJf5R0ucM1npt4wBypDipEHeHSCmgfTPzXiLQttaw9byEKYmLABSn3zESP3LbSbpTu82S57YuU5S7Ig_a5Tin_Lwe7t9BpV6_NTN6MwAZrxgSn8FDTB6Ai-YhG2tddujYaVM8F8OYCBUCRnJotQLx_gABJDeh:1uHE9C:GeNCYWlnw0Ap889UDAAzd6rex9_910Bxhp7RnPlyBRA','2025-06-03 04:00:10.778372'),('8dd502l6matl5outejuctpbr39ubk8rf','.eJxVjjsOwyAQRO9CHSGWhQAp0_sM1npZxc7HSMZUUe4eW3KRtPNmnuatemrr2LcqSz9ldVGA6vQbDsQPmXeS7zTfiuYyr8s06L2iD1p1V7I8r0f3TzBSHbd1ALIuibMQrGcbIQk6wSgoIXpDwZMRzwjikiFrHCZm6yNkxLMLskm51bW8jqPo4fMF5Zw8kQ:1uV5dA:L54zP5isaLjAv2u4beCyEmLcENdro5QGhY7RaRCTh3M','2025-07-11 09:44:24.513314'),('8s1vixxx63s5iiz32zygwrx7e0zrp4xg','.eJxVjDsOwjAQBe_iGln2rj8xJX3OYK1_OIAcKU4qxN1JpBTQzsx7b-ZpW6vfel78lNiVSc0uvzBQfOZ2mPSgdp95nNu6TIEfCT9t5-Oc8ut2tn8HlXrd14jWpiIHFFYVNJCkDYMDFaXC4gh1BmVAgyYCUtbZZMBpsfOiRSRkny_SXza4:1ubtgn:JfsPEr0qVJA_wwIPGWCAbJbFl-KhBFKGta9JUt9HTXk','2025-07-30 04:24:17.300035'),('8terj8ix6goj6fterz2zock3dlwwl4ym','.eJxVjDsOwjAQBe_iGlneJf5R0ucM1npt4wBypDipEHeHSCmgfTPzXiLQttaw9byEKYmLABSn3zESP3LbSbpTu82S57YuU5S7Ig_a5Tin_Lwe7t9BpV6_NTN6MwAZrxgSn8FDTB6Ai-YhG2tddujYaVM8F8OYCBUCRnJotQLx_gABJDeh:1uMOiG:VSa2s8K9t9-xWE3X3MGcSAHN9kf1EvUJyfP-wRscqdI','2025-06-17 10:17:44.098147'),('900fwpfbalrjwkqhy0dwdlizx5wbmk5g','.eJxVjjsOwyAQRO9CHSGWhQAp0_sM1npZxc7HSMZUUe4eW3KRtPNmnuatemrr2LcqSz9ldVGA6vQbDsQPmXeS7zTfiuYyr8s06L2iD1p1V7I8r0f3TzBSHbd1ALIuibMQrGcbIQk6wSgoIXpDwZMRzwjikiFrHCZm6yNkxLMLskm51bW8jqPo4fMF5Zw8kQ:1ua4P8:SMdl1e3pVQHMSYA-e6fX3mqT_fO9KONNwM6KxDjhFOc','2025-07-25 03:26:30.441186'),('9g7htxrsy8h27e5y2t1l5tg6a7ol73s8','.eJxVjjsOwyAQRO9CHSF2YzCkTO8zWMsCwfkYydhVlLvHliiSdt7M07zFSNuax63GZZyCuAgtTr-ZJ37E-QDhTvOtSC7zukxeHhXZaJVDCfF5bd0_Qaaa9zUzOtMBGacYAp_BgQ8OgJPmLpq-t9GiZatNcpwMYyBUCOjJYq8V7FLe6lpe7Seg_nwB_a49Uw:1ujESm:HjTQK3enB0FL85q_7Iqu2kulYahhPLmMcT1dReiXG2s','2025-08-19 10:00:08.818772'),('9n5nyucs2moaj1yfy7keioxo23qstw5d','.eJxVjDsOwjAQBe_iGlneJf5R0ucM1npt4wBypDipEHeHSCmgfTPzXiLQttaw9byEKYmLABSn3zESP3LbSbpTu82S57YuU5S7Ig_a5Tin_Lwe7t9BpV6_NTN6MwAZrxgSn8FDTB6Ai-YhG2tddujYaVM8F8OYCBUCRnJotQLx_gABJDeh:1uMQQo:O1Nsa45s4P_N-auzDb1jg-e1Dz2B3fEKv73MlaP4P_s','2025-06-17 12:07:50.677406'),('9vimkpwcqd43pgapugjjnhwj3xdfscf8','.eJxVjMsOwiAQRf-FtSG8B1y69xvIAINUDU1KuzL-uzbpQrf3nHNfLOK2trgNWuJU2JlJYKffMWF-UN9JuWO_zTzPfV2mxHeFH3Tw61zoeTncv4OGo31rW0EZBOk1aa2soABG1SRDpeCEhuCMAJeFMc5BKJosVu-99SIDYjLs_QHToTbZ:1uj9C2:lq08ZAH8bpkf3Qs-bU3Moy5mvF01Ageytz3Nk8K1smA','2025-08-19 04:22:30.348484'),('anvbfrzha0c0n8i3j0dm0iwttd7gszi2','.eJxVjjsOwyAQRO9CHSGWhQAp0_sM1npZxc7HSMZUUe4eW3KRtPNmnuatemrr2LcqSz9ldVGA6vQbDsQPmXeS7zTfiuYyr8s06L2iD1p1V7I8r0f3TzBSHbd1ALIuibMQrGcbIQk6wSgoIXpDwZMRzwjikiFrHCZm6yNkxLMLskm51bW8jqPo4fMF5Zw8kQ:1uYh9A:zgavPUmbI3k9vjBUDvpvgXYUgzad7R9y3-q-wk0bBGs','2025-07-21 08:24:20.665202'),('ao6ze28oprqflo0v0ymqk1c8eti3bdnu','.eJxVjjsOwyAQRO9CHSGWhQAp0_sM1npZxc7HSMZUUe4eW3KRtPNmnuatemrr2LcqSz9ldVGA6vQbDsQPmXeS7zTfiuYyr8s06L2iD1p1V7I8r0f3TzBSHbd1ALIuibMQrGcbIQk6wSgoIXpDwZMRzwjikiFrHCZm6yNkxLMLskm51bW8jqPo4fMF5Zw8kQ:1uRqTI:inFgturgtxXOaYPM2JJo-Z5KTqXOam8PHOffIiR5Yyg','2025-07-02 10:56:48.481441'),('aowb1i6w5slc4kjdk0a6aw7vwdwaw88b','.eJxVjjsOwyAQRO9CHSGWhQAp0_sM1npZxc7HSMZUUe4eW3KRtPNmnuatemrr2LcqSz9ldVGA6vQbDsQPmXeS7zTfiuYyr8s06L2iD1p1V7I8r0f3TzBSHbd1ALIuibMQrGcbIQk6wSgoIXpDwZMRzwjikiFrHCZm6yNkxLMLskm51bW8jqPo4fMF5Zw8kQ:1uPHf0:BtOk0MxBnPTnq3jFvVtYCsZrYJNky4ZAlYVpjqQCCQs','2025-06-25 09:22:18.509128'),('awol389xgqs648r9u3cd6um43x3mzphr','.eJxVjDsOwjAQBe_iGln2rj8xJX3OYK1_OIAcKU4qxN1JpBTQzsx7b-ZpW6vfel78lNiVSc0uvzBQfOZ2mPSgdp95nNu6TIEfCT9t5-Oc8ut2tn8HlXrd14jWpiIHFFYVNJCkDYMDFaXC4gh1BmVAgyYCUtbZZMBpsfOiRSRkny_SXza4:1ucHNN:xICXWaAgwcYKmCWga-B_uv_FEq6OC6CcrGnaACwj2SQ','2025-07-31 05:41:49.377508'),('ax4z3kr1593u7qlgj4h6wlw0slcp814v','.eJxVjMsOwiAQRf-FtSG8B1y69xvIAINUDU1KuzL-uzbpQrf3nHNfLOK2trgNWuJU2JlJYKffMWF-UN9JuWO_zTzPfV2mxHeFH3Tw61zoeTncv4OGo31rW0EZBOk1aa2soABG1SRDpeCEhuCMAJeFMc5BKJosVu-99SIDYjLs_QHToTbZ:1ugFYv:JDk74oBccGRaLrvTlfO1IhrliifSzdYHmbVGbeqX3IQ','2025-08-11 04:34:09.691452'),('axc2d2gk9tsguu6h99mngwys1enxeg2v','.eJxVjjsOwyAQRO9CHSGWhQAp0_sM1npZxc7HSMZUUe4eW3KRtPNmnuatemrr2LcqSz9ldVGA6vQbDsQPmXeS7zTfiuYyr8s06L2iD1p1V7I8r0f3TzBSHbd1ALIuibMQrGcbIQk6wSgoIXpDwZMRzwjikiFrHCZm6yNkxLMLskm51bW8jqPo4fMF5Zw8kQ:1uPenk:wzCkteRnt2_tNEGIHA8WMLJX8tGbt3Zyn5tuQtWP0sA','2025-06-26 10:04:52.326338'),('b2flw2ei7v5m6txxd3i0a38nooemry1g','.eJxVjMsOwiAURP-FtSHyLi7d9xvIhcuVqoGktCvjvytJF7qcOWfmxQLsWwl7z2tYkF2YmNjpt4yQHrkOgneot8ZTq9u6RD4UftDO54b5eT3cv4MCvYy1y0JG55NySQAYUqS1VZ6MVSTTWRmkbzDktNXoI6JA78h6L6WZCNn7AxERODU:1uhOPR:OjgZBqX_FzlG_t4p1S1L2AnSTr18kxxJBm5bJfq2lJ4','2025-08-14 08:13:05.392387'),('bmdi2rg15hqs2ckdvsakwok7h63ltz48','.eJxVjjsOwyAQRO9CHSED5rMp0-cM1i4LsfMxkrGrKHePLVEk7ZuZp3mLAbd1HLaalmFicRbKidMvJIyPNB8J33G-FRnLvC4TyaMiW1rltXB6Xlr3TzBiHfe1x6iDV7ZPGZEp9BBChmAJEiA72wXOikk7JDA7N6lTjkAbD56sPqRxq2t5taPGqc8XPho94Q:1ue6r7:ZMq0MFvHOeLZCzDD12ooH-hxWYOrpG9hykaTTEJiWEg','2025-08-05 06:52:05.717528'),('bwk33r56ew2bznhcp29kwnsw9fz199i4','.eJxVjDsOwjAQBe_iGln2rj8xJX3OYK1_OIAcKU4qxN1JpBTQzsx7b-ZpW6vfel78lNiVSc0uvzBQfOZ2mPSgdp95nNu6TIEfCT9t5-Oc8ut2tn8HlXrd14jWpiIHFFYVNJCkDYMDFaXC4gh1BmVAgyYCUtbZZMBpsfOiRSRkny_SXza4:1ueVS6:w4yqgIFbEvtJKRvcXPfWyxmXHkD4E79OsD2cquAUg_U','2025-08-06 09:07:54.973381'),('c4vlex1ycyc9lug5g02j8l323ovdecwf','.eJxVjjsOwyAQRO9CHSGWhQAp0_sM1npZxc7HSMZUUe4eW3KRtPNmnuatemrr2LcqSz9ldVGA6vQbDsQPmXeS7zTfiuYyr8s06L2iD1p1V7I8r0f3TzBSHbd1ALIuibMQrGcbIQk6wSgoIXpDwZMRzwjikiFrHCZm6yNkxLMLskm51bW8jqPo4fMF5Zw8kQ:1uTzDO:UN39etH8tpW77351Fz6UTdrRHDNAhBXHItgezk0XQ6w','2025-07-08 08:41:14.128712'),('cbf22zoxelinqmkfm8lqhrntxojucqp3','.eJxVjjsOwyAQRO9CHSED5rMp0-cM1i4LsfMxkrGrKHePLVEk7ZuZp3mLAbd1HLaalmFicRbKidMvJIyPNB8J33G-FRnLvC4TyaMiW1rltXB6Xlr3TzBiHfe1x6iDV7ZPGZEp9BBChmAJEiA72wXOikk7JDA7N6lTjkAbD56sPqRxq2t5taPGqc8XPho94Q:1ugMLo:OH0zZigMzcAtuGyOj9adayDc3zdNIgfsAhOiIQY7aCo','2025-08-11 11:49:04.074096'),('cfyumjp1wyglpaow4so8stqmismuwx1d','e30:1uIKVJ:AWwdZcloO1VFyTK52dPz4L9M5h05zDOsHHo9EkUUvxY','2025-06-06 04:59:33.705357'),('cjasmmh9y55q4cin7ur1jaa0bm27f8j5','.eJxVjEEOwiAQAP_C2ZAuCxQ8eu8byMJSqRqalPZk_Lsh6UGvM5N5i0DHXsLR8hYWFlcB4vLLIqVnrl3wg-p9lWmt-7ZE2RN52ianlfPrdrZ_g0Kt9K3DGfwAIxqYPXI2Fsl6qzkpJMWgCPWQrEZDSMZoB87kxOjcqICi-HwBrqA2pQ:1u8AGf:WnZgBRoHQwKZi6i5xhIvROAHTA8g2u7cuAPHj6KBVB4','2025-05-09 04:02:25.971905'),('ckraksesnat2f0fzcdk8wk3k9fw10xo0','.eJxVjDsOwjAQBe_iGln2rj8xJX3OYK1_OIAcKU4qxN1JpBTQzsx7b-ZpW6vfel78lNiVSc0uvzBQfOZ2mPSgdp95nNu6TIEfCT9t5-Oc8ut2tn8HlXrd14jWpiIHFFYVNJCkDYMDFaXC4gh1BmVAgyYCUtbZZMBpsfOiRSRkny_SXza4:1ubd9c:nCirsPzmM84dwrPkY01o5F22LTvNqhe6DPRA5OH2uow','2025-07-29 10:44:56.174959'),('d3r11foppr9wqjizf0x6t3d1yeeenkbn','.eJxVjEEOwiAQAP_C2ZAuCxQ8eu8byMJSqRqalPZk_Lsh6UGvM5N5i0DHXsLR8hYWFlcB4vLLIqVnrl3wg-p9lWmt-7ZE2RN52ianlfPrdrZ_g0Kt9K3DGfwAIxqYPXI2Fsl6qzkpJMWgCPWQrEZDSMZoB87kxOjcqICi-HwBrqA2pQ:1u0CvY:LVf4ADuGgMnyfUtM1JK0wAXR4HmWumCHcbTJlmxaUkI','2025-04-17 05:15:44.332461'),('d8zfdkifltzs5ml9w9ifsdx8u1o2m61d','.eJxVjEEOwiAQAP_C2ZAuCxQ8eu8byMJSqRqalPZk_Lsh6UGvM5N5i0DHXsLR8hYWFlcB4vLLIqVnrl3wg-p9lWmt-7ZE2RN52ianlfPrdrZ_g0Kt9K3DGfwAIxqYPXI2Fsl6qzkpJMWgCPWQrEZDSMZoB87kxOjcqICi-HwBrqA2pQ:1ufFIf:R-hRGMt6DWIfRDp_fVMQYa1JlGUeEOTlcWwTnS9-iug','2025-08-08 10:05:13.059499'),('dg7zah9wi400yguipq2wq7og7p70swdp','.eJxVjDsOwjAQBe_iGlneJf5R0ucM1npt4wBypDipEHeHSCmgfTPzXiLQttaw9byEKYmLABSn3zESP3LbSbpTu82S57YuU5S7Ig_a5Tin_Lwe7t9BpV6_NTN6MwAZrxgSn8FDTB6Ai-YhG2tddujYaVM8F8OYCBUCRnJotQLx_gABJDeh:1uI1iI:uzh4CXL0jre8CihOqonmhPqkcfVku1IbyIynFr0Vq8Y','2025-06-05 08:55:42.298513'),('edtox458td1pjbvrswe6n23cxcfspczi','.eJxVjjsOwyAQRO9CHSGWhQAp0_sM1npZxc7HSMZUUe4eW3KRtPNmnuatemrr2LcqSz9ldVGA6vQbDsQPmXeS7zTfiuYyr8s06L2iD1p1V7I8r0f3TzBSHbd1ALIuibMQrGcbIQk6wSgoIXpDwZMRzwjikiFrHCZm6yNkxLMLskm51bW8jqPo4fMF5Zw8kQ:1uZ070:piQf_cI0vQp6eQpn1FK7CFe1FAKCNibTyi56U3GoZGY','2025-07-22 04:39:22.048316'),('ek5od33qp6j9ilnfnicb228dig6ax0ug','.eJxVjEEOwiAQAP_C2ZAuCxQ8eu8byMJSqRqalPZk_Lsh6UGvM5N5i0DHXsLR8hYWFlcB4vLLIqVnrl3wg-p9lWmt-7ZE2RN52ianlfPrdrZ_g0Kt9K3DGfwAIxqYPXI2Fsl6qzkpJMWgCPWQrEZDSMZoB87kxOjcqICi-HwBrqA2pQ:1uBp50:gbjQBRKog97XKDl7y7FQuUPKbbxpIT7jfiPQtSSOTT8','2025-05-19 06:13:30.484535'),('emzwri61utib723tfzf1elzc98j5x3o4','.eJxVjDsOwjAQBe_iGln2rj8xJX3OYK1_OIAcKU4qxN1JpBTQzsx7b-ZpW6vfel78lNiVSc0uvzBQfOZ2mPSgdp95nNu6TIEfCT9t5-Oc8ut2tn8HlXrd14jWpiIHFFYVNJCkDYMDFaXC4gh1BmVAgyYCUtbZZMBpsfOiRSRkny_SXza4:1ucMqx:W_qKvS4JRSnLZbCZR7HHgoigWW2_O5jycu9Mew88tRI','2025-07-31 11:32:43.504766'),('ep1rwfy5l2r74ayyrh7tk7pb3xfndckj','e30:1uGrMn:F-Srh_GXNYKxoN3Z06hN1S8MCm1T7fptcjQORqBp8Kw','2025-06-02 03:40:41.321292'),('eqikh1xmxcstq1tr9cvhb1bbngssm6v7','.eJxVjDsOwjAQBe_iGln2rj8xJX3OYK1_OIAcKU4qxN1JpBTQzsx7b-ZpW6vfel78lNiVSc0uvzBQfOZ2mPSgdp95nNu6TIEfCT9t5-Oc8ut2tn8HlXrd14jWpiIHFFYVNJCkDYMDFaXC4gh1BmVAgyYCUtbZZMBpsfOiRSRkny_SXza4:1ubtP3:q1J-0xNyxyLjC9QT9FZ-506VjPPYExHt43NF8l4GcZs','2025-07-30 04:05:57.843838'),('evlo9c9m3toh2vnx1fq1bjbxxkdytq1d','.eJxVjEEOwiAQAP_C2ZAuCxQ8eu8byMJSqRqalPZk_Lsh6UGvM5N5i0DHXsLR8hYWFlcB4vLLIqVnrl3wg-p9lWmt-7ZE2RN52ianlfPrdrZ_g0Kt9K3DGfwAIxqYPXI2Fsl6qzkpJMWgCPWQrEZDSMZoB87kxOjcqICi-HwBrqA2pQ:1uM0uH:MqBT07zWqqjbPGHpDOAprfJTNQURk2pQZofZfTzRAm4','2025-06-16 08:52:33.155931'),('ex7oo0txpszy0mmxgeuh3zf8exnjl9j0','.eJxVjMsOwiAURP-FtSHyLi7d9xvIhcuVqoGktCvjvytJF7qcOWfmxQLsWwl7z2tYkF2YmNjpt4yQHrkOgneot8ZTq9u6RD4UftDO54b5eT3cv4MCvYy1y0JG55NySQAYUqS1VZ6MVSTTWRmkbzDktNXoI6JA78h6L6WZCNn7AxERODU:1uhN5D:CHlMaUJcRougKeHRkXaltZC64Wr4PYiFXPrmsF_ZpGA','2025-08-14 06:48:07.561441'),('f8bdn9u0dq7jpwxy7c437pguzfj21a5p','.eJxVjjsOwyAQRO9CHSGWhQAp0_sM1npZxc7HSMZUUe4eW3KRtPNmnuatemrr2LcqSz9ldVGA6vQbDsQPmXeS7zTfiuYyr8s06L2iD1p1V7I8r0f3TzBSHbd1ALIuibMQrGcbIQk6wSgoIXpDwZMRzwjikiFrHCZm6yNkxLMLskm51bW8jqPo4fMF5Zw8kQ:1uXHLf:5y-YFq2a0BVXF692r8FdeakTG9p_gfmGhaNqMpBUkEk','2025-07-17 10:39:23.976935'),('g3k3ui7no2d9qy34zcm0w8mo3ppjmikn','.eJxVjjsOwyAQRO9CHSGWhQAp0_sM1npZxc7HSMZUUe4eW3KRtPNmnuatemrr2LcqSz9ldVGA6vQbDsQPmXeS7zTfiuYyr8s06L2iD1p1V7I8r0f3TzBSHbd1ALIuibMQrGcbIQk6wSgoIXpDwZMRzwjikiFrHCZm6yNkxLMLskm51bW8jqPo4fMF5Zw8kQ:1uWBzi:uBbMHcgyvGGHvZu139Pg4SN1yaW-3TZ-pKFfIMvawKw','2025-07-14 10:44:14.570335'),('gd8y6jk1tal3xuerucp9pbr9uqsmuhs6','.eJxVjDsOwjAQBe_iGln2rj8xJX3OYK1_OIAcKU4qxN1JpBTQzsx7b-ZpW6vfel78lNiVSc0uvzBQfOZ2mPSgdp95nNu6TIEfCT9t5-Oc8ut2tn8HlXrd14jWpiIHFFYVNJCkDYMDFaXC4gh1BmVAgyYCUtbZZMBpsfOiRSRkny_SXza4:1ueVy7:MV5Aj7kx43qfvti5Trid9vImdAL5TqWN_lI3CJu2ll4','2025-08-06 09:40:59.473755'),('gp2ru95qpkl54olx4qrcfzd1v772y1f1','.eJxVjjsOwyAQRO9CHSGWhQAp0_sM1npZxc7HSMZUUe4eW3KRtPNmnuatemrr2LcqSz9ldVGA6vQbDsQPmXeS7zTfiuYyr8s06L2iD1p1V7I8r0f3TzBSHbd1ALIuibMQrGcbIQk6wSgoIXpDwZMRzwjikiFrHCZm6yNkxLMLskm51bW8jqPo4fMF5Zw8kQ:1uWpGD:s_7j4ij8kkgL-qcGhJnEer6GdJn9PS2Q-ny6xnyogBE','2025-07-16 04:39:53.434566'),('hgktkw0bzcexdimem94vg6mv6zmvv19v','.eJxVjjsOwyAQRO9CHSGWhQAp0_sM1npZxc7HSMZUUe4eW3KRtPNmnuatemrr2LcqSz9ldVGA6vQbDsQPmXeS7zTfiuYyr8s06L2iD1p1V7I8r0f3TzBSHbd1ALIuibMQrGcbIQk6wSgoIXpDwZMRzwjikiFrHCZm6yNkxLMLskm51bW8jqPo4fMF5Zw8kQ:1uUH0m:Qn_RC3qfUaIqtErBo_OrKvQWpWiZ8oNHKVzMMdPdoYk','2025-07-09 03:41:24.760428'),('i67o3bf7z0hvj0w53jrgirgtvjnak43t','.eJxVjDsOwjAQBe_iGln2rj8xJX3OYK1_OIAcKU4qxN1JpBTQzsx7b-ZpW6vfel78lNiVSc0uvzBQfOZ2mPSgdp95nNu6TIEfCT9t5-Oc8ut2tn8HlXrd14jWpiIHFFYVNJCkDYMDFaXC4gh1BmVAgyYCUtbZZMBpsfOiRSRkny_SXza4:1ufFTs:9siPAGuSEG2BdafQgU2Q1MpkkthHRkoWbNNBNxXfmuI','2025-08-08 10:16:48.412070'),('igj6u2y9umr4wsulguauxdpaniwfx3h0','.eJxVjEEOwiAQRe_C2hCYAQGX7nsGMh0mUjU0Ke3KeHdt0oVu_3vvv1Smba1567LkqaiLsqhOv-NI_JC2k3Kndps1z21dplHvij5o18Nc5Hk93L-DSr1-62AJXBIHNoBniDYJOsEoKCF6Q8GTEc9oxSVDYBwmZvDRFsSzC6LeH9SKNrA:1uNUwi:eE8JL8KUPh5dX2VBSKU3ras5JB4tudYSs5RUvKhl_kY','2025-06-20 11:09:12.356889'),('im4yreg34b75h3bzhwhz0syw0fvagncf','.eJxVjDsOwjAQBe_iGln2rj8xJX3OYK1_OIAcKU4qxN1JpBTQzsx7b-ZpW6vfel78lNiVSc0uvzBQfOZ2mPSgdp95nNu6TIEfCT9t5-Oc8ut2tn8HlXrd14jWpiIHFFYVNJCkDYMDFaXC4gh1BmVAgyYCUtbZZMBpsfOiRSRkny_SXza4:1uc1Gm:zaDrrLLw1tvB374EkkSjpUpqZi5WQudopJAvIwUiuig','2025-07-30 12:29:56.809156'),('intzwilzgb0m4srw24sshhe5nl5s74h2','.eJxVjEEOwiAQAP_C2ZAuCxQ8eu8byMJSqRqalPZk_Lsh6UGvM5N5i0DHXsLR8hYWFlcB4vLLIqVnrl3wg-p9lWmt-7ZE2RN52ianlfPrdrZ_g0Kt9K3DGfwAIxqYPXI2Fsl6qzkpJMWgCPWQrEZDSMZoB87kxOjcqICi-HwBrqA2pQ:1u0fCp:MGy5IS4i8Rh34VfVoJrQZcvwIjFCY92AM2t9hJiaAM0','2025-04-18 11:27:27.955874'),('isvp5x2gbko9q7scyhhji0uv7kleih66','.eJxVjjsOwyAQRO9CHSGWhQAp0_sM1npZxc7HSMZUUe4eW3KRtPNmnuatemrr2LcqSz9ldVGA6vQbDsQPmXeS7zTfiuYyr8s06L2iD1p1V7I8r0f3TzBSHbd1ALIuibMQrGcbIQk6wSgoIXpDwZMRzwjikiFrHCZm6yNkxLMLskm51bW8jqPo4fMF5Zw8kQ:1uYjUm:Hn_ZiFYhXCpXADg0ENaCM9bGIQ7k9IDSFEM_z_mvpnw','2025-07-21 10:54:48.358588'),('iy915d2x2huf1cg2l0n0emqh7li7y6d7','.eJxVjjsOwyAQRO9CHSGWhQAp0_sM1npZxc7HSMZUUe4eW3KRtPNmnuatemrr2LcqSz9ldVGA6vQbDsQPmXeS7zTfiuYyr8s06L2iD1p1V7I8r0f3TzBSHbd1ALIuibMQrGcbIQk6wSgoIXpDwZMRzwjikiFrHCZm6yNkxLMLskm51bW8jqPo4fMF5Zw8kQ:1uSUNa:byQ1e07I7FwRily95B2A6tTPO8xH4Nn9fGENsb1C0zA','2025-07-04 05:33:34.285537'),('iysv0krqjpe5w8qfge8v434r3xlsophe','e30:1uQ06O:vejjwNkvvpzh1I-4IasajJn2Ndmy77-n5Ot0FJji6A0','2025-06-27 08:49:32.271360'),('iz7ctcb71o8kmd3m03vr7ecqt1ak6r9b','.eJxVjEEOwiAQRe_C2hCYAQGX7nsGMh0mUjU0Ke3KeHdt0oVu_3vvv1Smba1567LkqaiLsqhOv-NI_JC2k3Kndps1z21dplHvij5o18Nc5Hk93L-DSr1-62AJXBIHNoBniDYJOsEoKCF6Q8GTEc9oxSVDYBwmZvDRFsSzC6LeH9SKNrA:1uOurJ:IFdpueCxy7T6gXC7gvarBN6QJ5Dc8q91rFa-bDLC-7E','2025-06-24 09:01:29.496125'),('jd7aw7k764i08dvhqbkla1jmdpizbmqg','.eJxVjjsOwyAQRO9CHSED5rMp0-cM1i4LsfMxkrGrKHePLVEk7ZuZp3mLAbd1HLaalmFicRbKidMvJIyPNB8J33G-FRnLvC4TyaMiW1rltXB6Xlr3TzBiHfe1x6iDV7ZPGZEp9BBChmAJEiA72wXOikk7JDA7N6lTjkAbD56sPqRxq2t5taPGqc8XPho94Q:1uc0A5:pMWdgyZvr_nRCmZopvCuW1-NTSWzZNsFcA8e2zFRyW4','2025-07-30 11:18:57.482975'),('ju1j9htmkacf1omrbzm4llfog7bcun27','.eJxVjjsOwyAQRO9CHSGWhQAp0_sM1npZxc7HSMZUUe4eW3KRtPNmnuatemrr2LcqSz9ldVGA6vQbDsQPmXeS7zTfiuYyr8s06L2iD1p1V7I8r0f3TzBSHbd1ALIuibMQrGcbIQk6wSgoIXpDwZMRzwjikiFrHCZm6yNkxLMLskm51bW8jqPo4fMF5Zw8kQ:1uSDX8:7p-BvhdKSop98ViDw-VIxL_uRxOBQR_rYmC2tsdncc0','2025-07-03 11:34:18.069623'),('jw0wiq86xx4d2mav1mcufyj3dutyf3y5','.eJxVjjsOwyAQRO9CHSGWhQAp0_sM1npZxc7HSMZUUe4eW3KRtPNmnuatemrr2LcqSz9ldVGA6vQbDsQPmXeS7zTfiuYyr8s06L2iD1p1V7I8r0f3TzBSHbd1ALIuibMQrGcbIQk6wSgoIXpDwZMRzwjikiFrHCZm6yNkxLMLskm51bW8jqPo4fMF5Zw8kQ:1uSUZR:ZVD2c1BV3Jt8Xul7JPx2mUXScML4kG5GQQdF2AioFpA','2025-07-04 05:45:49.860853'),('k9taq91hiprs2bbsr4q1rqv5202psmgo','.eJxVjDsOwjAQBe_iGlneJf5R0ucM1npt4wBypDipEHeHSCmgfTPzXiLQttaw9byEKYmLABSn3zESP3LbSbpTu82S57YuU5S7Ig_a5Tin_Lwe7t9BpV6_NTN6MwAZrxgSn8FDTB6Ai-YhG2tddujYaVM8F8OYCBUCRnJotQLx_gABJDeh:1uI3xR:k4CbVm1njx-xCFTHD9cdtosFcra86HPGfkqjTjTai2U','2025-06-05 11:19:29.357549'),('kaoip8leinismbsilh07zs4smg3hvtck','.eJxVjEEOwiAQAP_C2ZAuCxQ8eu8byMJSqRqalPZk_Lsh6UGvM5N5i0DHXsLR8hYWFlcB4vLLIqVnrl3wg-p9lWmt-7ZE2RN52ianlfPrdrZ_g0Kt9K3DGfwAIxqYPXI2Fsl6qzkpJMWgCPWQrEZDSMZoB87kxOjcqICi-HwBrqA2pQ:1ua79T:L72RV9sslhrSh5ypC96bnMPhs63F_1QFnHW86KwOShU','2025-07-25 06:22:31.174047'),('kgtp80bejsjnuebr3gjiaez2b63bnnit','e30:1uGrNR:F_8IHyxMSXf96Ds9L-3rhFKWOM2qZa2jbV3A1OAIZHg','2025-06-02 03:41:21.821853'),('kp4cysu9rj748v0j50dyh1cvs3tik4lb','.eJxVjDsOwjAQBe_iGln2rj8xJX3OYK1_OIAcKU4qxN1JpBTQzsx7b-ZpW6vfel78lNiVSc0uvzBQfOZ2mPSgdp95nNu6TIEfCT9t5-Oc8ut2tn8HlXrd14jWpiIHFFYVNJCkDYMDFaXC4gh1BmVAgyYCUtbZZMBpsfOiRSRkny_SXza4:1ueXnz:PV7zihZaZmUYLoZ3xuS7qS37n5SV43sy74TDVpPKfp8','2025-08-06 11:38:39.531964'),('lac5t9z27xjg5ugq6h43tqwnvfjii99a','.eJxVjDsOwjAQBe_iGln2rj8xJX3OYK1_OIAcKU4qxN1JpBTQzsx7b-ZpW6vfel78lNiVSc0uvzBQfOZ2mPSgdp95nNu6TIEfCT9t5-Oc8ut2tn8HlXrd14jWpiIHFFYVNJCkDYMDFaXC4gh1BmVAgyYCUtbZZMBpsfOiRSRkny_SXza4:1ufAVT:XEzwPDx5otN867G-7Mvp7_caEksR5fiBAQXID5moEEs','2025-08-08 04:58:07.990420'),('lbk5nw5lg82aqu50z49owipeypgiv8fl','.eJxVjEEOwiAQAP_C2ZAuCxQ8eu8byMJSqRqalPZk_Lsh6UGvM5N5i0DHXsLR8hYWFlcB4vLLIqVnrl3wg-p9lWmt-7ZE2RN52ianlfPrdrZ_g0Kt9K3DGfwAIxqYPXI2Fsl6qzkpJMWgCPWQrEZDSMZoB87kxOjcqICi-HwBrqA2pQ:1u25O8:9Z58H7OpXxGT-K8uNu5TJw74LBn7yxFe8-HEmdmcWSk','2025-04-22 09:37:00.622142'),('ldmr4uaeu6y8ekkw70olpqw10xurjbvd','.eJxVjEEOwiAQAP_C2ZAuCxQ8eu8byMJSqRqalPZk_Lsh6UGvM5N5i0DHXsLR8hYWFlcB4vLLIqVnrl3wg-p9lWmt-7ZE2RN52ianlfPrdrZ_g0Kt9K3DGfwAIxqYPXI2Fsl6qzkpJMWgCPWQrEZDSMZoB87kxOjcqICi-HwBrqA2pQ:1ugF3q:aSe9d0TSG0GRFBCN9Tbne44mT5zI2Zf6J0gUSoZsszM','2025-08-11 04:02:02.740626'),('levusnpyu7eaecxm3vecybff8956gld5','.eJxVjjsOwyAQRO9CHSED5rMp0-cM1i4LsfMxkrGrKHePLVEk7ZuZp3mLAbd1HLaalmFicRbKidMvJIyPNB8J33G-FRnLvC4TyaMiW1rltXB6Xlr3TzBiHfe1x6iDV7ZPGZEp9BBChmAJEiA72wXOikk7JDA7N6lTjkAbD56sPqRxq2t5taPGqc8XPho94Q:1ucGBX:vdjtJD0w5NuPkzgjrMyytRDOK0vi4lhgpQWwUpCiuXk','2025-07-31 04:25:31.240527'),('lk6yuzpale2r2zu59br0vvnm1aq7lntz','.eJxVjjsOwyAQRO9CHSGWhQAp0_sM1npZxc7HSMZUUe4eW3KRtPNmnuatemrr2LcqSz9ldVGA6vQbDsQPmXeS7zTfiuYyr8s06L2iD1p1V7I8r0f3TzBSHbd1ALIuibMQrGcbIQk6wSgoIXpDwZMRzwjikiFrHCZm6yNkxLMLskm51bW8jqPo4fMF5Zw8kQ:1uZp3a:L0JTBW2ybFf9qf2ObAZddPyr-YnfpxnpaPyZBtgEtMg','2025-07-24 11:03:14.449157'),('luh87lqs1c4wvevsevdm4ac31ftxlglh','.eJxVjjsOwyAQRO9CHSGWhQAp0_sM1npZxc7HSMZUUe4eW3KRtPNmnuatemrr2LcqSz9ldVGA6vQbDsQPmXeS7zTfiuYyr8s06L2iD1p1V7I8r0f3TzBSHbd1ALIuibMQrGcbIQk6wSgoIXpDwZMRzwjikiFrHCZm6yNkxLMLskm51bW8jqPo4fMF5Zw8kQ:1uXc68:w73oon8efq1j7ejbY1h1mm1EW3Q3A_TNsNw0igL_4TM','2025-07-18 08:48:44.057452'),('lyp3xlmi64mslbd39c2dmjhhl7xrudiz','e30:1uPGpl:kUtKSmMgfxg3Y0QrJhEPhc9w5IovmZYv67ecycB1F8w','2025-06-25 08:29:21.642283'),('m0idicu7b8kkajfgvtq74z63kyogapab','.eJxVjDsOwjAQBe_iGln2rj8xJX3OYK1_OIAcKU4qxN1JpBTQzsx7b-ZpW6vfel78lNiVSc0uvzBQfOZ2mPSgdp95nNu6TIEfCT9t5-Oc8ut2tn8HlXrd14jWpiIHFFYVNJCkDYMDFaXC4gh1BmVAgyYCUtbZZMBpsfOiRSRkny_SXza4:1ufF2G:CEQupA9KlCvFcqADQGFQEahoFrNvqZDP6uuU_b9HfFw','2025-08-08 09:48:16.861604'),('m9lafyy5r81dd3rjmn1aq8ia6k6em7nj','.eJxVjjsOwyAQRO9CHSGWhQAp0_sM1npZxc7HSMZUUe4eW3KRtPNmnuatemrr2LcqSz9ldVGA6vQbDsQPmXeS7zTfiuYyr8s06L2iD1p1V7I8r0f3TzBSHbd1ALIuibMQrGcbIQk6wSgoIXpDwZMRzwjikiFrHCZm6yNkxLMLskm51bW8jqPo4fMF5Zw8kQ:1uQ0Ri:DiO9IwOv8w_GSN-WQX1hELK8B6nsl0eB9t8QapbotjU','2025-06-27 09:11:34.537285'),('moh2guj5kf8w74vgpn4wrk0eywzevclg','.eJxVjjsOwyAQRO9CHSGWhQAp0_sM1npZxc7HSMZUUe4eW3KRtPNmnuatemrr2LcqSz9ldVGA6vQbDsQPmXeS7zTfiuYyr8s06L2iD1p1V7I8r0f3TzBSHbd1ALIuibMQrGcbIQk6wSgoIXpDwZMRzwjikiFrHCZm6yNkxLMLskm51bW8jqPo4fMF5Zw8kQ:1uTg7n:-UvZuY5q-fNlzUBL9JC1NKN1Unldq0Xopxjss4Swcpg','2025-07-07 12:18:11.940373'),('mrryxkd1x09ljh0v790alwg2nudpuk1i','.eJxVjMsOwiAQRf-FtSG8B1y69xvIAINUDU1KuzL-uzbpQrf3nHNfLOK2trgNWuJU2JlJYKffMWF-UN9JuWO_zTzPfV2mxHeFH3Tw61zoeTncv4OGo31rW0EZBOk1aa2soABG1SRDpeCEhuCMAJeFMc5BKJosVu-99SIDYjLs_QHToTbZ:1ugg77:PttVWmnkM8fypiL5hnAueqKPl9rbmJjtiH1YwMQx96Q','2025-08-12 08:55:13.358465'),('mvhoo0z9v35hxjmdxirpmxqu5yn749s5','.eJxVjjsOwyAQRO9CHSGWhQAp0_sM1npZxc7HSMZUUe4eW3KRtPNmnuatemrr2LcqSz9ldVGA6vQbDsQPmXeS7zTfiuYyr8s06L2iD1p1V7I8r0f3TzBSHbd1ALIuibMQrGcbIQk6wSgoIXpDwZMRzwjikiFrHCZm6yNkxLMLskm51bW8jqPo4fMF5Zw8kQ:1ubHSM:fB69rV4i5RComJVlCAqaxJulFQOIoNDMmH63UZ-3bkg','2025-07-28 11:34:50.904491'),('nah1zqosja1dm9ysmxgf1kgeyhn9a90f','.eJxVjjsOwyAQRO9CHSGWhQAp0_sM1npZxc7HSMZUUe4eW3KRtPNmnuatemrr2LcqSz9ldVGA6vQbDsQPmXeS7zTfiuYyr8s06L2iD1p1V7I8r0f3TzBSHbd1ALIuibMQrGcbIQk6wSgoIXpDwZMRzwjikiFrHCZm6yNkxLMLskm51bW8jqPo4fMF5Zw8kQ:1uUdpB:_XhFq9zAAQkW2Kadi2KRRB4vUaQgmGbvJ2GxJRVuO0I','2025-07-10 04:02:57.593002'),('ntpwwwdubs3onbf8zwg0apbq4h4yfeaj','.eJxVjEEOwiAQRe_C2hCYAQGX7nsGMh0mUjU0Ke3KeHdt0oVu_3vvv1Smba1567LkqaiLsqhOv-NI_JC2k3Kndps1z21dplHvij5o18Nc5Hk93L-DSr1-62AJXBIHNoBniDYJOsEoKCF6Q8GTEc9oxSVDYBwmZvDRFsSzC6LeH9SKNrA:1uN4oy:QYQwqFYMpTb52lzMiHFZh_TCo9FX84ddDNOPcPKh_tI','2025-06-19 07:15:28.185378'),('ojpknwazromzcc0cicgyvya820djbhjo','.eJxVjMsOwiAQRf-FtSG8B1y69xvIAINUDU1KuzL-uzbpQrf3nHNfLOK2trgNWuJU2JlJYKffMWF-UN9JuWO_zTzPfV2mxHeFH3Tw61zoeTncv4OGo31rW0EZBOk1aa2soABG1SRDpeCEhuCMAJeFMc5BKJosVu-99SIDYjLs_QHToTbZ:1uhPOf:b4ykOiRLa-hfkcmgJ8YQmAFwoixVWj7J-ol3ajn_FV4','2025-08-14 09:16:21.628594'),('otin3qqjwtwmv9mvsesq0z3oa7m61p9s','.eJxVjDsOwjAQBe_iGln2rj8xJX3OYK1_OIAcKU4qxN1JpBTQzsx7b-ZpW6vfel78lNiVSc0uvzBQfOZ2mPSgdp95nNu6TIEfCT9t5-Oc8ut2tn8HlXrd14jWpiIHFFYVNJCkDYMDFaXC4gh1BmVAgyYCUtbZZMBpsfOiRSRkny_SXza4:1ubyRw:JBdhGnRW3tA58xOFGLqe5L3EwleRn2ZDm-76QECCCcg','2025-07-30 09:29:16.999610'),('p3w4txkpjme696l6d0ncm2ta73hqla0v','.eJxVjjsOwyAQRO9CHSGWhQAp0_sM1npZxc7HSMZUUe4eW3KRtPNmnuatemrr2LcqSz9ldVGA6vQbDsQPmXeS7zTfiuYyr8s06L2iD1p1V7I8r0f3TzBSHbd1ALIuibMQrGcbIQk6wSgoIXpDwZMRzwjikiFrHCZm6yNkxLMLskm51bW8jqPo4fMF5Zw8kQ:1uRO1o:5qa4C2XFcUXLys5y-aBduVNriclV7Wh1XcIK9zTZAEA','2025-07-01 04:34:32.306697'),('pge6zl6y4fwpl4q0j0jnjsfz9mmnu49q','.eJxVjjsOwyAQRO9CHSGWhQAp0_sM1npZxc7HSMZUUe4eW3KRtPNmnuatemrr2LcqSz9ldVGA6vQbDsQPmXeS7zTfiuYyr8s06L2iD1p1V7I8r0f3TzBSHbd1ALIuibMQrGcbIQk6wSgoIXpDwZMRzwjikiFrHCZm6yNkxLMLskm51bW8jqPo4fMF5Zw8kQ:1uPdVC:aZBloeyoQvDjZB-yyKOhbACE6vbKzW5lASU9ldsg82Y','2025-06-26 08:41:38.868640'),('phcokjbbi4tiehjt1a4puz43t1tuz4z9','.eJxVjEEOwiAQRe_C2hCYAQGX7nsGMh0mUjU0Ke3KeHdt0oVu_3vvv1Smba1567LkqaiLsqhOv-NI_JC2k3Kndps1z21dplHvij5o18Nc5Hk93L-DSr1-62AJXBIHNoBniDYJOsEoKCF6Q8GTEc9oxSVDYBwmZvDRFsSzC6LeH9SKNrA:1uMmik:dYj3G3-WmpLkJIt-RVh4d4lGW3m9kx-q_Rg4hrQHGKQ','2025-06-18 11:55:50.487505'),('ps1tbz07kdjt1x2plb6let5rgj99qrw7','.eJxVjEEOwiAQAP_C2ZAuCxQ8eu8byMJSqRqalPZk_Lsh6UGvM5N5i0DHXsLR8hYWFlcB4vLLIqVnrl3wg-p9lWmt-7ZE2RN52ianlfPrdrZ_g0Kt9K3DGfwAIxqYPXI2Fsl6qzkpJMWgCPWQrEZDSMZoB87kxOjcqICi-HwBrqA2pQ:1u0cd8:jRptqGkg0Svi_3rv1orW0ZFfPNec-MHxC223P-vVek8','2025-04-18 08:42:26.743768'),('ps5srd8yonzfj1681bnobm4cfektxzwe','.eJxVjjsOwyAQRO9CHSGWhQAp0_sM1npZxc7HSMZUUe4eW3KRtPNmnuatemrr2LcqSz9ldVGA6vQbDsQPmXeS7zTfiuYyr8s06L2iD1p1V7I8r0f3TzBSHbd1ALIuibMQrGcbIQk6wSgoIXpDwZMRzwjikiFrHCZm6yNkxLMLskm51bW8jqPo4fMF5Zw8kQ:1uSV4F:y2tDo6e7V2BrC-xqEQa4yHsjOUb98D-X8PR1S9AlyPg','2025-07-04 06:17:39.947619'),('qarzq804ox09xjk13yuh0wekusmx7g20','.eJxVjjsOwyAQRO9CHSGWhQAp0_sM1npZxc7HSMZUUe4eW3KRtPNmnuatemrr2LcqSz9ldVGA6vQbDsQPmXeS7zTfiuYyr8s06L2iD1p1V7I8r0f3TzBSHbd1ALIuibMQrGcbIQk6wSgoIXpDwZMRzwjikiFrHCZm6yNkxLMLskm51bW8jqPo4fMF5Zw8kQ:1uWY2a:G_aOLW7a66hmZ0XxKvYI9RKcAQkAamAKo30_VAPE6Dg','2025-07-15 10:16:40.321861'),('qherazhlyy6y5s2k9x43wcx4yha9pvwr','.eJxVjjsOwyAQRO9CHSGWhQAp0_sM1npZxc7HSMZUUe4eW3KRtPNmnuatemrr2LcqSz9ldVGA6vQbDsQPmXeS7zTfiuYyr8s06L2iD1p1V7I8r0f3TzBSHbd1ALIuibMQrGcbIQk6wSgoIXpDwZMRzwjikiFrHCZm6yNkxLMLskm51bW8jqPo4fMF5Zw8kQ:1uSUQX:XUk3kBctf7hR4hI80lJToqyNSo2Chsp7U3gs0mw28NM','2025-07-04 05:36:37.372745'),('ql22qarlw4eh8vjei7fza43bs8mm0zru','.eJxVjjsOwyAQRO9CHSGWhQAp0_sM1npZxc7HSMZUUe4eW3KRtPNmnuatemrr2LcqSz9ldVGA6vQbDsQPmXeS7zTfiuYyr8s06L2iD1p1V7I8r0f3TzBSHbd1ALIuibMQrGcbIQk6wSgoIXpDwZMRzwjikiFrHCZm6yNkxLMLskm51bW8jqPo4fMF5Zw8kQ:1uW5cm:6ZyqKSpee4mGD1zlWjb7_ZHpfRP1RTj9H-dlwc6YLcM','2025-07-14 03:56:08.330538'),('r7tl0vieyq3784juglof5rsw0oymmd33','.eJxVjjsOwyAQRO9CHSGWhQAp0_sM1npZxc7HSMZUUe4eW3KRtPNmnuatemrr2LcqSz9ldVGA6vQbDsQPmXeS7zTfiuYyr8s06L2iD1p1V7I8r0f3TzBSHbd1ALIuibMQrGcbIQk6wSgoIXpDwZMRzwjikiFrHCZm6yNkxLMLskm51bW8jqPo4fMF5Zw8kQ:1uUgUT:BxR8LMOABAPQLUnxEqJR3Gy1Pw8qiZLGM4qfk4Gi26I','2025-07-10 06:53:45.681788'),('r826mo2la6jk6s4h5jtccbhyq9y8btnq','.eJxVjMsOwiAURP-FtSHyLi7d9xvIhcuVqoGktCvjvytJF7qcOWfmxQLsWwl7z2tYkF2YmNjpt4yQHrkOgneot8ZTq9u6RD4UftDO54b5eT3cv4MCvYy1y0JG55NySQAYUqS1VZ6MVSTTWRmkbzDktNXoI6JA78h6L6WZCNn7AxERODU:1uhL1p:krLLw5XY9LjDqkTzprXgb93a3QrSIPP8eE8VUykBRrY','2025-08-14 04:36:29.622885'),('r8ahtnwzozvkdnelefa2d02z5jvckir8','.eJxVjEEOwiAQAP_C2ZAuCxQ8eu8byMJSqRqalPZk_Lsh6UGvM5N5i0DHXsLR8hYWFlcB4vLLIqVnrl3wg-p9lWmt-7ZE2RN52ianlfPrdrZ_g0Kt9K3DGfwAIxqYPXI2Fsl6qzkpJMWgCPWQrEZDSMZoB87kxOjcqICi-HwBrqA2pQ:1uFuBa:aAD1aEbTbDdq6mI_s0KnjnLY9w6_Gg2xqqrcZMjIbAc','2025-05-30 12:29:10.108290'),('rhqc19ylebxgcg12wt3iuvf0djvdlc3f','.eJxVjjsOwyAQRO9CHSGWhQAp0_sM1npZxc7HSMZUUe4eW3KRtPNmnuatemrr2LcqSz9ldVGA6vQbDsQPmXeS7zTfiuYyr8s06L2iD1p1V7I8r0f3TzBSHbd1ALIuibMQrGcbIQk6wSgoIXpDwZMRzwjikiFrHCZm6yNkxLMLskm51bW8jqPo4fMF5Zw8kQ:1uTuOM:LMSlWC2oRmW34-yQf6D29YvsSP-P9t5OlYHCzPZtBqA','2025-07-08 03:32:14.121784'),('rp505wiw2u214gus5e63tfiuqjp4i77s','.eJxVjjsOwyAQRO9CHSGWhQAp0_sM1npZxc7HSMZUUe4eW3KRtPNmnuatemrr2LcqSz9ldVGA6vQbDsQPmXeS7zTfiuYyr8s06L2iD1p1V7I8r0f3TzBSHbd1ALIuibMQrGcbIQk6wSgoIXpDwZMRzwjikiFrHCZm6yNkxLMLskm51bW8jqPo4fMF5Zw8kQ:1uUP5e:-iHOnWwPkSpE5UhBVd7O4vAwTZyoyKkOHsW1h9SFgYw','2025-07-09 12:18:58.231783'),('rwk9osluhyqs34388tr9faja8u9csqq5','.eJxVjjsOwyAQRO9CHSGWhQAp0_sM1npZxc7HSMZUUe4eW3KRtPNmnuatemrr2LcqSz9ldVGA6vQbDsQPmXeS7zTfiuYyr8s06L2iD1p1V7I8r0f3TzBSHbd1ALIuibMQrGcbIQk6wSgoIXpDwZMRzwjikiFrHCZm6yNkxLMLskm51bW8jqPo4fMF5Zw8kQ:1uYhhH:vTmS6yWz1WVvSzjiUv_6JQDy_rtjmbxXrowCUohEOxY','2025-07-21 08:59:35.277300'),('sd6i84o12caqphb2482crsxxebrn7zad','.eJxVjjsOwyAQRO9CHSED5rMp0-cM1i4LsfMxkrGrKHePLVEk7ZuZp3mLAbd1HLaalmFicRbKidMvJIyPNB8J33G-FRnLvC4TyaMiW1rltXB6Xlr3TzBiHfe1x6iDV7ZPGZEp9BBChmAJEiA72wXOikk7JDA7N6lTjkAbD56sPqRxq2t5taPGqc8XPho94Q:1ucjXG:kYjCn2_kFcuWEKl4jj80tA4ZKePOMjL6gtExfRl0GxQ','2025-08-01 11:45:54.077582'),('so1xpb3xnkj82a6jwlno37is0lx5fwvj','.eJxVjDsOwjAQBe_iGln2rj8xJX3OYK1_OIAcKU4qxN1JpBTQzsx7b-ZpW6vfel78lNiVSc0uvzBQfOZ2mPSgdp95nNu6TIEfCT9t5-Oc8ut2tn8HlXrd14jWpiIHFFYVNJCkDYMDFaXC4gh1BmVAgyYCUtbZZMBpsfOiRSRkny_SXza4:1uc0Bs:XV3ic97n5bc5u9GJIruweEhThRRtJp1SXzZDr99dr-U','2025-07-30 11:20:48.068279'),('srdg4dkqmd5p7ax9zxlec1owaxf2bpj8','.eJxVjDsOwjAQBe_iGln2rj8xJX3OYK1_OIAcKU4qxN1JpBTQzsx7b-ZpW6vfel78lNiVSc0uvzBQfOZ2mPSgdp95nNu6TIEfCT9t5-Oc8ut2tn8HlXrd14jWpiIHFFYVNJCkDYMDFaXC4gh1BmVAgyYCUtbZZMBpsfOiRSRkny_SXza4:1uhLzg:8vr2H6-JjYOB1QWZi52YkLKqkw0EMA1Iu5QJolmgcfI','2025-08-14 05:38:20.451806'),('suajhli59dfymhe16azakfhc72hjdrbn','.eJxVjDsOwjAQBe_iGln2rj8xJX3OYK1_OIAcKU4qxN1JpBTQzsx7b-ZpW6vfel78lNiVSc0uvzBQfOZ2mPSgdp95nNu6TIEfCT9t5-Oc8ut2tn8HlXrd14jWpiIHFFYVNJCkDYMDFaXC4gh1BmVAgyYCUtbZZMBpsfOiRSRkny_SXza4:1ueAsQ:EAV1vVHIMzVyGSYYUAVgnV9yvJ_yllGfMXf8KIBaIV4','2025-08-05 11:09:42.808653'),('t8lbxruoe67aftvaydlpp790qk5szt5r','.eJxVjEEOwiAQAP_C2ZAuCxQ8eu8byMJSqRqalPZk_Lsh6UGvM5N5i0DHXsLR8hYWFlcB4vLLIqVnrl3wg-p9lWmt-7ZE2RN52ianlfPrdrZ_g0Kt9K3DGfwAIxqYPXI2Fsl6qzkpJMWgCPWQrEZDSMZoB87kxOjcqICi-HwBrqA2pQ:1u0dNs:FNj9CRk1yhwC-KZeWC3-hWWSdwhpIznbzaqaHqRHyoA','2025-04-18 09:30:44.104533'),('tbkcltab0y1q9q8kkzhei90li9fqboy1','.eJxVjEEOwiAQAP_C2ZAuCxQ8eu8byMJSqRqalPZk_Lsh6UGvM5N5i0DHXsLR8hYWFlcB4vLLIqVnrl3wg-p9lWmt-7ZE2RN52ianlfPrdrZ_g0Kt9K3DGfwAIxqYPXI2Fsl6qzkpJMWgCPWQrEZDSMZoB87kxOjcqICi-HwBrqA2pQ:1uZnKs:03m_0VGZVqP-lxuk8dQV5UhsYsVEwOD0q9TJQg8p0Eo','2025-07-24 09:12:58.049963'),('tn4081zbca8zl4y3vfh6jy0skbny91on','.eJxVjjsOwyAQRO9CHSGWhQAp0_sM1npZxc7HSMZUUe4eW3KRtPNmnuatemrr2LcqSz9ldVGA6vQbDsQPmXeS7zTfiuYyr8s06L2iD1p1V7I8r0f3TzBSHbd1ALIuibMQrGcbIQk6wSgoIXpDwZMRzwjikiFrHCZm6yNkxLMLskm51bW8jqPo4fMF5Zw8kQ:1uSU5a:9BMreKgm4Ey4TLAMY3KaSuxCxsMCxkjhWdM_T4mAJi8','2025-07-04 05:14:58.515259'),('twq1svnqplcan60yedpkpvz4frffvrm3','.eJxVjEEOwiAQAP_C2ZAuCxQ8eu8byMJSqRqalPZk_Lsh6UGvM5N5i0DHXsLR8hYWFlcB4vLLIqVnrl3wg-p9lWmt-7ZE2RN52ianlfPrdrZ_g0Kt9K3DGfwAIxqYPXI2Fsl6qzkpJMWgCPWQrEZDSMZoB87kxOjcqICi-HwBrqA2pQ:1u1dNm:p3oLSohfrviXYdA_U810r-x09blmKRs8T3dqDBrLcdI','2025-04-21 03:42:46.188760'),('ty59uzipa25or368fbzhcbglrjvyhcqu','.eJxVjEEOwiAQRe_C2hCYAQGX7nsGMh0mUjU0Ke3KeHdt0oVu_3vvv1Smba1567LkqaiLsqhOv-NI_JC2k3Kndps1z21dplHvij5o18Nc5Hk93L-DSr1-62AJXBIHNoBniDYJOsEoKCF6Q8GTEc9oxSVDYBwmZvDRFsSzC6LeH9SKNrA:1uOwCM:FHJ34_c4fw_tlAo1TRmQeqM1YL0cyYf5_IPVJSNXp7k','2025-06-24 10:27:18.790338'),('u831m5viqjs7mo3a8ojfh74rh4slloyt','.eJxVjDsOwjAQBe_iGln2rj8xJX3OYK1_OIAcKU4qxN1JpBTQzsx7b-ZpW6vfel78lNiVSc0uvzBQfOZ2mPSgdp95nNu6TIEfCT9t5-Oc8ut2tn8HlXrd14jWpiIHFFYVNJCkDYMDFaXC4gh1BmVAgyYCUtbZZMBpsfOiRSRkny_SXza4:1ubtrE:ceCI4KCeXWCrm5UB6AvlM78pub5UnTiNH0jyM4ugJvM','2025-07-30 04:35:04.709315'),('u9cxufgjfh25t6yiizna5bgws4hf23sy','.eJxVjjsOwyAQRO9CHSGWhQAp0_sM1npZxc7HSMZUUe4eW3KRtPNmnuatemrr2LcqSz9ldVGA6vQbDsQPmXeS7zTfiuYyr8s06L2iD1p1V7I8r0f3TzBSHbd1ALIuibMQrGcbIQk6wSgoIXpDwZMRzwjikiFrHCZm6yNkxLMLskm51bW8jqPo4fMF5Zw8kQ:1uaCpT:mKWXPK8ucpMUjMSrffVYCNA0yJbP1-dkqSsA-YyprbU','2025-07-25 12:26:15.053586'),('uh5ljkwq88ltbnxzsi1nj03c1q2t98m3','.eJxVjjsOwyAQRO9CHSGWhQAp0_sM1npZxc7HSMZUUe4eW3KRtPNmnuatemrr2LcqSz9ldVGA6vQbDsQPmXeS7zTfiuYyr8s06L2iD1p1V7I8r0f3TzBSHbd1ALIuibMQrGcbIQk6wSgoIXpDwZMRzwjikiFrHCZm6yNkxLMLskm51bW8jqPo4fMF5Zw8kQ:1uRUb2:_d7L3bvTbaLKxqMke-tmk4Jv9q5kOEvf8Y8EK_KEYLQ','2025-07-01 11:35:20.960306'),('ukpc18gwauenya3bciq1q6pyj5b3oaut','.eJxVjjsOwyAQRO9CHSGWhQAp0_sM1npZxc7HSMZUUe4eW3KRtPNmnuatemrr2LcqSz9ldVGA6vQbDsQPmXeS7zTfiuYyr8s06L2iD1p1V7I8r0f3TzBSHbd1ALIuibMQrGcbIQk6wSgoIXpDwZMRzwjikiFrHCZm6yNkxLMLskm51bW8jqPo4fMF5Zw8kQ:1uZ6eH:CFyQsuTzHpKKakPTMC2N_bMAOFc358DRLTpqRRGKGzI','2025-07-22 11:38:09.604770'),('uuesz4aee0edp29oby7xibuc0h3nl6bu','e30:1uQ05h:FyuQqjA-Q31FEDFBl9doEaZAOQGqvE_nr091U1tvyfw','2025-06-27 08:48:49.933998'),('v9jx98ru19mn4b0bupow3zoth6l1a2d5','.eJxVjjsOwyAQRO9CHSGWhQAp0_sM1npZxc7HSMZUUe4eW3KRtPNmnuatemrr2LcqSz9ldVGA6vQbDsQPmXeS7zTfiuYyr8s06L2iD1p1V7I8r0f3TzBSHbd1ALIuibMQrGcbIQk6wSgoIXpDwZMRzwjikiFrHCZm6yNkxLMLskm51bW8jqPo4fMF5Zw8kQ:1uSUKi:S1fHO69O-YiPDPUrX-FxMdI712GAM6Ip1a4XSrSDo9k','2025-07-04 05:30:36.090130'),('w3a7lfarrq80bhc5r7jt1qa62s78c2ul','.eJxVjEEOwiAQAP_C2ZAuCxQ8eu8byMJSqRqalPZk_Lsh6UGvM5N5i0DHXsLR8hYWFlcB4vLLIqVnrl3wg-p9lWmt-7ZE2RN52ianlfPrdrZ_g0Kt9K3DGfwAIxqYPXI2Fsl6qzkpJMWgCPWQrEZDSMZoB87kxOjcqICi-HwBrqA2pQ:1uIQIr:AktsEDa_ilLMftXv7SiZiLjRXkt_qkcLpsfGszKE3hk','2025-06-06 11:11:05.546727'),('w7ctd92cfrpld2q2bwk7x34y5istwvkz','.eJxVjDsOwjAQBe_iGln2rj8xJX3OYK1_OIAcKU4qxN1JpBTQzsx7b-ZpW6vfel78lNiVSc0uvzBQfOZ2mPSgdp95nNu6TIEfCT9t5-Oc8ut2tn8HlXrd14jWpiIHFFYVNJCkDYMDFaXC4gh1BmVAgyYCUtbZZMBpsfOiRSRkny_SXza4:1ueVGc:MRCf_UlPwqpyThQIOICGHh4JXnZ8-QenM-WlQ1_glQY','2025-08-06 08:56:02.468441'),('wabdlxekdcsgxawvsg95viuq8v6rma1z','.eJxVjDsOwjAQBe_iGln2rj8xJX3OYK1_OIAcKU4qxN1JpBTQzsx7b-ZpW6vfel78lNiVSc0uvzBQfOZ2mPSgdp95nNu6TIEfCT9t5-Oc8ut2tn8HlXrd14jWpiIHFFYVNJCkDYMDFaXC4gh1BmVAgyYCUtbZZMBpsfOiRSRkny_SXza4:1ueVme:w8zaOT0ukuTVNMah1RRCtIuFHjVMM-azXefmb7WckqA','2025-08-06 09:29:08.839199'),('wggvp43cw6tcwebe53ug5bvmhnq29muj','.eJxVjjsOwyAQRO9CHSED5rMp0-cM1i4LsfMxkrGrKHePLVEk7ZuZp3mLAbd1HLaalmFicRbKidMvJIyPNB8J33G-FRnLvC4TyaMiW1rltXB6Xlr3TzBiHfe1x6iDV7ZPGZEp9BBChmAJEiA72wXOikk7JDA7N6lTjkAbD56sPqRxq2t5taPGqc8XPho94Q:1udjLP:FBR25_WugzzKR9iwXbuiDBsrsdppgKccexrX0HQP5Do','2025-08-04 05:45:47.324408'),('wiuserflfj7kc5hbck676bl2limsrkfb','.eJxVjDsOwjAQBe_iGln2rj8xJX3OYK1_OIAcKU4qxN1JpBTQzsx7b-ZpW6vfel78lNiVSc0uvzBQfOZ2mPSgdp95nNu6TIEfCT9t5-Oc8ut2tn8HlXrd14jWpiIHFFYVNJCkDYMDFaXC4gh1BmVAgyYCUtbZZMBpsfOiRSRkny_SXza4:1ucJjW:Oy6IUj6q2wU6ANtM9nuO8qUTAhBbsKB4v_GhBh7RVvw','2025-07-31 08:12:50.466517'),('wwbh41g6q8xzyk8mbv4cjx7jtnsydj80','.eJxVjjsOwyAQRO9CHSED5rMp0-cM1i4LsfMxkrGrKHePLVEk7ZuZp3mLAbd1HLaalmFicRbKidMvJIyPNB8J33G-FRnLvC4TyaMiW1rltXB6Xlr3TzBiHfe1x6iDV7ZPGZEp9BBChmAJEiA72wXOikk7JDA7N6lTjkAbD56sPqRxq2t5taPGqc8XPho94Q:1ucJf6:tMyIUCQEoYC14HULOzHD2-iqSBhqkH565hUaqBhcHv8','2025-07-31 08:08:16.842016'),('x5pxlp8duai7sj5up5dibqo6x5icienh','.eJxVjEEOwiAQAP_C2ZAuCxQ8eu8byMJSqRqalPZk_Lsh6UGvM5N5i0DHXsLR8hYWFlcB4vLLIqVnrl3wg-p9lWmt-7ZE2RN52ianlfPrdrZ_g0Kt9K3DGfwAIxqYPXI2Fsl6qzkpJMWgCPWQrEZDSMZoB87kxOjcqICi-HwBrqA2pQ:1uhOhw:UB7DRhcZUZtjZ4Y0w-FayzRerBP8fYhiT03vX8fLgEU','2025-08-14 08:32:12.859569'),('xt2blws2nxpclpawkv8j0pd0d97sgcwj','.eJxVjMsOwiAQRf-FtSG8B1y69xvIAINUDU1KuzL-uzbpQrf3nHNfLOK2trgNWuJU2JlJYKffMWF-UN9JuWO_zTzPfV2mxHeFH3Tw61zoeTncv4OGo31rW0EZBOk1aa2soABG1SRDpeCEhuCMAJeFMc5BKJosVu-99SIDYjLs_QHToTbZ:1ufF8b:P_kxwgF8y0UV9l5JhxH1XAgksL9RB5Aek7BR7ZYfIz8','2025-08-08 09:54:49.828516'),('xx8n5xfx30hokvv0qcu2kp7ubvbk1uaf','.eJxVjjsOwyAQRO9CHSED5rMp0-cM1i4LsfMxkrGrKHePLVEk7ZuZp3mLAbd1HLaalmFicRbKidMvJIyPNB8J33G-FRnLvC4TyaMiW1rltXB6Xlr3TzBiHfe1x6iDV7ZPGZEp9BBChmAJEiA72wXOikk7JDA7N6lTjkAbD56sPqRxq2t5taPGqc8XPho94Q:1ugEqJ:Ukw3SeJF_a3trw2DX1R7V4kCOPE1YdHp3rQRSVcBQpM','2025-08-11 03:48:03.979891'),('ygxxvoelimv0ec68s9oz5oxb9vqs89cv','.eJxVjjsOwyAQRO9CHSGWhQAp0_sM1npZxc7HSMZUUe4eW3KRtPNmnuatemrr2LcqSz9ldVGA6vQbDsQPmXeS7zTfiuYyr8s06L2iD1p1V7I8r0f3TzBSHbd1ALIuibMQrGcbIQk6wSgoIXpDwZMRzwjikiFrHCZm6yNkxLMLskm51bW8jqPo4fMF5Zw8kQ:1uU1uC:7ne7pCxcic6BSiZi4kPWnHx0RaqEknXq8Yz7EiNsbOM','2025-07-08 11:33:36.664667'),('ypggbhhisfqz17jobjpn7qcrp49od2jz','.eJxVjMsOwiAQRf-FtSG8B1y69xvIAINUDU1KuzL-uzbpQrf3nHNfLOK2trgNWuJU2JlJYKffMWF-UN9JuWO_zTzPfV2mxHeFH3Tw61zoeTncv4OGo31rW0EZBOk1aa2soABG1SRDpeCEhuCMAJeFMc5BKJosVu-99SIDYjLs_QHToTbZ:1uemzX:159aktw5WxqWaZvRd7_pOxTLVecBzgp-rn8u-dDAGQ4','2025-08-07 03:51:35.256240'),('yrn53yvdz3lykdnexlkvmwtuocks5oqc','.eJxVjDsOwjAQBe_iGln2rj8xJX3OYK1_OIAcKU4qxN1JpBTQzsx7b-ZpW6vfel78lNiVSc0uvzBQfOZ2mPSgdp95nNu6TIEfCT9t5-Oc8ut2tn8HlXrd14jWpiIHFFYVNJCkDYMDFaXC4gh1BmVAgyYCUtbZZMBpsfOiRSRkny_SXza4:1ucJko:IN9ylcnN8srC1kZoB688QPxFwrgGYkAgP0hwMvVJZjI','2025-07-31 08:14:10.992538'),('ywtzj93mkdc2k1084cxkj5ckkmw3xbeu','.eJxVjEEOwiAQAP_C2ZAuCxQ8eu8byMJSqRqalPZk_Lsh6UGvM5N5i0DHXsLR8hYWFlcB4vLLIqVnrl3wg-p9lWmt-7ZE2RN52ianlfPrdrZ_g0Kt9K3DGfwAIxqYPXI2Fsl6qzkpJMWgCPWQrEZDSMZoB87kxOjcqICi-HwBrqA2pQ:1u6oRo:LDOMgnZm3G4zBHIauhgXNG8g3QDvIghIW3sq2q_f4ho','2025-05-05 10:32:20.436273'),('yz4zukk5c4lv7zzap601lotb9tbp19n7','.eJxVjDsOwjAQBe_iGln2rj8xJX3OYK1_OIAcKU4qxN1JpBTQzsx7b-ZpW6vfel78lNiVSc0uvzBQfOZ2mPSgdp95nNu6TIEfCT9t5-Oc8ut2tn8HlXrd14jWpiIHFFYVNJCkDYMDFaXC4gh1BmVAgyYCUtbZZMBpsfOiRSRkny_SXza4:1ubyme:uSkBjIxP1uYaUD-Flr8CWcFd1sZDkxAGmvCcUgp49gg','2025-07-30 09:50:40.869703'),('ziiafvuivhgsjwgu1exr0u23m72l9wh3','.eJxVjMsOwiAQRf-FtSG8B1y69xvIAINUDU1KuzL-uzbpQrf3nHNfLOK2trgNWuJU2JlJYKffMWF-UN9JuWO_zTzPfV2mxHeFH3Tw61zoeTncv4OGo31rW0EZBOk1aa2soABG1SRDpeCEhuCMAJeFMc5BKJosVu-99SIDYjLs_QHToTbZ:1uj8gH:CTejgoOlIeeZC32y1AB57RnwB9AbEznGyKc5Z84czQU','2025-08-19 03:49:41.408774'),('zv66tzh000buxhktmdjj7nyu8e7kzs7s','.eJxVjjsOwyAQRO9CHSED5rMp0-cM1i4LsfMxkrGrKHePLVEk7ZuZp3mLAbd1HLaalmFicRbKidMvJIyPNB8J33G-FRnLvC4TyaMiW1rltXB6Xlr3TzBiHfe1x6iDV7ZPGZEp9BBChmAJEiA72wXOikk7JDA7N6lTjkAbD56sPqRxq2t5taPGqc8XPho94Q:1uciHC:ZegyiTwy3v0PAtDFhrCNBnh5N5mICh4CJ7itIDi2O2M','2025-08-01 10:25:14.267009');
/*!40000 ALTER TABLE `django_session` ENABLE KEYS */;
UNLOCK TABLES;

--
-- Table structure for table `token_blacklist_blacklistedtoken`
--

DROP TABLE IF EXISTS `token_blacklist_blacklistedtoken`;
/*!40101 SET @saved_cs_client     = @@character_set_client */;
/*!40101 SET character_set_client = utf8mb4 */;
CREATE TABLE `token_blacklist_blacklistedtoken` (
  `id` bigint(20) NOT NULL AUTO_INCREMENT,
  `blacklisted_at` datetime(6) NOT NULL,
  `token_id` bigint(20) NOT NULL,
  PRIMARY KEY (`id`),
  UNIQUE KEY `token_id` (`token_id`),
  CONSTRAINT `token_blacklist_blacklistedtoken_token_id_3cc7fe56_fk` FOREIGN KEY (`token_id`) REFERENCES `token_blacklist_outstandingtoken` (`id`)
) ENGINE=InnoDB AUTO_INCREMENT=9 DEFAULT CHARSET=utf8mb4 COLLATE=utf8mb4_unicode_ci;
/*!40101 SET character_set_client = @saved_cs_client */;

--
-- Dumping data for table `token_blacklist_blacklistedtoken`
--

LOCK TABLES `token_blacklist_blacklistedtoken` WRITE;
/*!40000 ALTER TABLE `token_blacklist_blacklistedtoken` DISABLE KEYS */;
INSERT INTO `token_blacklist_blacklistedtoken` VALUES (1,'2025-07-16 06:52:54.520340',1),(2,'2025-07-16 06:53:54.434116',2),(3,'2025-07-16 06:54:44.717075',3),(4,'2025-07-16 06:59:06.796271',4),(5,'2025-07-16 11:54:36.040326',5),(6,'2025-07-17 04:34:55.074270',27),(7,'2025-07-18 04:06:57.604936',46),(8,'2025-07-18 05:02:11.192177',48);
/*!40000 ALTER TABLE `token_blacklist_blacklistedtoken` ENABLE KEYS */;
UNLOCK TABLES;

--
-- Table structure for table `token_blacklist_outstandingtoken`
--

DROP TABLE IF EXISTS `token_blacklist_outstandingtoken`;
/*!40101 SET @saved_cs_client     = @@character_set_client */;
/*!40101 SET character_set_client = utf8mb4 */;
CREATE TABLE `token_blacklist_outstandingtoken` (
  `id` bigint(20) NOT NULL AUTO_INCREMENT,
  `token` longtext NOT NULL,
  `created_at` datetime(6) DEFAULT NULL,
  `expires_at` datetime(6) NOT NULL,
  `user_id` int(11) DEFAULT NULL,
  `jti` varchar(255) NOT NULL,
  PRIMARY KEY (`id`),
  UNIQUE KEY `token_blacklist_outstandingtoken_jti_hex_d9bdf6f7_uniq` (`jti`),
  KEY `token_blacklist_outs_user_id_83bc629a_fk_auth_user` (`user_id`),
  CONSTRAINT `token_blacklist_outs_user_id_83bc629a_fk_auth_user` FOREIGN KEY (`user_id`) REFERENCES `auth_user` (`id`)
) ENGINE=InnoDB AUTO_INCREMENT=110 DEFAULT CHARSET=utf8mb4 COLLATE=utf8mb4_unicode_ci;
/*!40101 SET character_set_client = @saved_cs_client */;

--
-- Dumping data for table `token_blacklist_outstandingtoken`
--

LOCK TABLES `token_blacklist_outstandingtoken` WRITE;
/*!40000 ALTER TABLE `token_blacklist_outstandingtoken` DISABLE KEYS */;
INSERT INTO `token_blacklist_outstandingtoken` VALUES (1,'eyJhbGciOiJIUzI1NiIsInR5cCI6IkpXVCJ9.eyJ0b2tlbl90eXBlIjoicmVmcmVzaCIsImV4cCI6MTc1MzE4NDc2MCwiaWF0IjoxNzUyNTc5OTYwLCJqdGkiOiI3MjgwNTU0MmM5ZWQ0NjJlYTg2NWI3NDZmMmYyNzIyYiIsInVzZXJfaWQiOjE1fQ.CG1plbNa86J6hGKyhriMJY33pw_Yvczx0Ios6gOZ5X0','2025-07-16 06:52:54.512849','2025-07-22 11:46:00.000000',15,'72805542c9ed462ea865b746f2f2722b'),(2,'eyJhbGciOiJIUzI1NiIsInR5cCI6IkpXVCJ9.eyJ0b2tlbl90eXBlIjoicmVmcmVzaCIsImV4cCI6MTc1MzI1MzYwMywiaWF0IjoxNzUyNjQ4ODAzLCJqdGkiOiIyYmY0YjZkNGZjMTI0NWE5YTU5MzBlMDMzYTNmZGEyNiIsInVzZXJfaWQiOjE1fQ.oxAs4FlGs6UyW6OOAlliBEafQNshLUFwPHasfVr9j1U','2025-07-16 06:53:23.788994','2025-07-23 06:53:23.000000',15,'2bf4b6d4fc1245a9a5930e033a3fda26'),(3,'eyJhbGciOiJIUzI1NiIsInR5cCI6IkpXVCJ9.eyJ0b2tlbl90eXBlIjoicmVmcmVzaCIsImV4cCI6MTc1MzI1MzY0MCwiaWF0IjoxNzUyNjQ4ODQwLCJqdGkiOiIzYjI0MDA0MGVkMjE0NmUyYjIwNjVlZmNiM2UwZDQ4YiIsInVzZXJfaWQiOjE1fQ.EkBz_dEtNklRD1yNHhVTxKbElgfTUuGoFPPSp5yEaP8','2025-07-16 06:54:00.739824','2025-07-23 06:54:00.000000',15,'3b240040ed2146e2b2065efcb3e0d48b'),(4,'eyJhbGciOiJIUzI1NiIsInR5cCI6IkpXVCJ9.eyJ0b2tlbl90eXBlIjoicmVmcmVzaCIsImV4cCI6MTc1MzI1Mzk0NCwiaWF0IjoxNzUyNjQ5MTQ0LCJqdGkiOiIwNjFiYmJmMGIyZjg0YzgxYjc3ZTRhZDJhMGFmZGQxZSIsInVzZXJfaWQiOjE1fQ.-HQUVd_jlpuwIrcOvH5_9Jpmiw8iozH7a4aCRbd-rBs','2025-07-16 06:59:04.318076','2025-07-23 06:59:04.000000',15,'061bbbf0b2f84c81b77e4ad2a0afdd1e'),(5,'eyJhbGciOiJIUzI1NiIsInR5cCI6IkpXVCJ9.eyJ0b2tlbl90eXBlIjoicmVmcmVzaCIsImV4cCI6MTc1MzI1Mzk2OSwiaWF0IjoxNzUyNjQ5MTY5LCJqdGkiOiI3ZTYwNTI0Nzc1ODc0MzM0OWNhNGVhYWNkMDAyYTZkOCIsInVzZXJfaWQiOjE1fQ.yyW__mpf8tP5X4ac5d-X9uKA7fmWVnx1QV9CotRLP3g','2025-07-16 06:59:29.497946','2025-07-23 06:59:29.000000',15,'7e605247758743349ca4eaacd002a6d8'),(6,'eyJhbGciOiJIUzI1NiIsInR5cCI6IkpXVCJ9.eyJ0b2tlbl90eXBlIjoicmVmcmVzaCIsImV4cCI6MTc1MzI1NDQ5NiwiaWF0IjoxNzUyNjQ5Njk2LCJqdGkiOiIzYzQ4NzRjMzNhNzc0NzlmODE4Zjc2MDBjODg0ZmVmOCIsInVzZXJfaWQiOjEzfQ.Kc_wmp8OFfG47Q-3hRZVj1_0mrU5UuWbwHRJMVxnAd4','2025-07-16 07:08:16.711639','2025-07-23 07:08:16.000000',13,'3c4874c33a77479f818f7600c884fef8'),(7,'eyJhbGciOiJIUzI1NiIsInR5cCI6IkpXVCJ9.eyJ0b2tlbl90eXBlIjoicmVmcmVzaCIsImV4cCI6MTc1MzI1NDUwOCwiaWF0IjoxNzUyNjQ5NzA4LCJqdGkiOiIzYThiODFhNmZjMjc0MTg0YTM1ZWFkMGVmMTkxYWVhMiIsInVzZXJfaWQiOjF9.6f3A2R--Qtz-hQpQ4boI73b6M8dGuJbKzbw03ZmDu_M','2025-07-16 07:08:28.243314','2025-07-23 07:08:28.000000',1,'3a8b81a6fc274184a35ead0ef191aea2'),(8,'eyJhbGciOiJIUzI1NiIsInR5cCI6IkpXVCJ9.eyJ0b2tlbl90eXBlIjoicmVmcmVzaCIsImV4cCI6MTc1MzI1NDUwOCwiaWF0IjoxNzUyNjQ5NzA4LCJqdGkiOiI5MDdjYjRmZjRjMWU0NWZjODU4ZmNlZDY3ODcxZDhiYSIsInVzZXJfaWQiOjF9.cy1yvbbTJAsUSwUmzO1koOLh93RNe2_R-Mlww2OU2HY','2025-07-16 07:08:28.838992','2025-07-23 07:08:28.000000',1,'907cb4ff4c1e45fc858fced67871d8ba'),(9,'eyJhbGciOiJIUzI1NiIsInR5cCI6IkpXVCJ9.eyJ0b2tlbl90eXBlIjoicmVmcmVzaCIsImV4cCI6MTc1MzI1NDUxNSwiaWF0IjoxNzUyNjQ5NzE1LCJqdGkiOiI0MWNjNzQ1YzBjM2Q0ODEwOGI1OGI4YTdhY2FlMTE5ZSIsInVzZXJfaWQiOjF9.uj_3K9-g7ZsT6njrR8r5DcJ3AKTkEEMvPdQpFWWGZ4Q','2025-07-16 07:08:35.714847','2025-07-23 07:08:35.000000',1,'41cc745c0c3d48108b58b8a7acae119e'),(10,'eyJhbGciOiJIUzI1NiIsInR5cCI6IkpXVCJ9.eyJ0b2tlbl90eXBlIjoicmVmcmVzaCIsImV4cCI6MTc1MzI1NDUyNiwiaWF0IjoxNzUyNjQ5NzI2LCJqdGkiOiJmOTIzZjI3OWY5ODA0MzRkYjExYjc1N2UwY2VhOWM0YyIsInVzZXJfaWQiOjF9.GcEh1MK0Cs9uIRhitJYDMcmk06ZxZwz3tmMuvSSVRFs','2025-07-16 07:08:46.604477','2025-07-23 07:08:46.000000',1,'f923f279f980434db11b757e0cea9c4c'),(11,'eyJhbGciOiJIUzI1NiIsInR5cCI6IkpXVCJ9.eyJ0b2tlbl90eXBlIjoicmVmcmVzaCIsImV4cCI6MTc1MzI1NDUzMywiaWF0IjoxNzUyNjQ5NzMzLCJqdGkiOiI1OTQ2MWNjYTMxZDM0NWYwOGE0ODY0ZWQyM2MwNjFjZCIsInVzZXJfaWQiOjEzfQ.EDGVxjD67xHq9GWI8EpJZqqfgVqy1D0Uy426QUYO78E','2025-07-16 07:08:53.012295','2025-07-23 07:08:53.000000',13,'59461cca31d345f08a4864ed23c061cd'),(12,'eyJhbGciOiJIUzI1NiIsInR5cCI6IkpXVCJ9.eyJ0b2tlbl90eXBlIjoicmVmcmVzaCIsImV4cCI6MTc1MzI1NDU0MSwiaWF0IjoxNzUyNjQ5NzQxLCJqdGkiOiI4ZDI3ZmFmOTJiM2M0MTEwODIxNWU5NDBkZWQzMDc2ZCIsInVzZXJfaWQiOjF9.sYnJ-WINOCd1BmtbVnI5rQfQ2J1pmTlvSEBtHrBgTOQ','2025-07-16 07:09:01.648413','2025-07-23 07:09:01.000000',1,'8d27faf92b3c41108215e940ded3076d'),(13,'eyJhbGciOiJIUzI1NiIsInR5cCI6IkpXVCJ9.eyJ0b2tlbl90eXBlIjoicmVmcmVzaCIsImV4cCI6MTc1MzI1NjMxNSwiaWF0IjoxNzUyNjUxNTE1LCJqdGkiOiIwOTcyM2JhYmRiNmU0MmFiYjBjMDQ2NDY3NjM2NDVjMCIsInVzZXJfaWQiOjF9.A8_bWasGrFCGx4GjhPck3Z1RlEeUcjYo85cEdcxdq5I','2025-07-16 07:38:35.240020','2025-07-23 07:38:35.000000',1,'09723babdb6e42abb0c04646763645c0'),(14,'eyJhbGciOiJIUzI1NiIsInR5cCI6IkpXVCJ9.eyJ0b2tlbl90eXBlIjoicmVmcmVzaCIsImV4cCI6MTc1MzI1NjMxOSwiaWF0IjoxNzUyNjUxNTE5LCJqdGkiOiI4MzcyNDc0MjFjOWI0NTkyYTY1Y2FmZTNlMTlkMGYyNiIsInVzZXJfaWQiOjEzfQ.Lk0unjwx0WmZmfn5lvbEiHxv3kveIEZ_R3cYI_XnfZY','2025-07-16 07:38:39.835104','2025-07-23 07:38:39.000000',13,'837247421c9b4592a65cafe3e19d0f26'),(15,'eyJhbGciOiJIUzI1NiIsInR5cCI6IkpXVCJ9.eyJ0b2tlbl90eXBlIjoicmVmcmVzaCIsImV4cCI6MTc1MzI2MTk3OCwiaWF0IjoxNzUyNjU3MTc4LCJqdGkiOiIxYjQ5YzYxOWRjOGI0OTMzYTM0NmQxNmExNjJjMGNhMyIsInVzZXJfaWQiOjF9.yHqc4Z6x3mo7EELpK4QQxkzkWUUtTSU_nfmPBq8DCo0','2025-07-16 09:12:58.348663','2025-07-23 09:12:58.000000',1,'1b49c619dc8b4933a346d16a162c0ca3'),(16,'eyJhbGciOiJIUzI1NiIsInR5cCI6IkpXVCJ9.eyJ0b2tlbl90eXBlIjoicmVmcmVzaCIsImV4cCI6MTc1MzI2Mjk1NiwiaWF0IjoxNzUyNjU4MTU2LCJqdGkiOiIxMWE4NjhlOGZmNDY0YWVjODRiYTgzY2VhNGRmOWFlMSIsInVzZXJfaWQiOjE1fQ.FbeaViYtGq8s5sTPicyXrKmLzIDz2moHwVO6H7RoCTI','2025-07-16 09:29:16.992150','2025-07-23 09:29:16.000000',15,'11a868e8ff464aec84ba83cea4df9ae1'),(17,'eyJhbGciOiJIUzI1NiIsInR5cCI6IkpXVCJ9.eyJ0b2tlbl90eXBlIjoicmVmcmVzaCIsImV4cCI6MTc1MzI2MzU1OSwiaWF0IjoxNzUyNjU4NzU5LCJqdGkiOiJlM2MxZTc4NGY4N2I0M2UyOGFjZmQ4NzExYjJhNTRmZiIsInVzZXJfaWQiOjF9.y-hpwcFoovEkYYXAZg7cn_TaEHB5nHZqIvDHtX2xbBo','2025-07-16 09:39:19.537674','2025-07-23 09:39:19.000000',1,'e3c1e784f87b43e28acfd8711b2a54ff'),(18,'eyJhbGciOiJIUzI1NiIsInR5cCI6IkpXVCJ9.eyJ0b2tlbl90eXBlIjoicmVmcmVzaCIsImV4cCI6MTc1MzI2MzU3MCwiaWF0IjoxNzUyNjU4NzcwLCJqdGkiOiIwZTVjNjY4YjRjY2I0Y2JkYThmOTkyZjQ5YzZmNjczZSIsInVzZXJfaWQiOjEzfQ.DOLUyY6Hqoi8y3rfJALQAR-RP23LbqVuyHXKhUCX4nc','2025-07-16 09:39:30.769524','2025-07-23 09:39:30.000000',13,'0e5c668b4ccb4cbda8f992f49c6f673e'),(19,'eyJhbGciOiJIUzI1NiIsInR5cCI6IkpXVCJ9.eyJ0b2tlbl90eXBlIjoicmVmcmVzaCIsImV4cCI6MTc1MzI2NDI0MCwiaWF0IjoxNzUyNjU5NDQwLCJqdGkiOiI2ZmZhNmNmNGQxODQ0NTdmOTIzZjA1NjY2MTgxZGMwYyIsInVzZXJfaWQiOjE1fQ.delwpwBo1OTnHN0kqXiH-WyY0t_DH6VU3izwiviSazs','2025-07-16 09:50:40.864668','2025-07-23 09:50:40.000000',15,'6ffa6cf4d184457f923f05666181dc0c'),(20,'eyJhbGciOiJIUzI1NiIsInR5cCI6IkpXVCJ9.eyJ0b2tlbl90eXBlIjoicmVmcmVzaCIsImV4cCI6MTc1MzI2OTI0MiwiaWF0IjoxNzUyNjY0NDQyLCJqdGkiOiJlNDdjZjVlZDlmNDk0OWVmOGM2ZTM3ZDdlMWZkMGFmNCIsInVzZXJfaWQiOjF9.SxGcBoYnm1a_jjGGcN3OHDDeOSzzqz4QIlLhGA5MjBM','2025-07-16 11:14:02.239287','2025-07-23 11:14:02.000000',1,'e47cf5ed9f4949ef8c6e37d7e1fd0af4'),(21,'eyJhbGciOiJIUzI1NiIsInR5cCI6IkpXVCJ9.eyJ0b2tlbl90eXBlIjoicmVmcmVzaCIsImV4cCI6MTc1MzI2OTUzNywiaWF0IjoxNzUyNjY0NzM3LCJqdGkiOiI2NGZhNWYyYWJmMDY0OGFhOWNhZTQ0YzA2NDA0ZDhjZiIsInVzZXJfaWQiOjE2fQ.DAkYVM8IYcg_xsx3PbCdaw5XFcjvZBMc3eg5bxE9k88','2025-07-16 11:18:57.478345','2025-07-23 11:18:57.000000',16,'64fa5f2abf0648aa9cae44c06404d8cf'),(22,'eyJhbGciOiJIUzI1NiIsInR5cCI6IkpXVCJ9.eyJ0b2tlbl90eXBlIjoicmVmcmVzaCIsImV4cCI6MTc1MzI2OTY0OCwiaWF0IjoxNzUyNjY0ODQ4LCJqdGkiOiJhMDA1YTdjNDRmYWU0ODY0YTI0OGUyYWYxNWEzZTZlMSIsInVzZXJfaWQiOjE1fQ.6kI1xN0X2aFbRaWEPOdQxyxD5vOILIDXXDHYl47FdrQ','2025-07-16 11:20:48.063056','2025-07-23 11:20:48.000000',15,'a005a7c44fae4864a248e2af15a3e6e1'),(23,'eyJhbGciOiJIUzI1NiIsInR5cCI6IkpXVCJ9.eyJ0b2tlbl90eXBlIjoicmVmcmVzaCIsImV4cCI6MTc1MzI3MTY5NywiaWF0IjoxNzUyNjY2ODk3LCJqdGkiOiJjOTliODZiM2JjZTA0Mzc1ODdiZjMzNTEzZDQ0N2M1YiIsInVzZXJfaWQiOjE2fQ.95Yt2RMWcrAXOU04jUGEbxiFh-vyY22CW6HOG8pdkUY','2025-07-16 11:54:57.217259','2025-07-23 11:54:57.000000',16,'c99b86b3bce0437587bf33513d447c5b'),(24,'eyJhbGciOiJIUzI1NiIsInR5cCI6IkpXVCJ9.eyJ0b2tlbl90eXBlIjoicmVmcmVzaCIsImV4cCI6MTc1MzI3Mzc5NiwiaWF0IjoxNzUyNjY4OTk2LCJqdGkiOiI3YmM2YWY1YzBjN2U0NzBiYjhkZGE4OGM1Y2M0YTIzYiIsInVzZXJfaWQiOjE1fQ._4TuZzpDnF3EGFvjvvyo7V4G2dZcV8IoaBJRb0mHCnE','2025-07-16 12:29:56.801139','2025-07-23 12:29:56.000000',15,'7bc6af5c0c7e470bb8dda88c5cc4a23b'),(25,'eyJhbGciOiJIUzI1NiIsInR5cCI6IkpXVCJ9.eyJ0b2tlbl90eXBlIjoicmVmcmVzaCIsImV4cCI6MTc1MzMzMDQwMCwiaWF0IjoxNzUyNzI1NjAwLCJqdGkiOiIyZDM0NWFkMjY4NDY0ZTU2YmE4NmM1Mzk3NzYwMDIyNSIsInVzZXJfaWQiOjEzfQ.WppjB1O0lgpW6B9kl6tXFU4A8xHXmJG38Br8zF1pjEo','2025-07-17 04:13:20.745311','2025-07-24 04:13:20.000000',13,'2d345ad268464e56ba86c53977600225'),(26,'eyJhbGciOiJIUzI1NiIsInR5cCI6IkpXVCJ9.eyJ0b2tlbl90eXBlIjoicmVmcmVzaCIsImV4cCI6MTc1MzMzMTEzMSwiaWF0IjoxNzUyNzI2MzMxLCJqdGkiOiJjNzQxYzRmODZmZDA0NmMzODExYzFkOWQ2ZmYzMjI4NSIsInVzZXJfaWQiOjE2fQ.bPk75IgZxo1oxK2KZvx8_1YEK1X4FGNd6oBmKAg6Mzw','2025-07-17 04:25:31.234356','2025-07-24 04:25:31.000000',16,'c741c4f86fd046c3811c1d9d6ff32285'),(27,'eyJhbGciOiJIUzI1NiIsInR5cCI6IkpXVCJ9.eyJ0b2tlbl90eXBlIjoicmVmcmVzaCIsImV4cCI6MTc1MzMzMTUwMSwiaWF0IjoxNzUyNzI2NzAxLCJqdGkiOiIzZDBkM2NlNjBmMWU0MTEyODZiN2EwN2ZlNTNmZDJkYSIsInVzZXJfaWQiOjE1fQ.9ikBvnR0e8YK62vknVLiRoABzk9TnQL0vIvS6c0JoEM','2025-07-17 04:31:41.979121','2025-07-24 04:31:41.000000',15,'3d0d3ce60f1e411286b7a07fe53fd2da'),(28,'eyJhbGciOiJIUzI1NiIsInR5cCI6IkpXVCJ9.eyJ0b2tlbl90eXBlIjoicmVmcmVzaCIsImV4cCI6MTc1MzMzMTU4MCwiaWF0IjoxNzUyNzI2NzgwLCJqdGkiOiJhOGFkYzMyMzg5OTQ0NmNiYmU4YTA2NmMxNTQzMzNiYiIsInVzZXJfaWQiOjE1fQ.3iku6fGIEyt2iqde3tYq31uDT4bGr_psAGz4w5NJvvA','2025-07-17 04:33:00.867452','2025-07-24 04:33:00.000000',15,'a8adc323899446cbbe8a066c154333bb'),(29,'eyJhbGciOiJIUzI1NiIsInR5cCI6IkpXVCJ9.eyJ0b2tlbl90eXBlIjoicmVmcmVzaCIsImV4cCI6MTc1MzMzMTcxMywiaWF0IjoxNzUyNzI2OTEzLCJqdGkiOiJmZGZhMTBhNTFlNGY0NjgxYWJhYzM4YTIwN2RiODdkNSIsInVzZXJfaWQiOjE2fQ.d8XwFwEQfg7nsSXlRYb0eD1lodqnu4J_wsKWqRZ9MJQ','2025-07-17 04:35:13.539269','2025-07-24 04:35:13.000000',16,'fdfa10a51e4f4681abac38a207db87d5'),(30,'eyJhbGciOiJIUzI1NiIsInR5cCI6IkpXVCJ9.eyJ0b2tlbl90eXBlIjoicmVmcmVzaCIsImV4cCI6MTc1MzMzMzY4NywiaWF0IjoxNzUyNzI4ODg3LCJqdGkiOiIyNTY0OGY1ODYyODE0Yjg3Yjg3MTk2ZDBmZDFhMjhiOSIsInVzZXJfaWQiOjE1fQ.cUvHHm-2Zw436yPIsPziHIs5EP55N2ELJmARNRQx1NY','2025-07-17 05:08:07.407515','2025-07-24 05:08:07.000000',15,'25648f5862814b87b87196d0fd1a28b9'),(31,'eyJhbGciOiJIUzI1NiIsInR5cCI6IkpXVCJ9.eyJ0b2tlbl90eXBlIjoicmVmcmVzaCIsImV4cCI6MTc1MzMzMzgwMiwiaWF0IjoxNzUyNzI5MDAyLCJqdGkiOiJhOTM1NGVjZGUzZTg0OWUyYTBkNmMxZWUxNWI0MDVkNSIsInVzZXJfaWQiOjE1fQ.-1tPZb40FSCYi0_IyMJy57CloxY2zp0Cnln7Y8j-21k','2025-07-17 05:10:02.518532','2025-07-24 05:10:02.000000',15,'a9354ecde3e849e2a0d6c1ee15b405d5'),(32,'eyJhbGciOiJIUzI1NiIsInR5cCI6IkpXVCJ9.eyJ0b2tlbl90eXBlIjoicmVmcmVzaCIsImV4cCI6MTc1MzMzNTcwOSwiaWF0IjoxNzUyNzMwOTA5LCJqdGkiOiI2MzgwMTZhODk0OGY0Y2U4YWM2ZThkZGMxYTYwNTQ5ZSIsInVzZXJfaWQiOjE1fQ.5KfvEchCtON5feZ1xlhJdGGu1a4bPx_8iQLNXTXCtUY','2025-07-17 05:41:49.372400','2025-07-24 05:41:49.000000',15,'638016a8948f4ce8ac6e8ddc1a60549e'),(33,'eyJhbGciOiJIUzI1NiIsInR5cCI6IkpXVCJ9.eyJ0b2tlbl90eXBlIjoicmVmcmVzaCIsImV4cCI6MTc1MzM0MjQ1MiwiaWF0IjoxNzUyNzM3NjUyLCJqdGkiOiI5NDUzOWMwZGI4YmU0NmNlOTVlYzdmMmE0NGI5Mjg0MSIsInVzZXJfaWQiOjE2fQ.FHoNYFcX00bfFCLV4gB0ZuIsfVZZ0Xe3PKaA_EYrQRE','2025-07-17 07:34:12.808321','2025-07-24 07:34:12.000000',16,'94539c0db8be46ce95ec7f2a44b92841'),(34,'eyJhbGciOiJIUzI1NiIsInR5cCI6IkpXVCJ9.eyJ0b2tlbl90eXBlIjoicmVmcmVzaCIsImV4cCI6MTc1MzM0Mjc1OCwiaWF0IjoxNzUyNzM3OTU4LCJqdGkiOiI1NDJiNTcxNzg2ZWE0OGU1OGZkMDQ2YTlkYmIxZWI2MCIsInVzZXJfaWQiOjE2fQ.1Gn-eJnJodW3HamQo4YCre12rqEX411K-PBk_5FJ9so','2025-07-17 07:39:18.871456','2025-07-24 07:39:18.000000',16,'542b571786ea48e58fd046a9dbb1eb60'),(35,'eyJhbGciOiJIUzI1NiIsInR5cCI6IkpXVCJ9.eyJ0b2tlbl90eXBlIjoicmVmcmVzaCIsImV4cCI6MTc1MzM0NDE4OSwiaWF0IjoxNzUyNzM5Mzg5LCJqdGkiOiJmZjYxZTcwMDY5YTQ0NWIwODMxNjQwMDRkZGMwMWNmYSIsInVzZXJfaWQiOjE3fQ.GwYtEMTMupOp3A0P7KJtl1h-6C_WGAitJ0CHMFd6DDQ','2025-07-17 08:03:09.790331','2025-07-24 08:03:09.000000',17,'ff61e70069a445b083164004ddc01cfa'),(36,'eyJhbGciOiJIUzI1NiIsInR5cCI6IkpXVCJ9.eyJ0b2tlbl90eXBlIjoicmVmcmVzaCIsImV4cCI6MTc1MzM0NDIwMCwiaWF0IjoxNzUyNzM5NDAwLCJqdGkiOiI0YTQ0ZDMzNWQzYmU0ZGI1YTY0MmIyOTZlNzljODU2ZCIsInVzZXJfaWQiOjE3fQ.V8XTZKPj_Taub1W8vFSDUQG0w6aKdDok3fyScAh-H2M','2025-07-17 08:03:20.147671','2025-07-24 08:03:20.000000',17,'4a44d335d3be4db5a642b296e79c856d'),(37,'eyJhbGciOiJIUzI1NiIsInR5cCI6IkpXVCJ9.eyJ0b2tlbl90eXBlIjoicmVmcmVzaCIsImV4cCI6MTc1MzM0NDI0NywiaWF0IjoxNzUyNzM5NDQ3LCJqdGkiOiIwODUzM2NlZmYyNWI0OTczOTNlNjdhZWU4ODcwOTJlNiIsInVzZXJfaWQiOjE3fQ.SATkpbYgMBID9eXuul1viueA6OVxnXAaivcKENg8ikU','2025-07-17 08:04:07.333163','2025-07-24 08:04:07.000000',17,'08533ceff25b497393e67aee887092e6'),(38,'eyJhbGciOiJIUzI1NiIsInR5cCI6IkpXVCJ9.eyJ0b2tlbl90eXBlIjoicmVmcmVzaCIsImV4cCI6MTc1MzM0NDM5MywiaWF0IjoxNzUyNzM5NTkzLCJqdGkiOiJjYjVjZTEzZDI2OTY0OThjYTNmMjk3YzE4YjJhMzg1NyIsInVzZXJfaWQiOjE3fQ._BpKTUZeU8mdtYNnXiQ5_LTBYkOZ_I3rEicXFmO9Dqk','2025-07-17 08:06:33.920105','2025-07-24 08:06:33.000000',17,'cb5ce13d2696498ca3f297c18b2a3857'),(39,'eyJhbGciOiJIUzI1NiIsInR5cCI6IkpXVCJ9.eyJ0b2tlbl90eXBlIjoicmVmcmVzaCIsImV4cCI6MTc1MzM0NDQ5NiwiaWF0IjoxNzUyNzM5Njk2LCJqdGkiOiJkZTE2ZGE2MzRjYmU0Zjk4YmFlZWRmMTZlMTY0OWI0OSIsInVzZXJfaWQiOjE2fQ.2FRu6h0TrTecUuh2803DOEiI07Qu3Ntxi9mnFNBTEi4','2025-07-17 08:08:16.838308','2025-07-24 08:08:16.000000',16,'de16da634cbe4f98baeedf16e1649b49'),(40,'eyJhbGciOiJIUzI1NiIsInR5cCI6IkpXVCJ9.eyJ0b2tlbl90eXBlIjoicmVmcmVzaCIsImV4cCI6MTc1MzM0NDc3MCwiaWF0IjoxNzUyNzM5OTcwLCJqdGkiOiI1OWEwMGMxNzFhZjU0MmI4YWZiMTk3MWQ1ZTc1Y2Q2OCIsInVzZXJfaWQiOjE1fQ.WNKOJLqwMmMfxMwu0PDUlPHm0pbSMep0eXwUAn7T06I','2025-07-17 08:12:50.460325','2025-07-24 08:12:50.000000',15,'59a00c171af542b8afb1971d5e75cd68'),(41,'eyJhbGciOiJIUzI1NiIsInR5cCI6IkpXVCJ9.eyJ0b2tlbl90eXBlIjoicmVmcmVzaCIsImV4cCI6MTc1MzM0NDg1MCwiaWF0IjoxNzUyNzQwMDUwLCJqdGkiOiIzMjAwMTlhYmMzYjI0MDlhYTI1Y2JiZGE3OTE3ZDBmZiIsInVzZXJfaWQiOjE1fQ.TOpEYYgJ9y7x2sfwPbml_66mCSeogr8heZnpXe8xues','2025-07-17 08:14:10.984873','2025-07-24 08:14:10.000000',15,'320019abc3b2409aa25cbbda7917d0ff'),(42,'eyJhbGciOiJIUzI1NiIsInR5cCI6IkpXVCJ9.eyJ0b2tlbl90eXBlIjoicmVmcmVzaCIsImV4cCI6MTc1MzM1MzcwNywiaWF0IjoxNzUyNzQ4OTA3LCJqdGkiOiI0NzgxODdjNmVlY2Y0NzJjOTJkMTRkMjg0MTZhNzA5YyIsInVzZXJfaWQiOjE1fQ.mp2VQADL4VZmrXYVCRGw18hZzB8fparqX-Xlts28SiQ','2025-07-17 10:41:47.497262','2025-07-24 10:41:47.000000',15,'478187c6eecf472c92d14d28416a709c'),(43,'eyJhbGciOiJIUzI1NiIsInR5cCI6IkpXVCJ9.eyJ0b2tlbl90eXBlIjoicmVmcmVzaCIsImV4cCI6MTc1MzM1Njc2MywiaWF0IjoxNzUyNzUxOTYzLCJqdGkiOiIxNDQ4NDczODdkYzQ0NDk1ODJjZjIzZWI0YTEwYWMzNSIsInVzZXJfaWQiOjE1fQ.uFrTfpygGysjhzqI74LrfOVpqztqGivYPI95ievBXkw','2025-07-17 11:32:43.498069','2025-07-24 11:32:43.000000',15,'144847387dc4449582cf23eb4a10ac35'),(44,'eyJhbGciOiJIUzI1NiIsInR5cCI6IkpXVCJ9.eyJ0b2tlbl90eXBlIjoicmVmcmVzaCIsImV4cCI6MTc1MzQxNjE5NywiaWF0IjoxNzUyODExMzk3LCJqdGkiOiJhNzZjMmI1OTVlYmQ0ZThlOWQ5NWE2NDU1N2Y2ZmNiMCIsInVzZXJfaWQiOjE1fQ.Im3kSfuK2gR75QzLljPyEWZLtKYWFUuPdUzTRf17pnY','2025-07-18 04:03:17.624319','2025-07-25 04:03:17.000000',15,'a76c2b595ebd4e8e9d95a64557f6fcb0'),(45,'eyJhbGciOiJIUzI1NiIsInR5cCI6IkpXVCJ9.eyJ0b2tlbl90eXBlIjoicmVmcmVzaCIsImV4cCI6MTc1MzQxNjE5OCwiaWF0IjoxNzUyODExMzk4LCJqdGkiOiJlZTg3ZGY3YTYwYWE0MzgyOTg1NzI1M2IxYzBlNDU4NCIsInVzZXJfaWQiOjE1fQ.h1fLYcNhb9VYEZSMf7IRgErY9g7RW3QDzMxiFeCVzDU','2025-07-18 04:03:18.791439','2025-07-25 04:03:18.000000',15,'ee87df7a60aa43829857253b1c0e4584'),(46,'eyJhbGciOiJIUzI1NiIsInR5cCI6IkpXVCJ9.eyJ0b2tlbl90eXBlIjoicmVmcmVzaCIsImV4cCI6MTc1MzQxNjQxMywiaWF0IjoxNzUyODExNjEzLCJqdGkiOiJkZjVlYTUxYjZiNjQ0MjlhODlhYmZhNjhhNjhiNGJjYyIsInVzZXJfaWQiOjEzfQ.ZZigA8r4jM7l31Yb4XCdmcw6mQVxAwtRFyGfJgZdn8g','2025-07-18 04:06:53.330047','2025-07-25 04:06:53.000000',13,'df5ea51b6b64429a89abfa68a68b4bcc'),(47,'eyJhbGciOiJIUzI1NiIsInR5cCI6IkpXVCJ9.eyJ0b2tlbl90eXBlIjoicmVmcmVzaCIsImV4cCI6MTc1MzQxNjQ3MSwiaWF0IjoxNzUyODExNjcxLCJqdGkiOiIwMjVkNGQ4NWRjOGU0NzgzOTQ4NWVmZWY0ODFjM2RjNiIsInVzZXJfaWQiOjE1fQ.z9dln_usrtUcr7TvL0EjvySJO0QQWPU_1wuOkUWzT0g','2025-07-18 04:07:51.750426','2025-07-25 04:07:51.000000',15,'025d4d85dc8e47839485efef481c3dc6'),(48,'eyJhbGciOiJIUzI1NiIsInR5cCI6IkpXVCJ9.eyJ0b2tlbl90eXBlIjoicmVmcmVzaCIsImV4cCI6MTc1MzQxNjQ3NSwiaWF0IjoxNzUyODExNjc1LCJqdGkiOiI0OTNiMzkyYjJjZGI0NTAyYTlmZjg5MDYyNDYxNGE0MCIsInVzZXJfaWQiOjE1fQ.OpM3_kNEVIldfrCrHx1JUnVCeIelzbEG77GjvhMhPis','2025-07-18 04:07:55.211326','2025-07-25 04:07:55.000000',15,'493b392b2cdb4502a9ff890624614a40'),(49,'eyJhbGciOiJIUzI1NiIsInR5cCI6IkpXVCJ9.eyJ0b2tlbl90eXBlIjoicmVmcmVzaCIsImV4cCI6MTc1MzQxOTc0NCwiaWF0IjoxNzUyODE0OTQ0LCJqdGkiOiI5ZGQ2MDI4ZDAyNzg0ZTkzODM3ODI3MTNlMTU2MzBkNCIsInVzZXJfaWQiOjE3fQ.aqTYGoVJLSvu7ZHLEUG1jnNeMzSODkvtNIL2Jax7WzE','2025-07-18 05:02:24.883072','2025-07-25 05:02:24.000000',17,'9dd6028d02784e9383782713e15630d4'),(50,'eyJhbGciOiJIUzI1NiIsInR5cCI6IkpXVCJ9.eyJ0b2tlbl90eXBlIjoicmVmcmVzaCIsImV4cCI6MTc1MzQzOTExNCwiaWF0IjoxNzUyODM0MzE0LCJqdGkiOiJhOWY5YjRkMWMwZmE0YjRlODRkM2I4NGRmZjBhZGQwNCIsInVzZXJfaWQiOjE2fQ.yeqXyiP5Q1SRP4PqQAa9GsoR4d6s_M43KEjwSIae104','2025-07-18 10:25:14.263069','2025-07-25 10:25:14.000000',16,'a9f9b4d1c0fa4b4e84d3b84dff0add04'),(51,'eyJhbGciOiJIUzI1NiIsInR5cCI6IkpXVCJ9.eyJ0b2tlbl90eXBlIjoicmVmcmVzaCIsImV4cCI6MTc1MzQ0Mzk0MSwiaWF0IjoxNzUyODM5MTQxLCJqdGkiOiIzZjdiNzI2YTExNTg0YzQzOGI5MmZlZTJiN2ZlMzRkYSIsInVzZXJfaWQiOjEzfQ.kF0I6FYw0lQS15EZqCl38AFxJUgymkCTsbn8LdkYraE','2025-07-18 11:45:41.779789','2025-07-25 11:45:41.000000',13,'3f7b726a11584c438b92fee2b7fe34da'),(52,'eyJhbGciOiJIUzI1NiIsInR5cCI6IkpXVCJ9.eyJ0b2tlbl90eXBlIjoicmVmcmVzaCIsImV4cCI6MTc1MzQ0Mzk1NCwiaWF0IjoxNzUyODM5MTU0LCJqdGkiOiI1ZmIzNzg2NzM0NGI0MGE0OWRkNzQ0MGZlNWM1YTRlNyIsInVzZXJfaWQiOjE2fQ.JL3Q7Ob2j46bY-ITn0b-NxrjDitDFOkxeZId0NJg4iU','2025-07-18 11:45:54.066611','2025-07-25 11:45:54.000000',16,'5fb37867344b40a49dd7440fe5c5a4e7'),(53,'eyJhbGciOiJIUzI1NiIsInR5cCI6IkpXVCJ9.eyJ0b2tlbl90eXBlIjoicmVmcmVzaCIsImV4cCI6MTc1MzY3NzA4NywiaWF0IjoxNzUzMDcyMjg3LCJqdGkiOiJlMWJmZmVkZjU1MmQ0YTZlODk4YTc4ZjNmZWY0NWRmYiIsInVzZXJfaWQiOjE3fQ.9oo4b-q6i3_s6abSc9_Dc2TWlU3f7C2WMboTHPbhYiI','2025-07-21 04:31:27.559391','2025-07-28 04:31:27.000000',17,'e1bffedf552d4a6e898a78f3fef45dfb'),(54,'eyJhbGciOiJIUzI1NiIsInR5cCI6IkpXVCJ9.eyJ0b2tlbl90eXBlIjoicmVmcmVzaCIsImV4cCI6MTc1MzY4MTU0NywiaWF0IjoxNzUzMDc2NzQ3LCJqdGkiOiI3MzdlNWQwYmFiYWY0YzE2ODBiNzhjNTNlNzgyNzlmYyIsInVzZXJfaWQiOjE2fQ.ukUxRkEyI3WA5lnqEIfwjtWNM-Hm04uT0dNGDoJB0WI','2025-07-21 05:45:47.318158','2025-07-28 05:45:47.000000',16,'737e5d0babaf4c1680b78c53e78279fc'),(55,'eyJhbGciOiJIUzI1NiIsInR5cCI6IkpXVCJ9.eyJ0b2tlbl90eXBlIjoicmVmcmVzaCIsImV4cCI6MTc1Mzc3MTkyNSwiaWF0IjoxNzUzMTY3MTI1LCJqdGkiOiJhMzBmMWU4YTliMTk0ZDYwYjBjZjRjYTg2ODE4YjJjNyIsInVzZXJfaWQiOjE2fQ.aVJHlf80WdyfvCrbUstD52Ec3F0jTeiROFKvXpUSgLg','2025-07-22 06:52:05.712848','2025-07-29 06:52:05.000000',16,'a30f1e8a9b194d60b0cf4ca86818b2c7'),(56,'eyJhbGciOiJIUzI1NiIsInR5cCI6IkpXVCJ9.eyJ0b2tlbl90eXBlIjoicmVmcmVzaCIsImV4cCI6MTc1Mzc4NzM4MiwiaWF0IjoxNzUzMTgyNTgyLCJqdGkiOiIzNjU2MjFhMjc4M2Y0Y2JmODExYzkzM2JjMjU4MDMxMCIsInVzZXJfaWQiOjE1fQ.7VhZauu2kHpzTwbjBhmUW4UgSkQMsE8-FENfwkKTPU0','2025-07-22 11:09:42.800286','2025-07-29 11:09:42.000000',15,'365621a2783f4cbf811c933bc2580310'),(57,'eyJhbGciOiJIUzI1NiIsInR5cCI6IkpXVCJ9.eyJ0b2tlbl90eXBlIjoicmVmcmVzaCIsImV4cCI6MTc1Mzg0NzgyMywiaWF0IjoxNzUzMjQzMDIzLCJqdGkiOiI4NWU4Yzc5ZDMxNGI0Y2UyYTEyZjkzYTM0NzBmMmNjNCIsInVzZXJfaWQiOjE1fQ.YB2ZluAjzYRUfwL3lKLwWWDu0e3toOlwZ8j0yPVXXgw','2025-07-23 03:57:03.885404','2025-07-30 03:57:03.000000',15,'85e8c79d314b4ce2a12f93a3470f2cc4'),(58,'eyJhbGciOiJIUzI1NiIsInR5cCI6IkpXVCJ9.eyJ0b2tlbl90eXBlIjoicmVmcmVzaCIsImV4cCI6MTc1Mzg2NTc2MiwiaWF0IjoxNzUzMjYwOTYyLCJqdGkiOiJhNGJlNzY2OGYzZGI0MGIxODFkYmI4NzU5OTVjZTYzZCIsInVzZXJfaWQiOjE1fQ.OC_yTVxqljg-Piz33NdN-LzNbKSykF4yfxcoMaTlbJY','2025-07-23 08:56:02.462831','2025-07-30 08:56:02.000000',15,'a4be7668f3db40b181dbb875995ce63d'),(59,'eyJhbGciOiJIUzI1NiIsInR5cCI6IkpXVCJ9.eyJ0b2tlbl90eXBlIjoicmVmcmVzaCIsImV4cCI6MTc1Mzg2NTgyNiwiaWF0IjoxNzUzMjYxMDI2LCJqdGkiOiI4ZGVhMjZjZWU1OWI0N2QyYWEyNzlkYmQwZWVmZDAwZCIsInVzZXJfaWQiOjE3fQ.H7LG9AbRdzpBQVwiXJREA0HIhGAeQr7oo-z2GPiqKL0','2025-07-23 08:57:06.073919','2025-07-30 08:57:06.000000',17,'8dea26cee59b47d2aa279dbd0eefd00d'),(60,'eyJhbGciOiJIUzI1NiIsInR5cCI6IkpXVCJ9.eyJ0b2tlbl90eXBlIjoicmVmcmVzaCIsImV4cCI6MTc1Mzg2NjQ3NCwiaWF0IjoxNzUzMjYxNjc0LCJqdGkiOiI1MzI2MmNmN2JmYTY0MTYwOWZlMDc1N2UyOWRlMWRhOSIsInVzZXJfaWQiOjE1fQ.R8IrqpvCk4qKAcSdo-2rrcTO03My61pbq0Iqa2wUuec','2025-07-23 09:07:54.956239','2025-07-30 09:07:54.000000',15,'53262cf7bfa641609fe0757e29de1da9'),(61,'eyJhbGciOiJIUzI1NiIsInR5cCI6IkpXVCJ9.eyJ0b2tlbl90eXBlIjoicmVmcmVzaCIsImV4cCI6MTc1Mzg2Nzc0OCwiaWF0IjoxNzUzMjYyOTQ4LCJqdGkiOiJjY2E5YWVmYTVjOGY0OTQ4OWIzMTgzNGRlMWRhNjBiNyIsInVzZXJfaWQiOjE1fQ.5QnuTjiAC8y4Z1thyWSAhhw_UcLGl0-QWNknZHgqKE8','2025-07-23 09:29:08.823714','2025-07-30 09:29:08.000000',15,'cca9aefa5c8f49489b31834de1da60b7'),(62,'eyJhbGciOiJIUzI1NiIsInR5cCI6IkpXVCJ9.eyJ0b2tlbl90eXBlIjoicmVmcmVzaCIsImV4cCI6MTc1Mzg2ODQ1OSwiaWF0IjoxNzUzMjYzNjU5LCJqdGkiOiIwMmQ5NTdkYzM1MzA0NGMzODY2OGNlZjVkN2EyYmI2NSIsInVzZXJfaWQiOjE1fQ.aBJPkwu5222pdquJatQmes8-5J9euDWgJu0_kV681X4','2025-07-23 09:40:59.451890','2025-07-30 09:40:59.000000',15,'02d957dc353044c38668cef5d7a2bb65'),(63,'eyJhbGciOiJIUzI1NiIsInR5cCI6IkpXVCJ9.eyJ0b2tlbl90eXBlIjoicmVmcmVzaCIsImV4cCI6MTc1Mzg3NTUxOSwiaWF0IjoxNzUzMjcwNzE5LCJqdGkiOiI0MWJkYzc1NjhkOTA0YjA3YjkzYmYyYjgwNjk2ZjQ4ZiIsInVzZXJfaWQiOjE1fQ.oeR0REk3XqUn73SjjtypEBbDVvKmHorrf5Nd6S6bmuY','2025-07-23 11:38:39.519260','2025-07-30 11:38:39.000000',15,'41bdc7568d904b07b93bf2b80696f48f'),(64,'eyJhbGciOiJIUzI1NiIsInR5cCI6IkpXVCJ9.eyJ0b2tlbl90eXBlIjoicmVmcmVzaCIsImV4cCI6MTc1MzkzMzg5NSwiaWF0IjoxNzUzMzI5MDk1LCJqdGkiOiI3MGIwMTQyYTc4YmE0N2U5YTViZDc0OTQ5YWZjMzliNCIsInVzZXJfaWQiOjE3fQ.kG0Q7OcRbHwNg5SYwkNSiNQZuhUOkoOTDnVV0xfI608','2025-07-24 03:51:35.248595','2025-07-31 03:51:35.000000',17,'70b0142a78ba47e9a5bd74949afc39b4'),(65,'eyJhbGciOiJIUzI1NiIsInR5cCI6IkpXVCJ9.eyJ0b2tlbl90eXBlIjoicmVmcmVzaCIsImV4cCI6MTc1MzkzNDIzNSwiaWF0IjoxNzUzMzI5NDM1LCJqdGkiOiJhZTYwNzk3YzYxYzI0Yzg3OGQyNGUzYjY2NGYyNzAxZCIsInVzZXJfaWQiOjE2fQ.JwmptKb2hg4LY2HmacFmgjk0_JDdNuDSpuFpgJupgVQ','2025-07-24 03:57:15.047633','2025-07-31 03:57:15.000000',16,'ae60797c61c24c878d24e3b664f2701d'),(66,'eyJhbGciOiJIUzI1NiIsInR5cCI6IkpXVCJ9.eyJ0b2tlbl90eXBlIjoicmVmcmVzaCIsImV4cCI6MTc1Mzk1Nzk0MywiaWF0IjoxNzUzMzUzMTQzLCJqdGkiOiJmY2U3NDdlNmVjMGE0MTM2YTZkMGNhM2Y2Y2IzZjAyZiIsInVzZXJfaWQiOjE2fQ.Xa3EYcRu3I5Lqe95s-Wjvq9x0cFLLNU26w0kBldGcBA','2025-07-24 10:32:23.894051','2025-07-31 10:32:23.000000',16,'fce747e6ec0a4136a6d0ca3f6cb3f02f'),(67,'eyJhbGciOiJIUzI1NiIsInR5cCI6IkpXVCJ9.eyJ0b2tlbl90eXBlIjoicmVmcmVzaCIsImV4cCI6MTc1Mzk2MTcwMiwiaWF0IjoxNzUzMzU2OTAyLCJqdGkiOiI2Yzc1ZGE3ZDE4NDA0MDY1YTdiM2Q0MmJkNjcyMjNhOSIsInVzZXJfaWQiOjE2fQ.go0l-TzmEdPA0ipJB3bTP4GJQoHBlYT9XmQKOcHsLkU','2025-07-24 11:35:02.204865','2025-07-31 11:35:02.000000',16,'6c75da7d18404065a7b3d42bd67223a9'),(68,'eyJhbGciOiJIUzI1NiIsInR5cCI6IkpXVCJ9.eyJ0b2tlbl90eXBlIjoicmVmcmVzaCIsImV4cCI6MTc1NDAyNDI4NywiaWF0IjoxNzUzNDE5NDg3LCJqdGkiOiJiMzcxNjZjNjhlMDU0ZDc0ODVhM2QwZGJhZDViMGQ5OCIsInVzZXJfaWQiOjE1fQ.KpbX1MRxm1gaPCz4jZe2tl8N2EDc5UiWfbEnPqsuYK4','2025-07-25 04:58:07.978265','2025-08-01 04:58:07.000000',15,'b37166c68e054d7485a3d0dbad5b0d98'),(69,'eyJhbGciOiJIUzI1NiIsInR5cCI6IkpXVCJ9.eyJ0b2tlbl90eXBlIjoicmVmcmVzaCIsImV4cCI6MTc1NDAyNDk1NiwiaWF0IjoxNzUzNDIwMTU2LCJqdGkiOiIwOWRjOTIwNzYyNzY0ODM5ODdhZDI3YTAxZGQ3ZjlhYiIsInVzZXJfaWQiOjE3fQ.35u_2sTOuhqbcMiiaA4FjH-rpn7kceSZxdLkUAfjfkU','2025-07-25 05:09:16.247458','2025-08-01 05:09:16.000000',17,'09dc92076276483987ad27a01dd7f9ab'),(70,'eyJhbGciOiJIUzI1NiIsInR5cCI6IkpXVCJ9.eyJ0b2tlbl90eXBlIjoicmVmcmVzaCIsImV4cCI6MTc1NDA0MTY5NiwiaWF0IjoxNzUzNDM2ODk2LCJqdGkiOiJkZDkzMjNiZDgyZGM0Y2YzODc3YmJjOTY1Nzg5OWE4OCIsInVzZXJfaWQiOjE1fQ.CJ9a-LP2PqkiVqgazkE9GcKsvhl2l6wQHcE-RPxvETg','2025-07-25 09:48:16.855101','2025-08-01 09:48:16.000000',15,'dd9323bd82dc4cf3877bbc9657899a88'),(71,'eyJhbGciOiJIUzI1NiIsInR5cCI6IkpXVCJ9.eyJ0b2tlbl90eXBlIjoicmVmcmVzaCIsImV4cCI6MTc1NDA0MjA4OSwiaWF0IjoxNzUzNDM3Mjg5LCJqdGkiOiIwNzY3NTM5OGM2NWM0NTViODE1YzUxNTRhMGZmYmRjYyIsInVzZXJfaWQiOjE3fQ.2XcHDdBGuRGUi_eYFWeVQa_cLZobwHA9Xhx0-lCJE14','2025-07-25 09:54:49.823161','2025-08-01 09:54:49.000000',17,'07675398c65c455b815c5154a0ffbdcc'),(72,'eyJhbGciOiJIUzI1NiIsInR5cCI6IkpXVCJ9.eyJ0b2tlbl90eXBlIjoicmVmcmVzaCIsImV4cCI6MTc1NDA0MzQwOCwiaWF0IjoxNzUzNDM4NjA4LCJqdGkiOiI0YzkxYTRkZWExMDA0YTY4ODhmNDJiNDJlZTlhODI3MyIsInVzZXJfaWQiOjE1fQ.A3mxgWajZ0fPAKELoLGCE6XE8U76y_FukllGrZrD8wk','2025-07-25 10:16:48.406391','2025-08-01 10:16:48.000000',15,'4c91a4dea1004a6888f42b42ee9a8273'),(73,'eyJhbGciOiJIUzI1NiIsInR5cCI6IkpXVCJ9.eyJ0b2tlbl90eXBlIjoicmVmcmVzaCIsImV4cCI6MTc1NDI3OTI4MywiaWF0IjoxNzUzNjc0NDgzLCJqdGkiOiIxNWNjZmM2ZmQ0MmE0ZGNiYjBlYTlhMGNiNTk2MGZlZCIsInVzZXJfaWQiOjE2fQ.4y95Nuk72eyj5vdTZ7eIrE_r4kToOzZ0VsUnknNTAe0','2025-07-28 03:48:03.961911','2025-08-04 03:48:03.000000',16,'15ccfc6fd42a4dcbb0ea9a0cb5960fed'),(74,'eyJhbGciOiJIUzI1NiIsInR5cCI6IkpXVCJ9.eyJ0b2tlbl90eXBlIjoicmVmcmVzaCIsImV4cCI6MTc1NDI4MjA0OSwiaWF0IjoxNzUzNjc3MjQ5LCJqdGkiOiIyM2MzYjhhNTU3ZWQ0YTczYWNkMDM4ZDNjMzBhOThlZCIsInVzZXJfaWQiOjE3fQ.8PWc34Mh2XX_L21_Y24QnfKVBcnTPKAq5Hz1k7oER68','2025-07-28 04:34:09.684566','2025-08-04 04:34:09.000000',17,'23c3b8a557ed4a73acd038d3c30a98ed'),(75,'eyJhbGciOiJIUzI1NiIsInR5cCI6IkpXVCJ9.eyJ0b2tlbl90eXBlIjoicmVmcmVzaCIsImV4cCI6MTc1NDI4MjIxOCwiaWF0IjoxNzUzNjc3NDE4LCJqdGkiOiI2OTE0MzJjOWEyYmM0NmFiOWQ1YmQxY2MzZmI5NmJiMiIsInVzZXJfaWQiOjE3fQ.tj2_ni_A1Sx9sVxUpP8FsqdPJZ_Zry_K_U9iDD_A44c','2025-07-28 04:36:58.524427','2025-08-04 04:36:58.000000',17,'691432c9a2bc46ab9d5bd1cc3fb96bb2'),(76,'eyJhbGciOiJIUzI1NiIsInR5cCI6IkpXVCJ9.eyJ0b2tlbl90eXBlIjoicmVmcmVzaCIsImV4cCI6MTc1NDMwODAxNywiaWF0IjoxNzUzNzAzMjE3LCJqdGkiOiJjM2ZmMWEyYTk2NzY0NWY1OWFhZmViOTE0NGQzNTA0OSIsInVzZXJfaWQiOjE2fQ.p_v7oyDuyACvkthCm-qusHn4oh1F-M-Sr43R_En5Za0','2025-07-28 11:46:57.692646','2025-08-04 11:46:57.000000',16,'c3ff1a2a967645f59aafeb9144d35049'),(77,'eyJhbGciOiJIUzI1NiIsInR5cCI6IkpXVCJ9.eyJ0b2tlbl90eXBlIjoicmVmcmVzaCIsImV4cCI6MTc1NDMwODE0NCwiaWF0IjoxNzUzNzAzMzQ0LCJqdGkiOiJjOWQ1ZjExNWExOGE0ZWViYTU2N2ZmMzJhYTkzNTg2ZCIsInVzZXJfaWQiOjE2fQ.aTu-5-iuK2slVF1tMFR0rjNn3EXFkfzTx__Mn3wSCmM','2025-07-28 11:49:04.070688','2025-08-04 11:49:04.000000',16,'c9d5f115a18a4eeba567ff32aa93586d'),(78,'eyJhbGciOiJIUzI1NiIsInR5cCI6IkpXVCJ9.eyJ0b2tlbl90eXBlIjoicmVmcmVzaCIsImV4cCI6MTc1NDM2NjUzOCwiaWF0IjoxNzUzNzYxNzM4LCJqdGkiOiIyNmRlOTA4MWFkZGU0OTczYjhlY2RhMzE4MDk3YzRmMyIsInVzZXJfaWQiOjE2fQ.dJ6hVTwzm8qqqTGRwseOyHW-FHNLo7WOOFR1v-8FNlE','2025-07-29 04:02:18.518672','2025-08-05 04:02:18.000000',16,'26de9081adde4973b8ecda318097c4f3'),(79,'eyJhbGciOiJIUzI1NiIsInR5cCI6IkpXVCJ9.eyJ0b2tlbl90eXBlIjoicmVmcmVzaCIsImV4cCI6MTc1NDM4NDExMywiaWF0IjoxNzUzNzc5MzEzLCJqdGkiOiI3MTJmYTdmNDY5MzM0YTg0OWQ2YTY2NTA5OWU5YmYyMyIsInVzZXJfaWQiOjE3fQ.1psKUG3dx4oYt3FpOlXSVwTAWAWdFpDmFyuFfDBG4JQ','2025-07-29 08:55:13.351998','2025-08-05 08:55:13.000000',17,'712fa7f469334a849d6a665099e9bf23'),(80,'eyJhbGciOiJIUzI1NiIsInR5cCI6IkpXVCJ9.eyJ0b2tlbl90eXBlIjoicmVmcmVzaCIsImV4cCI6MTc1NDM5MzYyMywiaWF0IjoxNzUzNzg4ODIzLCJqdGkiOiJjZTY3ZTNlNjJlNWU0NTE1ODdkNGE2YTkyM2NmMTNjNiIsInVzZXJfaWQiOjEzfQ.djfSaZG2Gc2RfrZP7C6ivScC2oKRzmvSHa0RF0PHwos','2025-07-29 11:33:43.841851','2025-08-05 11:33:43.000000',13,'ce67e3e62e5e451587d4a6a923cf13c6'),(81,'eyJhbGciOiJIUzI1NiIsInR5cCI6IkpXVCJ9.eyJ0b2tlbl90eXBlIjoicmVmcmVzaCIsImV4cCI6MTc1NDM5NTA1MSwiaWF0IjoxNzUzNzkwMjUxLCJqdGkiOiI3MTRlMGFlMzIxMWY0NzA2YTAyNWIyMTA0N2IyYzI5NyIsInVzZXJfaWQiOjE2fQ.D7yR7ZjTvqOYqnRQYFqkLyM9_92JihMHzy-C7JaLePs','2025-07-29 11:57:31.897490','2025-08-05 11:57:31.000000',16,'714e0ae3211f4706a025b21047b2c297'),(82,'eyJhbGciOiJIUzI1NiIsInR5cCI6IkpXVCJ9.eyJ0b2tlbl90eXBlIjoicmVmcmVzaCIsImV4cCI6MTc1NDU0MDMzMCwiaWF0IjoxNzUzOTM1NTMwLCJqdGkiOiJmYTNiYWNjNDZjZDE0OTE2YWMxZjY0ZDAyNmQ1YmNhZiIsInVzZXJfaWQiOjE4fQ._5Adg5uwaVz2emSjHdw6-3KoXODAUv0tc9YZwodBFZk','2025-07-31 04:18:50.592123','2025-08-07 04:18:50.000000',18,'fa3bacc46cd14916ac1f64d026d5bcaf'),(83,'eyJhbGciOiJIUzI1NiIsInR5cCI6IkpXVCJ9.eyJ0b2tlbl90eXBlIjoicmVmcmVzaCIsImV4cCI6MTc1NDU0MTM4MCwiaWF0IjoxNzUzOTM2NTgwLCJqdGkiOiI1ZDIyNWY1ODM2ODI0NmMwYWFhM2UzNzVmOTFkY2ZlMyIsInVzZXJfaWQiOjE4fQ.uJQVJd6uFxsDrT9VSyGCC38GfKGwQcwtOFvl7Ac5yOM','2025-07-31 04:36:20.892872','2025-08-07 04:36:20.000000',18,'5d225f58368246c0aaa3e375f91dcfe3'),(84,'eyJhbGciOiJIUzI1NiIsInR5cCI6IkpXVCJ9.eyJ0b2tlbl90eXBlIjoicmVmcmVzaCIsImV4cCI6MTc1NDU0MTM4OSwiaWF0IjoxNzUzOTM2NTg5LCJqdGkiOiI4ZTQ4YjU0ODJlYTI0MmRlOWFiYzY1NDNhYjBjMjc2ZCIsInVzZXJfaWQiOjE4fQ.Epcr3iTbDdNbmXqibigm_k3URPKn0qgI2BQXw_vDxjc','2025-07-31 04:36:29.614955','2025-08-07 04:36:29.000000',18,'8e48b5482ea242de9abc6543ab0c276d'),(85,'eyJhbGciOiJIUzI1NiIsInR5cCI6IkpXVCJ9.eyJ0b2tlbl90eXBlIjoicmVmcmVzaCIsImV4cCI6MTc1NDU0MzU4OCwiaWF0IjoxNzUzOTM4Nzg4LCJqdGkiOiJkZmUyYjdmZmUyMGE0MWVjODg3YWUxZjBiOTkyZjVkMCIsInVzZXJfaWQiOjEyfQ.QA97rLOuMbxlN4b1UNGsWQN5nyVuyMTjuBvCV5E9t-I','2025-07-31 05:13:08.990027','2025-08-07 05:13:08.000000',12,'dfe2b7ffe20a41ec887ae1f0b992f5d0'),(86,'eyJhbGciOiJIUzI1NiIsInR5cCI6IkpXVCJ9.eyJ0b2tlbl90eXBlIjoicmVmcmVzaCIsImV4cCI6MTc1NDU0MzU5NCwiaWF0IjoxNzUzOTM4Nzk0LCJqdGkiOiI4NDViMTc1NTM4MDM0YzE5OThhYjkzMGEzNWE0YjI3ZSIsInVzZXJfaWQiOjEzfQ.eGCeob-JkyI0Rs5jS6lRo-ePe2mXlUzV8SGsc89oEK8','2025-07-31 05:13:14.912077','2025-08-07 05:13:14.000000',13,'845b175538034c1998ab930a35a4b27e'),(87,'eyJhbGciOiJIUzI1NiIsInR5cCI6IkpXVCJ9.eyJ0b2tlbl90eXBlIjoicmVmcmVzaCIsImV4cCI6MTc1NDU0MzYxMywiaWF0IjoxNzUzOTM4ODEzLCJqdGkiOiJkMGEzNjUxZDdkMDY0NWIyYWQ2ZDViNjNmY2E1ZjgzMyIsInVzZXJfaWQiOjEzfQ.DV9mtUB7QYFlDAAmLBAAsEcaUSN_GBQxVcNAeIzAWlA','2025-07-31 05:13:33.922137','2025-08-07 05:13:33.000000',13,'d0a3651d7d0645b2ad6d5b63fca5f833'),(88,'eyJhbGciOiJIUzI1NiIsInR5cCI6IkpXVCJ9.eyJ0b2tlbl90eXBlIjoicmVmcmVzaCIsImV4cCI6MTc1NDU0MzYyNCwiaWF0IjoxNzUzOTM4ODI0LCJqdGkiOiJmZmI2ZjI0M2E1OWI0NTMxOWY2ZWViOWU2MjNkMTBkOCIsInVzZXJfaWQiOjE2fQ.1W8vPBlErdMhV32Mp3x1T-sz9itNisN-iv4X1H91kTY','2025-07-31 05:13:44.272700','2025-08-07 05:13:44.000000',16,'ffb6f243a59b45319f6eeb9e623d10d8'),(89,'eyJhbGciOiJIUzI1NiIsInR5cCI6IkpXVCJ9.eyJ0b2tlbl90eXBlIjoicmVmcmVzaCIsImV4cCI6MTc1NDU0NTEwMCwiaWF0IjoxNzUzOTQwMzAwLCJqdGkiOiI1YjdjNGVjODRiZDM0M2FhODVlMDFiYzY3OGRmY2RjZiIsInVzZXJfaWQiOjE1fQ.UUsn-ehUfBjQaHoJ1Qd84Esk8VMEzWwDEe2pMreaS7I','2025-07-31 05:38:20.445986','2025-08-07 05:38:20.000000',15,'5b7c4ec84bd343aa85e01bc678dfcdcf'),(90,'eyJhbGciOiJIUzI1NiIsInR5cCI6IkpXVCJ9.eyJ0b2tlbl90eXBlIjoicmVmcmVzaCIsImV4cCI6MTc1NDU0OTI4NywiaWF0IjoxNzUzOTQ0NDg3LCJqdGkiOiJlZDIyMzczOTI3MmY0MTJhYjE5YzVkZWE4NTk4YWVjNCIsInVzZXJfaWQiOjE4fQ.S7izLhDaGS-aXKwt_rVbEi98Db1NlcVKA0P0UbTnPtc','2025-07-31 06:48:07.555893','2025-08-07 06:48:07.000000',18,'ed223739272f412ab19c5dea8598aec4'),(91,'eyJhbGciOiJIUzI1NiIsInR5cCI6IkpXVCJ9.eyJ0b2tlbl90eXBlIjoicmVmcmVzaCIsImV4cCI6MTc1NDU0OTQ2OSwiaWF0IjoxNzUzOTQ0NjY5LCJqdGkiOiI3Zjg1MmFhNTJmOTU0ZTdhOWUzNDk1ODliYTUyNmQxNSIsInVzZXJfaWQiOjE4fQ.HFNvvzuwzJYsTwVMIMqjhJloP_buON628AkaQQEbnIE','2025-07-31 06:51:09.673756','2025-08-07 06:51:09.000000',18,'7f852aa52f954e7a9e349589ba526d15'),(92,'eyJhbGciOiJIUzI1NiIsInR5cCI6IkpXVCJ9.eyJ0b2tlbl90eXBlIjoicmVmcmVzaCIsImV4cCI6MTc1NDU1MTU0OCwiaWF0IjoxNzUzOTQ2NzQ4LCJqdGkiOiI3OTM3MTdhNzNmMmI0Y2M2ODMzMzliZGZjODQ3NTE4MCIsInVzZXJfaWQiOjE1fQ.Eej4kS2DcGV-WhM8cfwtUznEJxlfQguJPtFcwwmm0Nw','2025-07-31 07:25:48.158379','2025-08-07 07:25:48.000000',15,'793717a73f2b4cc683339bdfc8475180'),(93,'eyJhbGciOiJIUzI1NiIsInR5cCI6IkpXVCJ9.eyJ0b2tlbl90eXBlIjoicmVmcmVzaCIsImV4cCI6MTc1NDU1MTkzMiwiaWF0IjoxNzUzOTQ3MTMyLCJqdGkiOiI0N2I2OWMzYWQxOTc0ZGQwYWVlNWU5MjJmNWMwODdjOCIsInVzZXJfaWQiOjEyfQ.f77NOVElX_txe3kuoGLyU8XhNMuYajbafUNOJ6mqu3w','2025-07-31 07:32:12.250653','2025-08-07 07:32:12.000000',12,'47b69c3ad1974dd0aee5e922f5c087c8'),(94,'eyJhbGciOiJIUzI1NiIsInR5cCI6IkpXVCJ9.eyJ0b2tlbl90eXBlIjoicmVmcmVzaCIsImV4cCI6MTc1NDU1MTkzOCwiaWF0IjoxNzUzOTQ3MTM4LCJqdGkiOiI4ZTJmZjY5ZjA1Nzg0N2NhYTE3YjM3Yzg2Y2JiYzY1NiIsInVzZXJfaWQiOjEzfQ.8Ozy-EmTuwY-_2oCrmd0-LqD4DwZP84WdTcUlk0n02E','2025-07-31 07:32:18.157453','2025-08-07 07:32:18.000000',13,'8e2ff69f057847caa17b37c86cbbc656'),(95,'eyJhbGciOiJIUzI1NiIsInR5cCI6IkpXVCJ9.eyJ0b2tlbl90eXBlIjoicmVmcmVzaCIsImV4cCI6MTc1NDU1NDM4NSwiaWF0IjoxNzUzOTQ5NTg1LCJqdGkiOiI4MmVjZjdmOGE4MDI0YWViOGQ2MjBjOTg3MjVjNDY3OSIsInVzZXJfaWQiOjE4fQ.UPLaoX9AITAzn9I_umRIcZlS1Wg6GmCcCm9-BEkeMOQ','2025-07-31 08:13:05.387269','2025-08-07 08:13:05.000000',18,'82ecf7f8a8024aeb8d620c98725c4679'),(96,'eyJhbGciOiJIUzI1NiIsInR5cCI6IkpXVCJ9.eyJ0b2tlbl90eXBlIjoicmVmcmVzaCIsImV4cCI6MTc1NDU1ODE4MSwiaWF0IjoxNzUzOTUzMzgxLCJqdGkiOiIxNWVkZTJkNzgzZjQ0ZjY0YjY5M2YzMjU4ZjI1NDc1OCIsInVzZXJfaWQiOjE3fQ.T0JuF8ssnxQLNscNY0m5tybb218zQwUA70VZ2_4TBEs','2025-07-31 09:16:21.618145','2025-08-07 09:16:21.000000',17,'15ede2d783f44f64b693f3258f254758'),(97,'eyJhbGciOiJIUzI1NiIsInR5cCI6IkpXVCJ9.eyJ0b2tlbl90eXBlIjoicmVmcmVzaCIsImV4cCI6MTc1NDU1ODQwNSwiaWF0IjoxNzUzOTUzNjA1LCJqdGkiOiJlZjM3NzU0NjE5Y2Y0ZDZlYTdiNzAyNTBiM2MxNWU0ZiIsInVzZXJfaWQiOjE3fQ.akPSlh0yvTq5xexO5cnKq4OXoygCHVPvZlyji-_p7fk','2025-07-31 09:20:05.430832','2025-08-07 09:20:05.000000',17,'ef37754619cf4d6ea7b70250b3c15e4f'),(98,'eyJhbGciOiJIUzI1NiIsInR5cCI6IkpXVCJ9.eyJ0b2tlbl90eXBlIjoicmVmcmVzaCIsImV4cCI6MTc1NDg5NzEyMSwiaWF0IjoxNzU0MjkyMzIxLCJqdGkiOiI3M2JjYzBjMDY1MWM0NGJkYTUyNWFiOWI1MDllOTFhZiIsInVzZXJfaWQiOjE3fQ.K24okNEwW-i0dOFCWmM7dicLatTrqSakyJRb8MOvITI','2025-08-04 07:25:21.320764','2025-08-11 07:25:21.000000',17,'73bcc0c0651c44bda525ab9b509e91af'),(99,'eyJhbGciOiJIUzI1NiIsInR5cCI6IkpXVCJ9.eyJ0b2tlbl90eXBlIjoicmVmcmVzaCIsImV4cCI6MTc1NDk3MDU4MSwiaWF0IjoxNzU0MzY1NzgxLCJqdGkiOiI3N2IwZDgyYjhiZTI0OWY1OWZkMDU0YTZkYTM3YzM4MiIsInVzZXJfaWQiOjE3fQ.7GJ6TqUc4lKq8hVBK5cwbXhrT5GJ470np_62D-OyuRw','2025-08-05 03:49:41.396372','2025-08-12 03:49:41.000000',17,'77b0d82b8be249f59fd054a6da37c382'),(100,'eyJhbGciOiJIUzI1NiIsInR5cCI6IkpXVCJ9.eyJ0b2tlbl90eXBlIjoicmVmcmVzaCIsImV4cCI6MTc1NDk3MjE4OSwiaWF0IjoxNzU0MzY3Mzg5LCJqdGkiOiJjOGE5MDhlY2JhNjA0YTY5ODg1OWVhYzkxMWJhZmU5YSIsInVzZXJfaWQiOjE2fQ.b7QmSseGJYXQ1gLckZoswQ0dqboxTd0PTzCvHtU2cmc','2025-08-05 04:16:29.863168','2025-08-12 04:16:29.000000',16,'c8a908ecba604a698859eac911bafe9a'),(101,'eyJhbGciOiJIUzI1NiIsInR5cCI6IkpXVCJ9.eyJ0b2tlbl90eXBlIjoicmVmcmVzaCIsImV4cCI6MTc1NDk3MjU1MCwiaWF0IjoxNzU0MzY3NzUwLCJqdGkiOiJkODEyNjJkMWNkZGE0YjViYjRhOTZiOTRmZDVhNDY2NyIsInVzZXJfaWQiOjE3fQ._V7NtTo8XNFLDXCOYo6OVQajRJRAPT4F-hMqcu8Icvk','2025-08-05 04:22:30.341044','2025-08-12 04:22:30.000000',17,'d81262d1cdda4b5bb4a96b94fd5a4667'),(102,'eyJhbGciOiJIUzI1NiIsInR5cCI6IkpXVCJ9.eyJ0b2tlbl90eXBlIjoicmVmcmVzaCIsImV4cCI6MTc1NDk4NTkxMywiaWF0IjoxNzU0MzgxMTEzLCJqdGkiOiI0YjYzYmE3OGM0NzM0YzNjYjBkYWZmYTJjMDg0NmI3OSIsInVzZXJfaWQiOjV9.6EJ4DSrUOZTcRkmYnDQCCSWWuPiJvcE_T8QZMdRk6d8','2025-08-05 08:05:13.614962','2025-08-12 08:05:13.000000',5,'4b63ba78c4734c3cb0daffa2c0846b79'),(103,'eyJhbGciOiJIUzI1NiIsInR5cCI6IkpXVCJ9.eyJ0b2tlbl90eXBlIjoicmVmcmVzaCIsImV4cCI6MTc1NDk4NTkyNiwiaWF0IjoxNzU0MzgxMTI2LCJqdGkiOiJhMjhjYmI4ODdlOTI0NjlmOGNmODllNTZiMGZiNTYwMiIsInVzZXJfaWQiOjV9.ViR25oWyvQ3B9gxoMztwRyqmfLtkb7S_kkXCPTMclcg','2025-08-05 08:05:26.197949','2025-08-12 08:05:26.000000',5,'a28cbb887e92469f8cf89e56b0fb5602'),(104,'eyJhbGciOiJIUzI1NiIsInR5cCI6IkpXVCJ9.eyJ0b2tlbl90eXBlIjoicmVmcmVzaCIsImV4cCI6MTc1NDk4NTk2OSwiaWF0IjoxNzU0MzgxMTY5LCJqdGkiOiIwMThjMjIxMDBhZTE0OTdjOTBlZTBlZDUwZWE2YzY3MiIsInVzZXJfaWQiOjV9.kIhWH2qjCO76ixSFI7CAjLf1UVZ1jE45SS-_nYSf3Tc','2025-08-05 08:06:09.827700','2025-08-12 08:06:09.000000',5,'018c22100ae1497c90ee0ed50ea6c672'),(105,'eyJhbGciOiJIUzI1NiIsInR5cCI6IkpXVCJ9.eyJ0b2tlbl90eXBlIjoicmVmcmVzaCIsImV4cCI6MTc1NDk5MjAxNywiaWF0IjoxNzU0Mzg3MjE3LCJqdGkiOiI3YmU1MDJjYmRhNzQ0MGNlOTNmYjcyOTVhMmU5ODUxNSIsInVzZXJfaWQiOjV9.m9Lyz8PvHe-RHlB6ho4hUbJR3a66E0sF3rnOcsXrizE','2025-08-05 09:46:57.658254','2025-08-12 09:46:57.000000',5,'7be502cbda7440ce93fb7295a2e98515'),(106,'eyJhbGciOiJIUzI1NiIsInR5cCI6IkpXVCJ9.eyJ0b2tlbl90eXBlIjoicmVmcmVzaCIsImV4cCI6MTc1NDk5MjQ4NywiaWF0IjoxNzU0Mzg3Njg3LCJqdGkiOiI4NzlkZDBmMjU0ZGM0NmJhYWU1YzI2ZDA3YmM0ZDYyMSIsInVzZXJfaWQiOjEzfQ.-xZS8mKeLRX3jfYOE618pugOGkXN2jpbF_Iwk2FlmV8','2025-08-05 09:54:47.872391','2025-08-12 09:54:47.000000',13,'879dd0f254dc46baae5c26d07bc4d621'),(107,'eyJhbGciOiJIUzI1NiIsInR5cCI6IkpXVCJ9.eyJ0b2tlbl90eXBlIjoicmVmcmVzaCIsImV4cCI6MTc1NDk5MjcxOCwiaWF0IjoxNzU0Mzg3OTE4LCJqdGkiOiI0ZTg3ZmZiYjc1YWM0OThhODk4NmU1MzZjMTNlNGE0NSIsInVzZXJfaWQiOjV9.c5Jl3WJA45QV_LBCKLP1pkjGCir3x2UCF9KlJv3i7VA','2025-08-05 09:58:38.915541','2025-08-12 09:58:38.000000',5,'4e87ffbb75ac498a8986e536c13e4a45'),(108,'eyJhbGciOiJIUzI1NiIsInR5cCI6IkpXVCJ9.eyJ0b2tlbl90eXBlIjoicmVmcmVzaCIsImV4cCI6MTc1NDk5MjgwOCwiaWF0IjoxNzU0Mzg4MDA4LCJqdGkiOiI4NTVlMDUxMDllMDI0YThiYTdjMTIyYWZkZjc4ZGZiMiIsInVzZXJfaWQiOjV9.L1pncCCFNhCjfS9L6BQ2BJH5T1yu-FrBtLlCWJv1Pek','2025-08-05 10:00:08.813148','2025-08-12 10:00:08.000000',5,'855e05109e024a8ba7c122afdf78dfb2'),(109,'eyJhbGciOiJIUzI1NiIsInR5cCI6IkpXVCJ9.eyJ0b2tlbl90eXBlIjoicmVmcmVzaCIsImV4cCI6MTc1NDk5MzExOSwiaWF0IjoxNzU0Mzg4MzE5LCJqdGkiOiJmMGNhNGRlZGEzY2E0ZTkyODA5MjViZTc5MTljMGVlNSIsInVzZXJfaWQiOjEzfQ.5UI3rT1CUpBOGrJ2y9XBsNoXjcC03eZdhtMqg3KyU2M','2025-08-05 10:05:19.526041','2025-08-12 10:05:19.000000',13,'f0ca4deda3ca4e9280925be7919c0ee5');
/*!40000 ALTER TABLE `token_blacklist_outstandingtoken` ENABLE KEYS */;
UNLOCK TABLES;

--
-- Table structure for table `vendors_adminoutlet`
--

DROP TABLE IF EXISTS `vendors_adminoutlet`;
/*!40101 SET @saved_cs_client     = @@character_set_client */;
/*!40101 SET character_set_client = utf8mb4 */;
CREATE TABLE `vendors_adminoutlet` (
  `id` bigint(20) NOT NULL AUTO_INCREMENT,
  `created_at` datetime(6) NOT NULL,
  `updated_at` datetime(6) NOT NULL,
  `customer_address` longtext DEFAULT NULL,
  `customer_address2` longtext DEFAULT NULL,
  `customer_city` varchar(100) DEFAULT NULL,
  `customer_contact` varchar(20) DEFAULT NULL,
  `customer_contact_person` varchar(255) DEFAULT NULL,
  `customer_email` varchar(254) DEFAULT NULL,
  `customer_name` varchar(255) DEFAULT NULL,
  `customer_state` varchar(100) DEFAULT NULL,
  `gst_number` varchar(100) DEFAULT NULL,
  `phone_number` varchar(20) DEFAULT NULL,
  `user_id` int(11) DEFAULT NULL,
  `android_apk_count` int(11) DEFAULT NULL,
  `android_tv_count` int(11) DEFAULT NULL,
  `authentication_status` varchar(50) NOT NULL,
  `customer_id` int(11) DEFAULT NULL,
  `keypad_device_count` int(11) DEFAULT NULL,
  `led_display_count` int(11) DEFAULT NULL,
  `locations` longtext CHARACTER SET utf8mb4 COLLATE utf8mb4_bin DEFAULT NULL CHECK (json_valid(`locations`)),
  `outlet_count` int(11) DEFAULT NULL,
  `product_from_date` datetime(6) DEFAULT NULL,
  `product_registration_id` int(11) DEFAULT NULL,
  `product_to_date` datetime(6) DEFAULT NULL,
  `project_code` varchar(100) DEFAULT NULL,
  `total_count` varchar(10) DEFAULT NULL,
  `unique_identifier` varchar(100) DEFAULT NULL,
  `web_login_count` int(11) DEFAULT NULL,
  `auto_delete_hours` int(10) unsigned DEFAULT NULL CHECK (`auto_delete_hours` >= 0),
  PRIMARY KEY (`id`),
  UNIQUE KEY `user_id` (`user_id`),
  CONSTRAINT `vendors_adminoutlet_user_id_7ae116c6_fk_auth_user_id` FOREIGN KEY (`user_id`) REFERENCES `auth_user` (`id`)
) ENGINE=InnoDB AUTO_INCREMENT=21 DEFAULT CHARSET=utf8mb4 COLLATE=utf8mb4_unicode_ci;
/*!40101 SET character_set_client = @saved_cs_client */;

--
-- Dumping data for table `vendors_adminoutlet`
--

LOCK TABLES `vendors_adminoutlet` WRITE;
/*!40000 ALTER TABLE `vendors_adminoutlet` DISABLE KEYS */;
INSERT INTO `vendors_adminoutlet` VALUES (1,'2025-04-03 05:31:59.132045','2025-05-16 12:01:52.493652','starbucks',NULL,NULL,'9876543210',NULL,'starbucks@gmail.com','Starbucks',NULL,NULL,'9876543210',3,NULL,NULL,'Pending',NULL,NULL,NULL,NULL,NULL,NULL,NULL,NULL,NULL,NULL,NULL,NULL,NULL),(2,'2025-04-03 05:32:35.541291','2025-05-16 12:01:53.042646','Mcdonalds',NULL,NULL,'9876543211',NULL,'mcdonalds@gmail.com','McDonald\'s',NULL,NULL,'9876543211',4,NULL,NULL,'Pending',348,NULL,NULL,'\"[{\\\"Kazhakkuttam\\\":\\\"KZ01\\\"},{\\\"Kowdiar\\\":\\\"KW01\\\"},{\\\"Lulu Mall\\\":\\\"LM01\\\"}]\"',NULL,NULL,NULL,NULL,NULL,NULL,NULL,NULL,NULL),(3,'2025-04-03 05:33:06.712150','2025-08-05 10:06:38.843426','Azad Group Hotels  Vazhuthacaud Jn','Azad 1940','Trivandrum','9745897453','Hashim S','azadcorporateoffice@gmail.com','Azad Group Hotels Azad 1940','Kerala','32AAGFA5907N1ZE','9745897453',5,1,1,'Approve',125,1,1,'\"[{\\\"Trivandrum\\\":\\\"VAZ01\\\"}]\"',1,'2024-02-08 18:30:00.000000',125,'2025-12-30 18:30:00.000000','FOODFLASHAZAD','6','125101707480194',1,6),(4,'2025-04-03 05:34:54.466685','2025-05-16 12:01:54.117992','Burger King',NULL,NULL,'9876543213',NULL,'burgerking@gmail.com','Burger King',NULL,NULL,'9876543213',6,NULL,NULL,'Pending',NULL,NULL,NULL,NULL,NULL,NULL,NULL,NULL,NULL,NULL,NULL,NULL,NULL),(5,'2025-04-03 05:35:29.895633','2025-05-16 12:01:54.654734','Domino\'s',NULL,NULL,'9876543214',NULL,'dominos@gmail.com','Domino\'s',NULL,NULL,'9876543214',7,NULL,NULL,'Pending',NULL,NULL,NULL,NULL,NULL,NULL,NULL,NULL,NULL,NULL,NULL,NULL,NULL),(6,'2025-04-03 05:36:09.292515','2025-05-16 12:01:55.191193','Pizza Hut',NULL,NULL,'9876543215',NULL,'pizzahut@gmail.com','Pizza Hut',NULL,NULL,'9876543215',8,NULL,NULL,'Pending',NULL,NULL,NULL,NULL,NULL,NULL,NULL,NULL,NULL,NULL,NULL,NULL,NULL),(7,'2025-04-03 05:36:41.470971','2025-05-16 12:01:55.726878','Subway',NULL,NULL,'9876543216',NULL,'subway@gmail.com','Subway',NULL,NULL,'9876543216',9,NULL,NULL,'Pending',NULL,NULL,NULL,NULL,NULL,NULL,NULL,NULL,NULL,NULL,NULL,NULL,NULL),(8,'2025-04-03 05:37:12.125045','2025-05-16 12:01:56.261556','Costa Coffee',NULL,NULL,'9876543217',NULL,'costacoffee@gmail.com','Costa Coffee',NULL,NULL,'9876543217',10,NULL,NULL,'Pending',NULL,NULL,NULL,NULL,NULL,NULL,NULL,NULL,NULL,NULL,NULL,NULL,NULL),(16,'2025-05-16 04:28:26.609762','2025-05-16 12:01:56.799867','address 1','address 2','state','9567111111','contact person','com@email.com','food flash5','city','GST123546854695','9567000000',11,NULL,NULL,'Pending',NULL,NULL,NULL,NULL,NULL,NULL,NULL,NULL,NULL,NULL,NULL,NULL,NULL),(17,'2025-05-16 05:53:01.773778','2025-05-16 11:35:15.926750','address 1','address 2','state','9567111111','contact person','aacom@email.com','Food Flash10','city','GST123546854695','9567000000',2,NULL,NULL,'Pending',NULL,NULL,NULL,NULL,NULL,NULL,NULL,NULL,NULL,NULL,NULL,NULL,NULL),(18,'2025-05-19 09:27:50.851765','2025-05-20 04:02:07.568519','Azad Group Hotels  Vazhuthacaud Jn','Azad 1940','Trivandrum','9876543212','Hashim S','azadcorporateoffice@gmail.com','Azad Group Hotels Azad 1940','state','GST123542865482','9567000000',12,1,1,'Approve',400,1,2,'\"[{\\\"Kazhakkuttam\\\":\\\"KZ01\\\"},{\\\"Kowdiar\\\":\\\"KW01\\\"},{\\\"Lulu Mall\\\":\\\"LM01\\\"}]\"',2,'2025-05-18 18:30:00.000000',338,'2025-05-30 18:30:00.000000','FOODFLASHQC','5','338101747646867',2,NULL),(19,'2025-06-04 04:05:04.707750','2025-08-05 09:55:26.191050','Kinfra','Menamkulam','Trivandrum','9865856574','Prashanth','softland@gmail.com','Softland Food Flash','Kerala','GST458465742458','5685457415',13,1,2,'Approve',351,1,2,'\"[{\\\"Kazhakkuttam\\\":\\\"KZ01\\\"},{\\\"Kowdiar\\\":\\\"KW01\\\"},{\\\"Lulu Mall\\\":\\\"LM01\\\"},{\\\"Trivandrum\\\":\\\"VAZ01\\\"}]\"',2,'2025-06-03 18:30:00.000000',342,'2026-01-30 18:30:00.000000','FOODFLASHQC','5','34251749009902',2,12),(20,'2025-07-16 11:18:49.009590','2025-08-05 07:01:32.332894','Development','Development','Trivandrum','8989568569','Development','foodflashdev@gmail.com','Food Flash Dev','Kerala','565474565874623','9966558865',16,1,2,'Approve',361,1,2,'\"[{\\\"Kazhakkuttam\\\":\\\"KZ01\\\"},{\\\"Kowdiar\\\":\\\"KW01\\\"},{\\\"Lulu Mall\\\":\\\"LM01\\\"},{\\\"Trivandrum\\\":\\\"VAZ01\\\"}]\"',2,'2025-07-15 18:30:00.000000',352,'2026-12-30 18:30:00.000000','FOODFLASHDEV','5','352101752664725',2,12);
/*!40000 ALTER TABLE `vendors_adminoutlet` ENABLE KEYS */;
UNLOCK TABLES;

--
-- Table structure for table `vendors_advertisementimage`
--

DROP TABLE IF EXISTS `vendors_advertisementimage`;
/*!40101 SET @saved_cs_client     = @@character_set_client */;
/*!40101 SET character_set_client = utf8mb4 */;
CREATE TABLE `vendors_advertisementimage` (
  `id` bigint(20) NOT NULL AUTO_INCREMENT,
  `image` varchar(100) NOT NULL,
  `uploaded_at` datetime(6) NOT NULL,
  `admin_outlet_id` bigint(20) NOT NULL,
  `created_at` datetime(6) NOT NULL,
  `updated_at` datetime(6) NOT NULL,
  PRIMARY KEY (`id`),
  KEY `vendors_advertisemen_admin_outlet_id_bd2b5d50_fk_vendors_a` (`admin_outlet_id`),
  CONSTRAINT `vendors_advertisemen_admin_outlet_id_bd2b5d50_fk_vendors_a` FOREIGN KEY (`admin_outlet_id`) REFERENCES `vendors_adminoutlet` (`id`)
) ENGINE=InnoDB AUTO_INCREMENT=110 DEFAULT CHARSET=utf8mb4 COLLATE=utf8mb4_unicode_ci;
/*!40101 SET character_set_client = @saved_cs_client */;

--
-- Dumping data for table `vendors_advertisementimage`
--

LOCK TABLES `vendors_advertisementimage` WRITE;
/*!40000 ALTER TABLE `vendors_advertisementimage` DISABLE KEYS */;
INSERT INTO `vendors_advertisementimage` VALUES (75,'ads/SOFTLAND1_MqX0usp.jpg','2025-06-20 04:40:16.533806',19,'2025-07-17 06:47:43.315770','2025-07-17 06:47:43.360512'),(76,'ads/SOFTLAND2_GrcJ5ea.jpg','2025-06-20 04:40:16.534704',19,'2025-07-17 06:47:43.315770','2025-07-17 06:47:43.360512'),(77,'ads/SOFTLAND3_Id2RZsG.jpg','2025-06-20 04:40:16.535677',19,'2025-07-17 06:47:43.315770','2025-07-17 06:47:43.360512'),(78,'ads/SOFTLAND4_CfXTu9i.jpg','2025-06-20 04:40:16.536528',19,'2025-07-17 06:47:43.315770','2025-07-17 06:47:43.360512'),(79,'ads/SOFTLAND2_i88P3AQ.jpg','2025-06-20 04:40:22.399627',19,'2025-07-17 06:47:43.315770','2025-07-17 06:47:43.360512'),(80,'ads/SOFTLAND3_Cq9lPKm.jpg','2025-06-20 04:40:22.402634',19,'2025-07-17 06:47:43.315770','2025-07-17 06:47:43.360512'),(87,'ads/SOFTLAND1_eIy2dCQ.jpg','2025-06-24 05:42:09.617514',19,'2025-07-17 06:47:43.315770','2025-07-17 06:47:43.360512'),(88,'ads/SOFTLAND2_FNkRJGn.jpg','2025-06-24 05:42:09.618695',19,'2025-07-17 06:47:43.315770','2025-07-17 06:47:43.360512'),(89,'ads/SOFTLAND3_yVZPOd9.jpg','2025-06-24 05:42:09.619706',19,'2025-07-17 06:47:43.315770','2025-07-17 06:47:43.360512'),(90,'ads/SOFTLAND4_RWBwnag.jpg','2025-06-24 05:42:09.620642',19,'2025-07-17 06:47:43.315770','2025-07-17 06:47:43.360512'),(96,'ads/WEEKEND1.jpg','2025-06-30 04:43:34.770545',19,'2025-07-17 06:47:43.315770','2025-07-17 06:47:43.360512'),(97,'ads/WEEKEND2.jpg','2025-06-30 04:43:34.770833',19,'2025-07-17 06:47:43.315770','2025-07-17 06:47:43.360512'),(98,'ads/WEEKEND3.jpg','2025-06-30 04:43:34.771075',19,'2025-07-17 06:47:43.315770','2025-07-17 06:47:43.360512'),(99,'ads/WEEKEND4.jpg','2025-06-30 04:43:34.771310',19,'2025-07-17 06:47:43.315770','2025-07-17 06:47:43.360512'),(100,'ads/WEEKEND5.jpg','2025-06-30 04:43:34.771540',19,'2025-07-17 06:47:43.315770','2025-07-17 06:47:43.360512'),(101,'ads/WEEKDAY2.jpg','2025-06-30 04:55:27.744269',19,'2025-07-17 06:47:43.315770','2025-07-17 06:47:43.360512'),(102,'ads/WEEKDAY1.jpg','2025-06-30 04:55:27.744601',19,'2025-07-17 06:47:43.315770','2025-07-17 06:47:43.360512'),(103,'ads/WEEKDAY3.jpg','2025-06-30 04:55:27.744901',19,'2025-07-17 06:47:43.315770','2025-07-17 06:47:43.360512'),(104,'ads/WEEKDAY4.jpg','2025-06-30 04:55:27.745165',19,'2025-07-17 06:47:43.315770','2025-07-17 06:47:43.360512'),(105,'ads/WEEKDAY5.jpg','2025-06-30 04:55:27.745456',19,'2025-07-17 06:47:43.315770','2025-07-17 06:47:43.360512'),(107,'ads/AZADAD2.jpg','2025-08-05 09:51:31.429684',3,'2025-08-05 09:51:31.429756','2025-08-05 09:51:31.429949'),(108,'ads/AZADAD1.jpg','2025-08-05 09:51:31.431319',3,'2025-08-05 09:51:31.431410','2025-08-05 09:51:31.431441'),(109,'ads/AZADAD3.jpg','2025-08-05 09:51:31.434374',3,'2025-08-05 09:51:31.434442','2025-08-05 09:51:31.434475');
/*!40000 ALTER TABLE `vendors_advertisementimage` ENABLE KEYS */;
UNLOCK TABLES;

--
-- Table structure for table `vendors_advertisementprofile`
--

DROP TABLE IF EXISTS `vendors_advertisementprofile`;
/*!40101 SET @saved_cs_client     = @@character_set_client */;
/*!40101 SET character_set_client = utf8mb4 */;
CREATE TABLE `vendors_advertisementprofile` (
  `id` bigint(20) NOT NULL AUTO_INCREMENT,
  `name` varchar(100) NOT NULL,
  `date_start` date DEFAULT NULL,
  `date_end` date DEFAULT NULL,
  `days_active` longtext CHARACTER SET utf8mb4 COLLATE utf8mb4_bin DEFAULT NULL CHECK (json_valid(`days_active`)),
  `priority` smallint(5) unsigned NOT NULL CHECK (`priority` >= 0),
  `created_at` datetime(6) NOT NULL,
  `admin_outlet_id` bigint(20) NOT NULL,
  PRIMARY KEY (`id`),
  KEY `vendors_advertisemen_admin_outlet_id_2d71857b_fk_vendors_a` (`admin_outlet_id`),
  CONSTRAINT `vendors_advertisemen_admin_outlet_id_2d71857b_fk_vendors_a` FOREIGN KEY (`admin_outlet_id`) REFERENCES `vendors_adminoutlet` (`id`)
) ENGINE=InnoDB AUTO_INCREMENT=35 DEFAULT CHARSET=utf8mb4 COLLATE=utf8mb4_unicode_ci;
/*!40101 SET character_set_client = @saved_cs_client */;

--
-- Dumping data for table `vendors_advertisementprofile`
--

LOCK TABLES `vendors_advertisementprofile` WRITE;
/*!40000 ALTER TABLE `vendors_advertisementprofile` DISABLE KEYS */;
INSERT INTO `vendors_advertisementprofile` VALUES (32,'WEEKEND OFFERS',NULL,NULL,'[\"Saturday\", \"Sunday\"]',2,'2025-06-30 04:44:29.827152',19),(33,'WEEKDAY OFFERS',NULL,NULL,'[\"Monday\", \"Tuesday\", \"Wednesday\", \"Thursday\", \"Friday\"]',3,'2025-06-30 04:56:07.863964',19),(34,'OFFERS',NULL,NULL,'[\"Monday\", \"Tuesday\", \"Wednesday\", \"Thursday\", \"Friday\", \"Saturday\", \"Sunday\"]',1,'2025-08-05 09:51:58.774833',3);
/*!40000 ALTER TABLE `vendors_advertisementprofile` ENABLE KEYS */;
UNLOCK TABLES;

--
-- Table structure for table `vendors_advertisementprofile_images`
--

DROP TABLE IF EXISTS `vendors_advertisementprofile_images`;
/*!40101 SET @saved_cs_client     = @@character_set_client */;
/*!40101 SET character_set_client = utf8mb4 */;
CREATE TABLE `vendors_advertisementprofile_images` (
  `id` bigint(20) NOT NULL AUTO_INCREMENT,
  `advertisementprofile_id` bigint(20) NOT NULL,
  `advertisementimage_id` bigint(20) NOT NULL,
  PRIMARY KEY (`id`),
  UNIQUE KEY `vendors_advertisementpro_advertisementprofile_id__95d3776d_uniq` (`advertisementprofile_id`,`advertisementimage_id`),
  KEY `vendors_advertisemen_advertisementimage_i_259f17d4_fk_vendors_a` (`advertisementimage_id`),
  CONSTRAINT `vendors_advertisemen_advertisementimage_i_259f17d4_fk_vendors_a` FOREIGN KEY (`advertisementimage_id`) REFERENCES `vendors_advertisementimage` (`id`),
  CONSTRAINT `vendors_advertisemen_advertisementprofile_112d50ab_fk_vendors_a` FOREIGN KEY (`advertisementprofile_id`) REFERENCES `vendors_advertisementprofile` (`id`)
) ENGINE=InnoDB AUTO_INCREMENT=72 DEFAULT CHARSET=utf8mb4 COLLATE=utf8mb4_unicode_ci;
/*!40101 SET character_set_client = @saved_cs_client */;

--
-- Dumping data for table `vendors_advertisementprofile_images`
--

LOCK TABLES `vendors_advertisementprofile_images` WRITE;
/*!40000 ALTER TABLE `vendors_advertisementprofile_images` DISABLE KEYS */;
INSERT INTO `vendors_advertisementprofile_images` VALUES (59,32,96),(60,32,97),(61,32,98),(62,32,99),(63,32,100),(64,33,101),(65,33,102),(66,33,103),(67,33,104),(68,33,105),(69,34,107),(70,34,108),(71,34,109);
/*!40000 ALTER TABLE `vendors_advertisementprofile_images` ENABLE KEYS */;
UNLOCK TABLES;

--
-- Table structure for table `vendors_advertisementprofileassignment`
--

DROP TABLE IF EXISTS `vendors_advertisementprofileassignment`;
/*!40101 SET @saved_cs_client     = @@character_set_client */;
/*!40101 SET character_set_client = utf8mb4 */;
CREATE TABLE `vendors_advertisementprofileassignment` (
  `id` bigint(20) NOT NULL AUTO_INCREMENT,
  `assigned_at` datetime(6) NOT NULL,
  `profile_id` bigint(20) NOT NULL,
  `vendor_id` bigint(20) NOT NULL,
  PRIMARY KEY (`id`),
  UNIQUE KEY `vendors_advertisementpro_profile_id_vendor_id_0b81ccf1_uniq` (`profile_id`,`vendor_id`),
  KEY `vendors_advertisemen_vendor_id_8de5c705_fk_vendors_v` (`vendor_id`),
  CONSTRAINT `vendors_advertisemen_profile_id_a1d4a532_fk_vendors_a` FOREIGN KEY (`profile_id`) REFERENCES `vendors_advertisementprofile` (`id`),
  CONSTRAINT `vendors_advertisemen_vendor_id_8de5c705_fk_vendors_v` FOREIGN KEY (`vendor_id`) REFERENCES `vendors_vendor` (`id`)
) ENGINE=InnoDB AUTO_INCREMENT=32 DEFAULT CHARSET=utf8mb4 COLLATE=utf8mb4_unicode_ci;
/*!40101 SET character_set_client = @saved_cs_client */;

--
-- Dumping data for table `vendors_advertisementprofileassignment`
--

LOCK TABLES `vendors_advertisementprofileassignment` WRITE;
/*!40000 ALTER TABLE `vendors_advertisementprofileassignment` DISABLE KEYS */;
INSERT INTO `vendors_advertisementprofileassignment` VALUES (25,'2025-06-30 05:54:00.659264',33,51),(30,'2025-07-11 09:56:43.183148',33,63),(31,'2025-08-05 09:52:34.172421',34,16);
/*!40000 ALTER TABLE `vendors_advertisementprofileassignment` ENABLE KEYS */;
UNLOCK TABLES;

--
-- Table structure for table `vendors_androidapk`
--

DROP TABLE IF EXISTS `vendors_androidapk`;
/*!40101 SET @saved_cs_client     = @@character_set_client */;
/*!40101 SET character_set_client = utf8mb4 */;
CREATE TABLE `vendors_androidapk` (
  `id` bigint(20) NOT NULL AUTO_INCREMENT,
  `token` varchar(255) NOT NULL,
  `mac_address` varchar(255) DEFAULT NULL,
  `created_at` datetime(6) NOT NULL,
  `updated_at` datetime(6) NOT NULL,
  `admin_outlet_id` bigint(20) NOT NULL,
  `user_profile_id` bigint(20) DEFAULT NULL,
  `apk_version` varchar(255) DEFAULT NULL,
  PRIMARY KEY (`id`),
  UNIQUE KEY `token` (`token`),
  UNIQUE KEY `vendors_androidapk_mac_address_admin_outlet_id_27b6d4d9_uniq` (`mac_address`,`admin_outlet_id`),
  KEY `vendors_androidapk_admin_outlet_id_a41e529e_fk_vendors_a` (`admin_outlet_id`),
  KEY `vendors_androidapk_user_profile_id_e75fb9c9_fk_vendors_u` (`user_profile_id`),
  CONSTRAINT `vendors_androidapk_admin_outlet_id_a41e529e_fk_vendors_a` FOREIGN KEY (`admin_outlet_id`) REFERENCES `vendors_adminoutlet` (`id`),
  CONSTRAINT `vendors_androidapk_user_profile_id_e75fb9c9_fk_vendors_u` FOREIGN KEY (`user_profile_id`) REFERENCES `vendors_userprofile` (`id`)
) ENGINE=InnoDB AUTO_INCREMENT=22 DEFAULT CHARSET=utf8mb4 COLLATE=utf8mb4_unicode_ci;
/*!40101 SET character_set_client = @saved_cs_client */;

--
-- Dumping data for table `vendors_androidapk`
--

LOCK TABLES `vendors_androidapk` WRITE;
/*!40000 ALTER TABLE `vendors_androidapk` DISABLE KEYS */;
INSERT INTO `vendors_androidapk` VALUES (2,'fQts8mBPTy6DiMSaDBUnIO:APA91bHfmFu72doaIIqHbDWrkB7jI28f9c7vIync0daCK5oH8cZ2NObA0wJczTKGJfcdG53kXIX7YEiwPu0Bcp8RyQmuj5y_VglapB0eA8BK3SydSxcM8sg','528328432a57fa5f','2025-07-16 04:03:57.570257','2025-07-25 10:29:44.572821',19,2,'FoodFlashLite v1.0.0'),(9,'f1ly3_QCR4SN6_6JOvCTsO:APA91bGlb4q6KvhFBCq_E9xiT_ZS8kO_QK3JYJSE-g3xt3NP43Wn3PynfAMM7rL9kLvQti8L0g31FLAdLsTvAUvtcLxN-jK8jvMHHtWaROa19jqe170nkqk','9638f60866f4de64','2025-07-17 07:49:56.286778','2025-07-28 04:18:56.040291',20,4,'FoodFlashLite v1.0.0'),(10,'fA3VHsI5S-C0NpZef0XYTS:APA91bG1Ci0rA2zGexbHsAJ3qb3XticY3BQIVygA96baycnn5l9jTyjgkJEXZO4inZwedSeuLN6IxmBasPz3k_tvBRu8YOUYhfWBdY7NL5fpnwgBPLzP-yA','51d416db9a159d6b','2025-07-22 11:08:19.807670','2025-07-22 11:17:54.799013',19,2,'FoodFlashLite v1.0.0'),(11,'fF7j0LMlR6-CSrBh3hMdTe:APA91bGLYRXXoOuYitjIyAUWJc8XSvAct9HRrOMV3eK9XRQfbmi-zIfOiTm8807-7mK6jFzw492AQQQceJLpI9KjUXSXv5cYCCJcJbTy25qPWZ2jyqHyhQ8','47735a1f82bb87ea','2025-07-23 09:27:52.505225','2025-07-31 06:32:47.133441',19,2,'FoodFlashLite v1.0.0'),(12,'dHTHsQqVY82JYuMMTu8jfy:APA91bHAFoNFDU-KqKq0acGTozNN2sZ26SG9aOvmopGsghsSurwZL2R4ljFmZnutayk1XsWbdO29U0TyTkcfGwn0ZnMxjm1DOGfkm7w9hhc_nub6x-tMbhA','a2a01edb35c98635','2025-07-25 09:47:29.207622','2025-07-28 04:15:00.155822',19,2,'FoodFlashLite v1.0.0'),(13,'dicbMo-IQl2rf7qWrASUdZ:APA91bEOtG7UifhEExOeDaMUj30P33ghftn58dpL_f_mr6q5rVW77ymbsIdn1l0txJWYtvQpEtsAtwm5Ru0ftfZwALltoDQw7IofpcQ9O6TIs2VTIwgzUbQ','9c2b3ed3e91aebcc','2025-07-28 04:31:38.353266','2025-08-05 04:22:41.777731',20,4,'FoodFlashLite v1.0.0'),(14,'fG9PGX0AR2WRWUl9BLyWyZ:APA91bGQIixY-U9j8H0nq-H4-odO2GQxs1mbKECI5qhxXce0iUzj8KUHKDQegN4SV2LkRxOBvrvPMWRc6GJi-OK1TJA30xcUbKMJGUGemmFTpaqlEAU37FA','5bae74db65f2cf16','2025-07-31 04:18:04.853980','2025-07-31 05:12:51.487609',19,5,'FoodFlashLite v1.0.0'),(15,'d8pvU6loSOmDPmf80223Xx:APA91bHs_JNFdjvc5Y0n09PB8YTwjiKZnKeE9zb5kJPDU17h0EHT1SB3Gb0GSsveszWcBquxQ8lGUMJ7waAVg3gGrCnDSbqIeaCWYCw2xQbNwIdqM-6nTe8','5554bc60dab63f3b','2025-07-31 04:26:27.257507','2025-08-01 09:50:23.505800',19,5,'FoodFlashLite v1.0.0'),(16,'egPZRFeQTKu8RB3E9foLKl:APA91bGYvNjkEPiNyMeiMi3btDcVzBCuf7jqbdhb25AiboKUFVhggLusWZZZyLBQPpfLzi2jDzrNhqFlJlPAd3JKtnOCPGOOKVE_Zg-C7hh1Q9DtFlim8tI','5bae74db65f2cf16','2025-07-31 06:27:53.387201','2025-07-31 06:28:21.531828',20,4,'FoodFlashLite v1.0.0'),(17,'d5NTMvl0SYeYf-MJ6rrzzs:APA91bEwF-YjwnyhgevnnLgNRs-LFknCzjVR_z99uAnilx7xzn7HXBfEp4savnsLqt5jbSRLy5rXRTqoVII2e8QMr_mNO8XHKIL9Hd7ZdQ6vfXvuZxKF7Bw','2a8fe1e74f4d1566','2025-07-31 06:42:28.574409','2025-07-31 06:42:28.574486',19,NULL,'FoodFlashLite v1.0.0'),(18,'fgZjPG8CT2OqtAAd2oTrEN:APA91bG825vDUaCbcVUEYxaVSZh3dt9a3Ar4D2mHW_ebG3Y0JYmJpXKXr4UlrnlZuS9JMm35oZkx2ieTvEGps-aXxMkzjNN5P19oDFnZT7koi_jg2H3vRo0','fc097649fe5d02b3','2025-07-31 06:45:12.968676','2025-07-31 08:33:51.531519',19,5,'FoodFlashLite v1.0.0'),(19,'ehO-iiFiRTGwty7C4JOIBU:APA91bGbv6VZ1tquUSaZIaSvsTrpaw-qhAgLjPx_ZL3tcRBshAf7Lpd7D4GEaMMUpQUGk_z3JEeGepqRYSBayfHLm2Sze5x9SACuAJl6J358_xBcOW7S7zc','0c5c55310afe1044','2025-07-31 06:49:51.148679','2025-07-31 09:51:40.946913',19,5,'FoodFlashLite v1.0.0'),(20,'dIsmIgiFTAyW_O3DBC-h7v:APA91bGB1QnCxPF3PlBnF9wPFTkoabAUaEmxE3fAi27DwPHt9g9f5bMo2KzDjC5gbYPPkiKig2VSdh0vXrSL7cbfytgFxwsgtNOTERUb-Tv-AxjFrfMxXKM','9c2b3ed3e91aebcc','2025-07-31 07:24:37.687459','2025-07-31 09:14:30.014820',19,4,'FoodFlashLite v1.0.0'),(21,'fd5RROTjRHiPmizZjw5edy:APA91bE9eXnNVVTW6_y-nVfvm6NISrsocqVmt5JGp2jKOtz9786gOzgIndJCZreq1eZGck4ZuxuMfJl0YTG8imboU5309SI8_5ujxDMPK3hpj9R_pkm5xxQ','528328432a57fa5f','2025-08-05 04:20:06.562082','2025-08-05 11:21:56.077594',20,4,'FoodFlashLite v1.0.0');
/*!40000 ALTER TABLE `vendors_androidapk` ENABLE KEYS */;
UNLOCK TABLES;

--
-- Table structure for table `vendors_androiddevice`
--

DROP TABLE IF EXISTS `vendors_androiddevice`;
/*!40101 SET @saved_cs_client     = @@character_set_client */;
/*!40101 SET character_set_client = utf8mb4 */;
CREATE TABLE `vendors_androiddevice` (
  `id` bigint(20) NOT NULL AUTO_INCREMENT,
  `token` varchar(255) NOT NULL,
  `created_at` datetime(6) NOT NULL,
  `vendor_id` bigint(20) DEFAULT NULL,
  `mac_address` varchar(255) DEFAULT NULL,
  `admin_outlet_id` bigint(20) NOT NULL,
  `updated_at` datetime(6) NOT NULL,
  PRIMARY KEY (`id`),
  UNIQUE KEY `token` (`token`),
  UNIQUE KEY `vendors_androiddevice_mac_address_admin_outlet_id_05fecf33_uniq` (`mac_address`,`admin_outlet_id`),
  KEY `vendors_androiddevice_vendor_id_82878d1a_fk_vendors_vendor_id` (`vendor_id`),
  KEY `vendors_androiddevic_admin_outlet_id_06a65dad_fk_vendors_a` (`admin_outlet_id`),
  CONSTRAINT `vendors_androiddevic_admin_outlet_id_06a65dad_fk_vendors_a` FOREIGN KEY (`admin_outlet_id`) REFERENCES `vendors_adminoutlet` (`id`),
  CONSTRAINT `vendors_androiddevice_vendor_id_82878d1a_fk_vendors_vendor_id` FOREIGN KEY (`vendor_id`) REFERENCES `vendors_vendor` (`id`)
) ENGINE=InnoDB AUTO_INCREMENT=26 DEFAULT CHARSET=utf8mb4 COLLATE=utf8mb4_unicode_ci;
/*!40101 SET character_set_client = @saved_cs_client */;

--
-- Dumping data for table `vendors_androiddevice`
--

LOCK TABLES `vendors_androiddevice` WRITE;
/*!40000 ALTER TABLE `vendors_androiddevice` DISABLE KEYS */;
INSERT INTO `vendors_androiddevice` VALUES (21,'etyTsYpqS_qsAb5KMQXETq:APA91bHNq_DVVaw_Naq6KcSLhTm7ukEDpNUGlwaU9e313xQ_vGnx5Fnb7XjlGtctzY0RbgHzgyhsW5kwnh7LClGFbgvrLogkvs9m1VsPMCwJz2NlA_QwYYo','2025-07-16 11:09:36.518419',NULL,'528328432a57fa5f',20,'2025-08-05 10:51:19.589790'),(22,'cvVfDasGQ52iyaQbDrApDf:APA91bF8-YkroE0ndxUP0SrCBoa_tyZqHDk9LOzq9brbxOG5V1vcmwv6wQmuSM-SfoK4hkfB8guOI-stvF70JOyZC1YmDL8o0cuJN0DZ4CrB9cEZhuyMtaU','2025-07-16 11:27:48.922012',NULL,'9638f60866f4de64',20,'2025-07-18 11:46:07.173758'),(24,'dY7gu3ILRLOw2m4JUZWN7x:APA91bHdG6dXvLZH80nUXcWqEMfGip2wAkjpZQAfucOfwiq6aeD3a590TaVnI6qhyBeEk9tJiGC_Yn3syD5zlMm5dpfPpuvfXphuzwHv1XloRiwr_XxUfpU','2025-07-29 04:02:25.447275',NULL,'9c2b3ed3e91aebcc',20,'2025-07-30 03:38:45.797934'),(25,'dgPSXmLVRoO_yi2x0Md5WM:APA91bHNIHZ-OAMakBts-lRqSDlM-ed8Q97tiiFhbwG-IWjKZKIZtcYJ69CYsc5uS6_bs38zx5E6wikHZQ6LHWjtEwHS1oYKGhDq7nv_cfNWSQ9qjDeQUM0','2025-08-05 10:05:36.339660',16,'a90d112b33c77c83',3,'2025-08-05 10:05:36.339698');
/*!40000 ALTER TABLE `vendors_androiddevice` ENABLE KEYS */;
UNLOCK TABLES;

--
-- Table structure for table `vendors_archivedorder`
--

DROP TABLE IF EXISTS `vendors_archivedorder`;
/*!40101 SET @saved_cs_client     = @@character_set_client */;
/*!40101 SET character_set_client = utf8mb4 */;
CREATE TABLE `vendors_archivedorder` (
  `id` bigint(20) NOT NULL AUTO_INCREMENT,
  `original_order_id` int(11) NOT NULL,
  `token_no` int(11) NOT NULL,
  `status` varchar(20) NOT NULL,
  `counter_no` int(11) NOT NULL,
  `shown_on_tv` tinyint(1) NOT NULL,
  `notified_at` datetime(6) DEFAULT NULL,
  `updated_by` varchar(20) NOT NULL,
  `created_at` datetime(6) NOT NULL,
  `updated_at` datetime(6) NOT NULL,
  `archived_at` datetime(6) NOT NULL,
  `vendor_id` bigint(20) DEFAULT NULL,
  `device_id` bigint(20) DEFAULT NULL,
  `user_profile_id` bigint(20) DEFAULT NULL,
  `created_date` date NOT NULL,
  PRIMARY KEY (`id`),
  KEY `vendors_archivedorder_vendor_id_f0413203_fk_vendors_vendor_id` (`vendor_id`),
  KEY `vendors_archivedorder_device_id_9fdf069d_fk_vendors_device_id` (`device_id`),
  KEY `vendors_archivedorde_user_profile_id_60c2e9e8_fk_vendors_u` (`user_profile_id`),
  CONSTRAINT `vendors_archivedorde_user_profile_id_60c2e9e8_fk_vendors_u` FOREIGN KEY (`user_profile_id`) REFERENCES `vendors_userprofile` (`id`),
  CONSTRAINT `vendors_archivedorder_device_id_9fdf069d_fk_vendors_device_id` FOREIGN KEY (`device_id`) REFERENCES `vendors_device` (`id`),
  CONSTRAINT `vendors_archivedorder_vendor_id_f0413203_fk_vendors_vendor_id` FOREIGN KEY (`vendor_id`) REFERENCES `vendors_vendor` (`id`)
) ENGINE=InnoDB AUTO_INCREMENT=475 DEFAULT CHARSET=utf8mb4 COLLATE=utf8mb4_unicode_ci;
/*!40101 SET character_set_client = @saved_cs_client */;

--
-- Dumping data for table `vendors_archivedorder`
--

LOCK TABLES `vendors_archivedorder` WRITE;
/*!40000 ALTER TABLE `vendors_archivedorder` DISABLE KEYS */;
INSERT INTO `vendors_archivedorder` VALUES (1,1369,1,'ready',1,0,'2025-06-30 12:04:06.048405','client','2025-06-30 11:17:04.404396','2025-06-30 12:04:05.704814','2025-07-01 05:28:27.360477',51,3,NULL,'2025-07-18'),(2,1370,2,'ready',1,0,'2025-06-30 12:04:36.545445','client','2025-06-30 11:17:06.299708','2025-06-30 12:04:36.246091','2025-07-01 05:28:27.374262',51,3,NULL,'2025-07-18'),(3,1371,3,'ready',1,0,'2025-07-01 05:12:18.134912','client','2025-06-30 11:17:07.035436','2025-07-01 05:12:17.786048','2025-07-01 05:28:27.385008',51,3,NULL,'2025-07-18'),(4,1372,4,'ready',1,0,'2025-06-30 12:04:45.122416','client','2025-06-30 11:17:07.867511','2025-06-30 12:04:44.835435','2025-07-01 05:28:27.415766',51,3,NULL,'2025-07-18'),(5,1373,5,'ready',1,0,'2025-06-30 12:04:46.792964','client','2025-06-30 11:17:08.332939','2025-06-30 12:04:46.501766','2025-07-01 05:28:27.446396',51,3,NULL,'2025-07-18'),(6,1374,6,'ready',1,0,'2025-06-30 12:04:48.386518','client','2025-06-30 11:17:08.763611','2025-06-30 12:04:48.098045','2025-07-01 05:28:27.466586',51,3,NULL,'2025-07-18'),(7,1375,57,'ready',1,0,'2025-06-30 12:01:26.092505','client','2025-06-30 12:01:26.083636','2025-06-30 12:01:26.083669','2025-07-01 05:28:27.483874',51,3,NULL,'2025-07-18'),(8,1376,60,'ready',1,0,'2025-06-30 12:01:27.553106','client','2025-06-30 12:01:27.544371','2025-06-30 12:01:27.544423','2025-07-01 05:28:27.492844',51,3,NULL,'2025-07-18'),(9,1377,56,'ready',1,0,'2025-06-30 12:01:29.063510','client','2025-06-30 12:01:29.054570','2025-06-30 12:01:29.054601','2025-07-01 05:28:27.501246',51,3,NULL,'2025-07-18'),(10,1378,7,'ready',1,0,'2025-06-30 12:04:49.901104','client','2025-06-30 12:04:49.887001','2025-06-30 12:04:49.887048','2025-07-01 05:28:27.510211',51,3,NULL,'2025-07-18'),(11,1379,1,'ready',1,0,'2025-07-01 06:54:27.990573','client','2025-07-01 06:14:04.677946','2025-07-01 06:54:27.691120','2025-07-01 08:18:11.243091',51,3,NULL,'2025-07-18'),(12,1380,2,'ready',1,0,'2025-07-01 06:21:33.136041','client','2025-07-01 06:21:33.130759','2025-07-01 06:21:33.130787','2025-07-01 08:23:11.246298',51,3,NULL,'2025-07-18'),(13,1381,3,'ready',1,0,'2025-07-01 06:21:34.735159','client','2025-07-01 06:21:34.721047','2025-07-01 06:21:34.721122','2025-07-01 08:23:11.262883',51,3,NULL,'2025-07-18'),(14,1382,4,'ready',1,0,'2025-07-01 06:21:36.259698','client','2025-07-01 06:21:36.253775','2025-07-01 06:21:36.253805','2025-07-01 08:23:11.279159',51,3,NULL,'2025-07-18'),(15,1383,5,'ready',1,0,'2025-07-01 06:21:37.733489','client','2025-07-01 06:21:37.727699','2025-07-01 06:21:37.727721','2025-07-01 08:23:11.294138',51,3,NULL,'2025-07-18'),(16,1384,6,'ready',1,0,'2025-07-01 06:21:39.170299','client','2025-07-01 06:21:39.165495','2025-07-01 06:21:39.165518','2025-07-01 08:23:11.310032',51,3,NULL,'2025-07-18'),(17,1385,7,'ready',1,0,'2025-07-01 06:21:40.637913','client','2025-07-01 06:21:40.625236','2025-07-01 06:21:40.625303','2025-07-01 08:23:11.326405',51,3,NULL,'2025-07-18'),(18,1386,8,'ready',1,0,'2025-07-01 06:21:42.146485','client','2025-07-01 06:21:42.140457','2025-07-01 06:21:42.140492','2025-07-01 08:23:11.341930',51,3,NULL,'2025-07-18'),(19,1387,9,'ready',1,0,'2025-07-01 06:21:43.587484','client','2025-07-01 06:21:43.577359','2025-07-01 06:21:43.577436','2025-07-01 08:23:11.357244',51,3,NULL,'2025-07-18'),(20,1388,10,'ready',1,0,'2025-07-01 06:21:45.053046','client','2025-07-01 06:21:45.041930','2025-07-01 06:21:45.042017','2025-07-01 08:23:11.373656',51,3,NULL,'2025-07-18'),(21,1389,1,'ready',4,0,'2025-07-01 09:42:37.414482','client','2025-07-01 09:42:37.387255','2025-07-01 09:42:37.387333','2025-07-01 11:46:12.309867',51,3,NULL,'2025-07-18'),(22,1390,1,'ready',1,0,'2025-07-04 05:18:19.428856','client','2025-07-04 05:18:19.412468','2025-07-04 05:18:19.412538','2025-07-04 07:21:00.790193',51,3,NULL,'2025-07-18'),(23,1391,2,'ready',1,0,'2025-07-04 05:21:57.543707','client','2025-07-04 05:21:57.530092','2025-07-04 05:21:57.530187','2025-07-04 07:26:00.771465',51,3,NULL,'2025-07-18'),(24,1392,3,'ready',1,0,'2025-07-04 08:50:44.994258','client','2025-07-04 08:50:44.976653','2025-07-04 08:50:44.976727','2025-07-07 03:49:28.102348',51,3,NULL,'2025-07-18'),(25,1393,4,'ready',1,0,'2025-07-04 08:50:46.841734','client','2025-07-04 08:50:46.828319','2025-07-04 08:50:46.828391','2025-07-07 03:49:28.114546',51,3,NULL,'2025-07-18'),(26,1394,5,'ready',1,0,'2025-07-04 08:50:48.580377','client','2025-07-04 08:50:48.566962','2025-07-04 08:50:48.567038','2025-07-07 03:49:28.123702',51,3,NULL,'2025-07-18'),(27,1395,6,'ready',1,0,'2025-07-04 08:50:50.028607','client','2025-07-04 08:50:50.016912','2025-07-04 08:50:50.016988','2025-07-07 03:49:28.133233',51,3,NULL,'2025-07-18'),(28,1396,7,'ready',1,0,'2025-07-04 08:50:51.448422','client','2025-07-04 08:50:51.443313','2025-07-04 08:50:51.443335','2025-07-07 03:49:28.142742',51,3,NULL,'2025-07-18'),(29,1397,8,'ready',1,0,'2025-07-04 08:50:52.872945','client','2025-07-04 08:50:52.858681','2025-07-04 08:50:52.858764','2025-07-07 03:49:28.151789',51,3,NULL,'2025-07-18'),(30,1398,9,'ready',1,0,'2025-07-04 08:50:54.331491','client','2025-07-04 08:50:54.317321','2025-07-04 08:50:54.317394','2025-07-07 03:49:28.159266',51,3,NULL,'2025-07-18'),(31,1399,10,'ready',1,0,'2025-07-04 08:50:55.794006','client','2025-07-04 08:50:55.780299','2025-07-04 08:50:55.780374','2025-07-07 03:49:28.166757',51,3,NULL,'2025-07-18'),(32,1400,11,'ready',1,0,'2025-07-04 08:50:59.799921','client','2025-07-04 08:50:59.785683','2025-07-04 08:50:59.785760','2025-07-07 03:49:28.173522',51,3,NULL,'2025-07-18'),(33,1401,12,'ready',1,0,'2025-07-04 08:51:01.505482','client','2025-07-04 08:51:01.492120','2025-07-04 08:51:01.492214','2025-07-07 03:49:28.179950',51,3,NULL,'2025-07-18'),(34,1402,13,'ready',1,0,'2025-07-04 08:51:03.024737','client','2025-07-04 08:51:03.011286','2025-07-04 08:51:03.011359','2025-07-07 03:49:28.186605',51,3,NULL,'2025-07-18'),(35,1403,14,'ready',1,0,'2025-07-04 08:51:04.481826','client','2025-07-04 08:51:04.468580','2025-07-04 08:51:04.468654','2025-07-07 03:49:28.193556',51,3,NULL,'2025-07-18'),(36,1404,15,'ready',1,0,'2025-07-04 08:51:06.135842','client','2025-07-04 08:51:06.121792','2025-07-04 08:51:06.121871','2025-07-07 03:49:28.200417',51,3,NULL,'2025-07-18'),(37,1405,16,'ready',1,0,'2025-07-04 08:51:07.635647','client','2025-07-04 08:51:07.621982','2025-07-04 08:51:07.622056','2025-07-07 03:49:28.206996',51,3,NULL,'2025-07-18'),(38,1406,17,'ready',1,0,'2025-07-04 08:51:09.125663','client','2025-07-04 08:51:09.111236','2025-07-04 08:51:09.111313','2025-07-07 03:49:28.213495',51,3,NULL,'2025-07-18'),(39,1407,18,'ready',1,0,'2025-07-04 08:51:10.619394','client','2025-07-04 08:51:10.606287','2025-07-04 08:51:10.606365','2025-07-07 03:49:28.220163',51,3,NULL,'2025-07-18'),(40,1408,19,'ready',1,0,'2025-07-04 08:51:12.107777','client','2025-07-04 08:51:12.094182','2025-07-04 08:51:12.094261','2025-07-07 03:49:28.226572',51,3,NULL,'2025-07-18'),(41,1409,20,'ready',1,0,'2025-07-04 08:51:13.563737','client','2025-07-04 08:51:13.550289','2025-07-04 08:51:13.550366','2025-07-07 03:49:28.233710',51,3,NULL,'2025-07-18'),(42,1410,21,'ready',1,0,'2025-07-04 08:51:14.999423','client','2025-07-04 08:51:14.985952','2025-07-04 08:51:14.986041','2025-07-07 03:49:28.241212',51,3,NULL,'2025-07-18'),(43,1411,22,'ready',1,0,'2025-07-04 08:51:16.446209','client','2025-07-04 08:51:16.439929','2025-07-04 08:51:16.439963','2025-07-07 03:49:28.248033',51,3,NULL,'2025-07-18'),(44,1412,23,'ready',1,0,'2025-07-04 08:51:17.875918','client','2025-07-04 08:51:17.870047','2025-07-04 08:51:17.870080','2025-07-07 03:49:28.254444',51,3,NULL,'2025-07-18'),(45,1413,24,'ready',1,0,'2025-07-04 08:51:19.335727','client','2025-07-04 08:51:19.321032','2025-07-04 08:51:19.321110','2025-07-07 03:49:28.261628',51,3,NULL,'2025-07-18'),(46,1414,25,'ready',1,0,'2025-07-04 08:51:20.789408','client','2025-07-04 08:51:20.773766','2025-07-04 08:51:20.773839','2025-07-07 03:49:28.268541',51,3,NULL,'2025-07-18'),(47,1415,26,'ready',1,0,'2025-07-04 08:51:22.241605','client','2025-07-04 08:51:22.228063','2025-07-04 08:51:22.228142','2025-07-07 03:49:28.275391',51,3,NULL,'2025-07-18'),(48,1416,27,'ready',1,0,'2025-07-04 08:51:23.677100','client','2025-07-04 08:51:23.663071','2025-07-04 08:51:23.663145','2025-07-07 03:49:28.282135',51,3,NULL,'2025-07-18'),(49,1417,28,'ready',1,0,'2025-07-04 08:51:25.146465','client','2025-07-04 08:51:25.132493','2025-07-04 08:51:25.132567','2025-07-07 03:49:28.289463',51,14,NULL,'2025-07-18'),(50,1418,29,'ready',1,0,'2025-07-04 08:51:26.613945','client','2025-07-04 08:51:26.606279','2025-07-04 08:51:26.606321','2025-07-07 03:49:28.296602',51,14,NULL,'2025-07-18'),(51,1419,30,'ready',1,0,'2025-07-04 08:51:28.050410','client','2025-07-04 08:51:28.036950','2025-07-04 08:51:28.037042','2025-07-07 03:49:28.303607',51,14,NULL,'2025-07-18'),(52,1420,31,'ready',1,0,'2025-07-04 08:51:29.494650','client','2025-07-04 08:51:29.480919','2025-07-04 08:51:29.480994','2025-07-07 03:49:28.310273',51,14,NULL,'2025-07-18'),(53,1421,32,'ready',1,0,'2025-07-04 08:51:30.973301','client','2025-07-04 08:51:30.958735','2025-07-04 08:51:30.958810','2025-07-07 03:49:28.317246',51,14,NULL,'2025-07-18'),(54,1422,33,'ready',1,0,'2025-07-04 08:51:32.440607','client','2025-07-04 08:51:32.426869','2025-07-04 08:51:32.426945','2025-07-07 03:49:28.324133',51,14,NULL,'2025-07-18'),(55,1423,34,'ready',1,0,'2025-07-04 08:51:33.879597','client','2025-07-04 08:51:33.865907','2025-07-04 08:51:33.865980','2025-07-07 03:49:28.330353',51,14,NULL,'2025-07-18'),(56,1424,35,'ready',1,0,'2025-07-04 08:51:35.325221','client','2025-07-04 08:51:35.311892','2025-07-04 08:51:35.311968','2025-07-07 03:49:28.337001',51,14,NULL,'2025-07-18'),(57,1425,36,'ready',1,0,'2025-07-04 08:51:36.801375','client','2025-07-04 08:51:36.787856','2025-07-04 08:51:36.787930','2025-07-07 03:49:28.343644',51,14,NULL,'2025-07-18'),(58,1426,37,'ready',1,0,'2025-07-04 08:51:38.291867','client','2025-07-04 08:51:38.278633','2025-07-04 08:51:38.278710','2025-07-07 03:49:28.350862',51,14,NULL,'2025-07-18'),(59,1427,38,'ready',1,0,'2025-07-04 08:51:40.454988','client','2025-07-04 08:51:40.441597','2025-07-04 08:51:40.441673','2025-07-07 03:49:28.357611',51,14,NULL,'2025-07-18'),(60,1428,39,'ready',1,0,'2025-07-04 08:51:42.458739','client','2025-07-04 08:51:42.445143','2025-07-04 08:51:42.445236','2025-07-07 03:49:28.364345',51,14,NULL,'2025-07-18'),(61,1429,40,'ready',1,0,'2025-07-04 08:51:43.970582','client','2025-07-04 08:51:43.966183','2025-07-04 08:51:43.966207','2025-07-07 03:49:28.371390',51,14,NULL,'2025-07-18'),(62,1430,41,'ready',1,0,'2025-07-04 08:51:45.407431','client','2025-07-04 08:51:45.394260','2025-07-04 08:51:45.394337','2025-07-07 03:49:28.378518',51,14,NULL,'2025-07-18'),(63,1431,42,'ready',1,0,'2025-07-04 08:51:46.851962','client','2025-07-04 08:51:46.838783','2025-07-04 08:51:46.838859','2025-07-07 03:49:28.385564',51,14,NULL,'2025-07-18'),(64,1432,43,'ready',1,0,'2025-07-04 08:51:48.321751','client','2025-07-04 08:51:48.308372','2025-07-04 08:51:48.308447','2025-07-07 03:49:28.392277',51,14,NULL,'2025-07-18'),(65,1433,44,'ready',1,0,'2025-07-04 08:51:49.787232','client','2025-07-04 08:51:49.773354','2025-07-04 08:51:49.773429','2025-07-07 03:49:28.399370',51,14,NULL,'2025-07-18'),(66,1434,45,'ready',1,0,'2025-07-04 08:51:51.230106','client','2025-07-04 08:51:51.216866','2025-07-04 08:51:51.216939','2025-07-07 03:49:28.405863',51,14,NULL,'2025-07-18'),(67,1435,46,'ready',1,0,'2025-07-04 08:51:52.673650','client','2025-07-04 08:51:52.659944','2025-07-04 08:51:52.660025','2025-07-07 03:49:28.412292',51,14,NULL,'2025-07-18'),(68,1436,47,'ready',1,0,'2025-07-04 08:51:54.129258','client','2025-07-04 08:51:54.117723','2025-07-04 08:51:54.117797','2025-07-07 03:49:28.418725',51,14,NULL,'2025-07-18'),(69,1437,48,'ready',1,0,'2025-07-04 08:51:55.583034','client','2025-07-04 08:51:55.569634','2025-07-04 08:51:55.569708','2025-07-07 03:49:28.425270',51,14,NULL,'2025-07-18'),(70,1438,49,'ready',1,0,'2025-07-04 08:51:57.029864','client','2025-07-04 08:51:57.016607','2025-07-04 08:51:57.016679','2025-07-07 03:49:28.431924',51,14,NULL,'2025-07-18'),(71,1439,50,'ready',1,0,'2025-07-04 08:51:58.471640','client','2025-07-04 08:51:58.458215','2025-07-04 08:51:58.458289','2025-07-07 03:49:28.438906',51,14,NULL,'2025-07-18'),(72,1440,51,'ready',1,0,'2025-07-04 08:51:59.915475','client','2025-07-04 08:51:59.902169','2025-07-04 08:51:59.902247','2025-07-07 03:49:28.446062',51,14,NULL,'2025-07-18'),(73,1441,52,'ready',1,0,'2025-07-04 08:52:01.365709','client','2025-07-04 08:52:01.352460','2025-07-04 08:52:01.352537','2025-07-07 03:49:28.452600',51,14,NULL,'2025-07-18'),(74,1442,53,'ready',1,0,'2025-07-04 08:52:02.825528','client','2025-07-04 08:52:02.811324','2025-07-04 08:52:02.811437','2025-07-07 03:49:28.459589',51,14,NULL,'2025-07-18'),(75,1443,54,'ready',1,0,'2025-07-04 08:52:04.277544','client','2025-07-04 08:52:04.266446','2025-07-04 08:52:04.266501','2025-07-07 03:49:28.466296',51,14,NULL,'2025-07-18'),(76,1444,55,'ready',1,0,'2025-07-04 08:52:05.729596','client','2025-07-04 08:52:05.715823','2025-07-04 08:52:05.715900','2025-07-07 03:49:28.473360',51,14,NULL,'2025-07-18'),(77,1445,56,'ready',1,0,'2025-07-04 08:52:07.186512','client','2025-07-04 08:52:07.172765','2025-07-04 08:52:07.172841','2025-07-07 03:49:28.480850',51,14,NULL,'2025-07-18'),(78,1446,57,'ready',1,0,'2025-07-04 08:52:08.659137','client','2025-07-04 08:52:08.645854','2025-07-04 08:52:08.645952','2025-07-07 03:49:28.487562',51,14,NULL,'2025-07-18'),(79,1447,58,'ready',1,0,'2025-07-04 08:52:10.138118','client','2025-07-04 08:52:10.124394','2025-07-04 08:52:10.124470','2025-07-07 03:49:28.494244',51,14,NULL,'2025-07-18'),(80,1448,59,'ready',1,0,'2025-07-04 08:52:11.580832','client','2025-07-04 08:52:11.574106','2025-07-04 08:52:11.574161','2025-07-07 03:49:28.500961',51,14,NULL,'2025-07-18'),(81,1449,60,'ready',1,0,'2025-07-04 08:52:13.030032','client','2025-07-04 08:52:13.015984','2025-07-04 08:52:13.016057','2025-07-07 03:49:28.507557',51,14,NULL,'2025-07-18'),(82,1450,61,'ready',1,0,'2025-07-04 08:52:14.492541','client','2025-07-04 08:52:14.478748','2025-07-04 08:52:14.478819','2025-07-07 03:49:28.513853',51,14,NULL,'2025-07-18'),(83,1451,62,'ready',1,0,'2025-07-04 08:52:15.939375','client','2025-07-04 08:52:15.929029','2025-07-04 08:52:15.929082','2025-07-07 03:49:28.520464',51,14,NULL,'2025-07-18'),(84,1452,63,'ready',1,0,'2025-07-04 08:52:17.390600','client','2025-07-04 08:52:17.385623','2025-07-04 08:52:17.385646','2025-07-07 03:49:28.527433',51,14,NULL,'2025-07-18'),(85,1453,64,'ready',1,0,'2025-07-04 08:52:18.866650','client','2025-07-04 08:52:18.853320','2025-07-04 08:52:18.853393','2025-07-07 03:49:28.534079',51,14,NULL,'2025-07-18'),(86,1454,65,'ready',1,0,'2025-07-04 08:52:20.322590','client','2025-07-04 08:52:20.301173','2025-07-04 08:52:20.301248','2025-07-07 03:49:28.540593',51,14,NULL,'2025-07-18'),(87,1455,66,'ready',1,0,'2025-07-04 08:52:21.801401','client','2025-07-04 08:52:21.787122','2025-07-04 08:52:21.787217','2025-07-07 03:49:28.547662',51,14,NULL,'2025-07-18'),(88,1456,67,'ready',1,0,'2025-07-04 08:52:23.272183','client','2025-07-04 08:52:23.258797','2025-07-04 08:52:23.258872','2025-07-07 03:49:28.554187',51,14,NULL,'2025-07-18'),(89,1457,68,'ready',1,0,'2025-07-04 08:52:24.722840','client','2025-07-04 08:52:24.709082','2025-07-04 08:52:24.709175','2025-07-07 03:49:28.560856',51,14,NULL,'2025-07-18'),(90,1458,69,'ready',1,0,'2025-07-04 08:52:26.177003','client','2025-07-04 08:52:26.163765','2025-07-04 08:52:26.163837','2025-07-07 03:49:28.566922',51,14,NULL,'2025-07-18'),(91,1459,70,'ready',1,0,'2025-07-04 08:52:27.616567','client','2025-07-04 08:52:27.609897','2025-07-04 08:52:27.609933','2025-07-07 03:49:28.572047',51,14,NULL,'2025-07-18'),(92,1460,71,'ready',1,0,'2025-07-04 08:52:29.041975','client','2025-07-04 08:52:29.030574','2025-07-04 08:52:29.030626','2025-07-07 03:49:28.577737',51,14,NULL,'2025-07-18'),(93,1461,72,'ready',1,0,'2025-07-04 08:52:30.493072','client','2025-07-04 08:52:30.478792','2025-07-04 08:52:30.478868','2025-07-07 03:49:28.583130',51,14,NULL,'2025-07-18'),(94,1462,73,'ready',1,0,'2025-07-04 08:52:31.953256','client','2025-07-04 08:52:31.941784','2025-07-04 08:52:31.941860','2025-07-07 03:49:28.588333',51,3,NULL,'2025-07-18'),(95,1463,74,'ready',1,0,'2025-07-04 08:52:33.392595','client','2025-07-04 08:52:33.379435','2025-07-04 08:52:33.379510','2025-07-07 03:49:28.594114',51,3,NULL,'2025-07-18'),(96,1464,75,'ready',1,0,'2025-07-04 08:52:34.848451','client','2025-07-04 08:52:34.835210','2025-07-04 08:52:34.835283','2025-07-07 03:49:28.600335',51,3,NULL,'2025-07-18'),(97,1465,76,'ready',1,0,'2025-07-04 08:52:36.265051','client','2025-07-04 08:52:36.250554','2025-07-04 08:52:36.250629','2025-07-07 03:49:28.605575',51,3,NULL,'2025-07-18'),(98,1466,77,'ready',1,0,'2025-07-04 08:52:37.729028','client','2025-07-04 08:52:37.715682','2025-07-04 08:52:37.715759','2025-07-07 03:49:28.611528',51,3,NULL,'2025-07-18'),(99,1467,78,'ready',1,0,'2025-07-04 08:52:40.346637','client','2025-07-04 08:52:40.340255','2025-07-04 08:52:40.340299','2025-07-07 03:49:28.616918',51,3,NULL,'2025-07-18'),(100,1468,79,'ready',1,0,'2025-07-04 08:52:43.906876','client','2025-07-04 08:52:43.897202','2025-07-04 08:52:43.897254','2025-07-07 03:49:28.622912',51,3,NULL,'2025-07-18'),(101,1469,80,'ready',1,0,'2025-07-04 08:52:45.379984','client','2025-07-04 08:52:45.366767','2025-07-04 08:52:45.366848','2025-07-07 03:49:28.628476',51,3,NULL,'2025-07-18'),(102,1470,81,'ready',1,0,'2025-07-04 08:52:46.844505','client','2025-07-04 08:52:46.836553','2025-07-04 08:52:46.836605','2025-07-07 03:49:28.634621',51,3,NULL,'2025-07-18'),(103,1471,82,'ready',1,0,'2025-07-04 08:52:48.370433','client','2025-07-04 08:52:48.359226','2025-07-04 08:52:48.359287','2025-07-07 03:49:28.639990',51,3,NULL,'2025-07-18'),(104,1472,83,'ready',1,0,'2025-07-04 08:52:49.827199','client','2025-07-04 08:52:49.813742','2025-07-04 08:52:49.813819','2025-07-07 03:49:28.646222',51,3,NULL,'2025-07-18'),(105,1473,84,'ready',1,0,'2025-07-04 08:52:51.295218','client','2025-07-04 08:52:51.282013','2025-07-04 08:52:51.282087','2025-07-07 03:49:28.652307',51,3,NULL,'2025-07-18'),(106,1474,85,'ready',1,0,'2025-07-04 08:52:52.729289','client','2025-07-04 08:52:52.715897','2025-07-04 08:52:52.715973','2025-07-07 03:49:28.657756',51,3,NULL,'2025-07-18'),(107,1475,86,'ready',1,0,'2025-07-04 08:52:54.211853','client','2025-07-04 08:52:54.198542','2025-07-04 08:52:54.198615','2025-07-07 03:49:28.663867',51,3,NULL,'2025-07-18'),(108,1476,87,'ready',1,0,'2025-07-04 08:52:55.657394','client','2025-07-04 08:52:55.643678','2025-07-04 08:52:55.643753','2025-07-07 03:49:28.669687',51,3,NULL,'2025-07-18'),(109,1477,88,'ready',1,0,'2025-07-04 08:52:57.127540','client','2025-07-04 08:52:57.114025','2025-07-04 08:52:57.114101','2025-07-07 03:49:28.675339',51,3,NULL,'2025-07-18'),(110,1478,89,'ready',1,0,'2025-07-04 08:52:58.567566','client','2025-07-04 08:52:58.558654','2025-07-04 08:52:58.558698','2025-07-07 03:49:28.680879',51,3,NULL,'2025-07-18'),(111,1479,90,'ready',1,0,'2025-07-04 08:53:00.024460','client','2025-07-04 08:53:00.010305','2025-07-04 08:53:00.010383','2025-07-07 03:49:28.686042',51,3,NULL,'2025-07-18'),(112,1480,91,'ready',1,0,'2025-07-04 08:53:01.487752','client','2025-07-04 08:53:01.474188','2025-07-04 08:53:01.474266','2025-07-07 03:49:28.692236',51,3,NULL,'2025-07-18'),(113,1481,92,'ready',1,0,'2025-07-04 08:53:02.946020','client','2025-07-04 08:53:02.936553','2025-07-04 08:53:02.936610','2025-07-07 03:49:28.698659',51,3,NULL,'2025-07-18'),(114,1482,93,'ready',1,0,'2025-07-04 08:53:04.398545','client','2025-07-04 08:53:04.384924','2025-07-04 08:53:04.385010','2025-07-07 03:49:28.704849',51,3,NULL,'2025-07-18'),(115,1483,94,'ready',1,0,'2025-07-04 08:53:05.859744','client','2025-07-04 08:53:05.846427','2025-07-04 08:53:05.846503','2025-07-07 03:49:28.710289',51,3,NULL,'2025-07-18'),(116,1484,95,'ready',1,0,'2025-07-04 08:53:07.319135','client','2025-07-04 08:53:07.305303','2025-07-04 08:53:07.305381','2025-07-07 03:49:28.715568',51,3,NULL,'2025-07-18'),(117,1485,96,'ready',1,0,'2025-07-04 08:53:08.813567','client','2025-07-04 08:53:08.798898','2025-07-04 08:53:08.799091','2025-07-07 03:49:28.721283',51,3,NULL,'2025-07-18'),(118,1486,97,'ready',1,0,'2025-07-04 08:53:10.241109','client','2025-07-04 08:53:10.227707','2025-07-04 08:53:10.227783','2025-07-07 03:49:28.727593',51,3,NULL,'2025-07-18'),(119,1487,98,'ready',1,0,'2025-07-04 08:53:11.667487','client','2025-07-04 08:53:11.657526','2025-07-04 08:53:11.657603','2025-07-07 03:49:28.733242',51,3,NULL,'2025-07-18'),(120,1488,99,'ready',1,0,'2025-07-04 08:53:13.132627','client','2025-07-04 08:53:13.120931','2025-07-04 08:53:13.121008','2025-07-07 03:49:28.739462',51,3,NULL,'2025-07-18'),(121,1489,100,'ready',1,0,'2025-07-04 08:53:14.580475','client','2025-07-04 08:53:14.567100','2025-07-04 08:53:14.567191','2025-07-07 03:49:28.745142',51,3,NULL,'2025-07-18'),(122,1490,1,'ready',1,0,'2025-07-07 04:05:46.494401','client','2025-07-07 04:05:39.584726','2025-07-07 04:05:46.177322','2025-07-08 03:38:52.187070',51,3,NULL,'2025-07-18'),(123,1491,2,'ready',1,0,'2025-07-07 04:31:56.282905','client','2025-07-07 04:31:56.277364','2025-07-07 04:31:56.277388','2025-07-08 03:38:52.198593',51,3,NULL,'2025-07-18'),(124,1492,3,'ready',1,0,'2025-07-07 04:32:12.972547','client','2025-07-07 04:32:12.959725','2025-07-07 04:32:12.959799','2025-07-08 03:38:52.206773',51,3,NULL,'2025-07-18'),(125,1493,4,'ready',1,0,'2025-07-07 04:32:44.586459','client','2025-07-07 04:32:44.580995','2025-07-07 04:32:44.581024','2025-07-08 03:38:52.212220',51,3,NULL,'2025-07-18'),(126,1494,5,'ready',1,0,'2025-07-07 04:32:53.466514','client','2025-07-07 04:32:53.453398','2025-07-07 04:32:53.453469','2025-07-08 03:38:52.218250',51,3,NULL,'2025-07-18'),(127,1495,6,'ready',1,0,'2025-07-07 04:34:47.069725','client','2025-07-07 04:34:47.056428','2025-07-07 04:34:47.056503','2025-07-08 03:38:52.224363',51,3,NULL,'2025-07-18'),(128,1496,7,'ready',1,0,'2025-07-07 04:34:52.242817','client','2025-07-07 04:34:52.228919','2025-07-07 04:34:52.228992','2025-07-08 03:38:52.230586',51,3,NULL,'2025-07-18'),(129,1497,8,'ready',1,0,'2025-07-07 04:35:01.067938','client','2025-07-07 04:35:01.061836','2025-07-07 04:35:01.061863','2025-07-08 03:38:52.236632',51,3,NULL,'2025-07-18'),(130,1498,9,'ready',1,0,'2025-07-07 04:35:03.584961','client','2025-07-07 04:35:03.570812','2025-07-07 04:35:03.570904','2025-07-08 03:38:52.242691',51,3,NULL,'2025-07-18'),(131,1499,10,'ready',1,0,'2025-07-07 04:35:05.142793','client','2025-07-07 04:35:05.129078','2025-07-07 04:35:05.129154','2025-07-08 03:38:52.248817',51,3,NULL,'2025-07-18'),(132,1500,11,'ready',1,0,'2025-07-07 04:35:22.751549','client','2025-07-07 04:35:22.737524','2025-07-07 04:35:22.737604','2025-07-08 03:38:52.255263',51,3,NULL,'2025-07-18'),(133,1501,12,'ready',1,0,'2025-07-07 04:48:39.873919','client','2025-07-07 04:48:39.869325','2025-07-07 04:48:39.869349','2025-07-08 03:38:52.261082',51,3,NULL,'2025-07-18'),(134,1502,13,'ready',1,0,'2025-07-07 04:48:41.004654','client','2025-07-07 04:48:40.999079','2025-07-07 04:48:40.999102','2025-07-08 03:38:52.266940',51,3,NULL,'2025-07-18'),(135,1503,14,'ready',1,0,'2025-07-07 04:48:42.134791','client','2025-07-07 04:48:42.129564','2025-07-07 04:48:42.129589','2025-07-08 03:38:52.273073',51,3,NULL,'2025-07-18'),(136,1504,15,'ready',1,0,'2025-07-07 04:48:43.282127','client','2025-07-07 04:48:43.277244','2025-07-07 04:48:43.277268','2025-07-08 03:38:52.278696',51,3,NULL,'2025-07-18'),(137,1505,16,'ready',1,0,'2025-07-07 04:48:44.413509','client','2025-07-07 04:48:44.408298','2025-07-07 04:48:44.408324','2025-07-08 03:38:52.284657',51,3,NULL,'2025-07-18'),(138,1506,17,'ready',1,0,'2025-07-07 04:48:45.540412','client','2025-07-07 04:48:45.536052','2025-07-07 04:48:45.536073','2025-07-08 03:38:52.291042',51,3,NULL,'2025-07-18'),(139,1507,18,'ready',1,0,'2025-07-07 04:48:46.695477','client','2025-07-07 04:48:46.684518','2025-07-07 04:48:46.684597','2025-07-08 03:38:52.297051',51,3,NULL,'2025-07-18'),(140,1508,19,'ready',1,0,'2025-07-07 04:48:47.853804','client','2025-07-07 04:48:47.843191','2025-07-07 04:48:47.843263','2025-07-08 03:38:52.302722',51,3,NULL,'2025-07-18'),(141,1509,20,'ready',1,0,'2025-07-07 04:48:48.995557','client','2025-07-07 04:48:48.990840','2025-07-07 04:48:48.990866','2025-07-08 03:38:52.308587',51,3,NULL,'2025-07-18'),(142,1510,21,'ready',1,0,'2025-07-07 04:48:50.120735','client','2025-07-07 04:48:50.116127','2025-07-07 04:48:50.116150','2025-07-08 03:38:52.314564',51,3,NULL,'2025-07-18'),(143,1511,22,'ready',1,0,'2025-07-07 04:48:51.257315','client','2025-07-07 04:48:51.250903','2025-07-07 04:48:51.250947','2025-07-08 03:38:52.320587',51,3,NULL,'2025-07-18'),(144,1512,23,'ready',1,0,'2025-07-07 04:48:52.379804','client','2025-07-07 04:48:52.373601','2025-07-07 04:48:52.373628','2025-07-08 03:38:52.326395',51,3,NULL,'2025-07-18'),(145,1513,24,'ready',1,0,'2025-07-07 04:48:53.534374','client','2025-07-07 04:48:53.523048','2025-07-07 04:48:53.523123','2025-07-08 03:38:52.332738',51,3,NULL,'2025-07-18'),(146,1514,25,'ready',1,0,'2025-07-07 04:48:54.699089','client','2025-07-07 04:48:54.685089','2025-07-07 04:48:54.685174','2025-07-08 03:38:52.338463',51,3,NULL,'2025-07-18'),(147,1515,26,'ready',1,0,'2025-07-07 04:48:55.844995','client','2025-07-07 04:48:55.831962','2025-07-07 04:48:55.832040','2025-07-08 03:38:52.344419',51,3,NULL,'2025-07-18'),(148,1516,27,'ready',1,0,'2025-07-07 04:48:56.983259','client','2025-07-07 04:48:56.973934','2025-07-07 04:48:56.974008','2025-07-08 03:38:52.350494',51,3,NULL,'2025-07-18'),(149,1517,28,'ready',1,0,'2025-07-07 04:48:58.114039','client','2025-07-07 04:48:58.109294','2025-07-07 04:48:58.109319','2025-07-08 03:38:52.356353',51,3,NULL,'2025-07-18'),(150,1518,29,'ready',1,0,'2025-07-07 04:48:59.265053','client','2025-07-07 04:48:59.252032','2025-07-07 04:48:59.252105','2025-07-08 03:38:52.362413',51,3,NULL,'2025-07-18'),(151,1519,30,'ready',1,0,'2025-07-07 10:11:45.610410','client','2025-07-07 04:49:00.404350','2025-07-07 10:11:45.595771','2025-07-08 03:38:52.368262',51,3,NULL,'2025-07-18'),(152,1522,31,'ready',1,0,'2025-07-07 10:11:43.201686','client','2025-07-07 10:11:43.192771','2025-07-07 10:11:43.192793','2025-07-08 03:38:52.374317',51,3,NULL,'2025-07-18'),(153,1523,32,'ready',1,0,'2025-07-07 10:11:56.893099','client','2025-07-07 10:11:44.392933','2025-07-07 10:11:56.878010','2025-07-08 03:38:52.379794',51,3,NULL,'2025-07-18'),(154,1524,33,'ready',1,0,'2025-07-07 10:11:58.042576','client','2025-07-07 10:11:58.034768','2025-07-07 10:11:58.034822','2025-07-08 03:38:52.385551',51,3,NULL,'2025-07-18'),(155,1520,31,'preparing',1,0,NULL,'client','2025-07-07 10:01:05.110221','2025-07-07 10:01:05.110264','2025-07-08 03:38:52.393753',63,NULL,NULL,'2025-07-18'),(156,1521,32,'ready',1,0,'2025-07-07 10:31:21.206171','client','2025-07-07 10:09:01.315703','2025-07-07 10:31:20.254926','2025-07-08 03:38:52.401844',63,3,NULL,'2025-07-18'),(157,1525,1111,'ready',1,0,'2025-07-07 10:30:51.428376','client','2025-07-07 10:30:51.418592','2025-07-07 10:30:51.418629','2025-07-08 03:38:52.410894',63,3,NULL,'2025-07-18'),(158,1526,111,'ready',1,0,'2025-07-07 10:30:52.935124','client','2025-07-07 10:30:52.930267','2025-07-07 10:30:52.930292','2025-07-08 03:38:52.416984',63,3,NULL,'2025-07-18'),(159,1527,34,'ready',1,0,'2025-07-07 10:30:54.466367','client','2025-07-07 10:30:54.461247','2025-07-07 10:30:54.461276','2025-07-08 03:38:52.424173',63,3,NULL,'2025-07-18'),(160,1528,35,'ready',1,0,'2025-07-07 10:30:55.805308','client','2025-07-07 10:30:55.798493','2025-07-07 10:30:55.798527','2025-07-08 03:38:52.430143',63,3,NULL,'2025-07-18'),(161,1529,1,'ready',1,0,'2025-07-08 04:35:50.322350','client','2025-07-08 03:39:09.631591','2025-07-08 04:35:49.416201','2025-07-08 15:39:58.358722',63,3,NULL,'2025-07-18'),(162,1530,2,'ready',1,0,'2025-07-08 03:57:13.054531','client','2025-07-08 03:57:07.466955','2025-07-08 03:57:12.053872','2025-07-08 15:59:58.357714',63,NULL,NULL,'2025-07-18'),(163,1531,3,'ready',1,0,'2025-07-08 04:35:46.481916','client','2025-07-08 03:58:12.502900','2025-07-08 04:35:44.353936','2025-07-08 15:59:58.365129',63,NULL,NULL,'2025-07-18'),(164,1532,5,'ready',1,0,'2025-07-08 04:35:47.949127','client','2025-07-08 04:35:47.939994','2025-07-08 04:35:47.940036','2025-07-08 16:39:58.357614',63,3,NULL,'2025-07-18'),(165,1533,4,'ready',1,0,'2025-07-08 04:36:08.971899','client','2025-07-08 04:36:01.888055','2025-07-08 04:36:08.114478','2025-07-08 16:39:58.365290',63,NULL,NULL,'2025-07-18'),(166,1534,6,'ready',1,0,'2025-07-08 04:46:13.715525','client','2025-07-08 04:46:07.643385','2025-07-08 04:46:12.819054','2025-07-08 16:49:58.356181',63,NULL,NULL,'2025-07-18'),(167,1535,10,'preparing',1,0,NULL,'client','2025-07-08 05:40:24.607125','2025-07-08 05:40:24.607216','2025-07-08 17:44:58.356877',63,NULL,NULL,'2025-07-18'),(168,1536,11,'preparing',1,0,NULL,'client','2025-07-08 05:40:25.354061','2025-07-08 05:40:25.354139','2025-07-08 17:44:58.364036',63,NULL,NULL,'2025-07-18'),(169,1537,12,'preparing',1,0,NULL,'client','2025-07-08 05:40:26.104111','2025-07-08 05:40:26.104163','2025-07-08 17:44:58.371233',63,NULL,NULL,'2025-07-18'),(170,1538,13,'preparing',1,0,NULL,'client','2025-07-08 05:40:26.860408','2025-07-08 05:40:26.860489','2025-07-08 17:44:58.378321',63,NULL,NULL,'2025-07-18'),(171,1539,14,'preparing',1,0,NULL,'client','2025-07-08 05:40:27.551233','2025-07-08 05:40:27.551379','2025-07-08 17:44:58.385652',63,NULL,NULL,'2025-07-18'),(172,1540,15,'preparing',1,0,NULL,'client','2025-07-08 05:40:28.229161','2025-07-08 05:40:28.229238','2025-07-08 17:44:58.393288',63,NULL,NULL,'2025-07-18'),(173,1541,16,'preparing',1,0,NULL,'client','2025-07-08 05:40:28.888882','2025-07-08 05:40:28.888965','2025-07-08 17:44:58.400843',63,NULL,NULL,'2025-07-18'),(174,1542,17,'preparing',1,0,NULL,'client','2025-07-08 05:40:29.581927','2025-07-08 05:40:29.582005','2025-07-08 17:44:58.408977',63,NULL,NULL,'2025-07-18'),(175,1543,18,'preparing',1,0,NULL,'client','2025-07-08 05:40:30.307900','2025-07-08 05:40:30.307982','2025-07-08 17:44:58.418061',63,NULL,NULL,'2025-07-18'),(176,1544,19,'preparing',1,0,NULL,'client','2025-07-08 05:40:30.985976','2025-07-08 05:40:30.986023','2025-07-08 17:44:58.428066',63,NULL,NULL,'2025-07-18'),(177,1545,20,'preparing',1,0,NULL,'client','2025-07-08 05:40:31.860216','2025-07-08 05:40:31.860291','2025-07-08 17:44:58.438820',63,NULL,NULL,'2025-07-18'),(178,1546,55,'ready',1,0,'2025-07-08 08:59:45.015758','client','2025-07-08 08:59:18.802292','2025-07-08 08:59:44.021117','2025-07-08 20:59:58.356733',63,NULL,NULL,'2025-07-18'),(179,1547,56,'ready',1,0,'2025-07-08 09:11:26.996094','client','2025-07-08 09:01:03.635570','2025-07-08 09:11:25.131753','2025-07-08 21:04:58.371301',63,NULL,NULL,'2025-07-18'),(180,1548,57,'ready',1,0,'2025-07-08 09:04:47.544717','client','2025-07-08 09:04:47.495065','2025-07-08 09:04:47.495175','2025-07-08 21:04:58.398364',63,3,NULL,'2025-07-18'),(181,1549,58,'ready',1,0,'2025-07-08 09:15:00.266324','client','2025-07-08 09:11:44.626533','2025-07-08 09:14:58.973231','2025-07-08 21:14:58.356767',63,NULL,NULL,'2025-07-18'),(182,1550,59,'ready',1,0,'2025-07-08 09:33:05.472187','client','2025-07-08 09:33:05.463066','2025-07-08 09:33:05.463097','2025-07-08 21:34:58.357972',63,3,NULL,'2025-07-18'),(183,1551,60,'ready',1,0,'2025-07-08 10:40:25.788051','client','2025-07-08 09:35:42.204067','2025-07-08 10:40:24.012121','2025-07-08 21:39:58.358469',63,NULL,NULL,'2025-07-18'),(184,1552,61,'ready',1,0,'2025-07-08 10:41:10.075564','client','2025-07-08 10:40:46.667648','2025-07-08 10:41:09.051453','2025-07-08 22:44:58.357277',63,NULL,NULL,'2025-07-18'),(185,1553,62,'ready',1,0,'2025-07-08 10:56:04.379691','client','2025-07-08 10:49:42.438062','2025-07-08 10:56:03.439059','2025-07-08 22:49:58.357512',63,NULL,NULL,'2025-07-18'),(186,1554,63,'ready',4,0,'2025-07-08 10:56:34.385683','client','2025-07-08 10:56:00.408284','2025-07-08 10:56:33.556307','2025-07-08 22:59:58.357294',63,NULL,NULL,'2025-07-18'),(187,1555,1,'ready',99,0,'2025-07-09 05:57:14.202340','client','2025-07-09 05:57:14.186257','2025-07-09 05:57:14.186287','2025-07-10 03:47:27.788575',63,3,NULL,'2025-07-18'),(188,1556,200,'ready',99,0,'2025-07-09 06:51:55.954298','client','2025-07-09 06:51:02.624505','2025-07-09 06:51:55.608171','2025-07-10 03:47:27.797178',63,NULL,NULL,'2025-07-18'),(189,1557,202,'ready',99,0,'2025-07-09 06:55:41.567179','client','2025-07-09 06:54:31.126307','2025-07-09 06:55:41.261055','2025-07-10 03:47:27.809448',63,3,NULL,'2025-07-18'),(190,1558,101,'preparing',1,0,NULL,'client','2025-07-09 07:37:27.187185','2025-07-09 07:37:27.187280','2025-07-10 03:47:27.817718',63,NULL,NULL,'2025-07-18'),(191,1559,1,'ready',1,0,'2025-07-10 05:20:33.355024','client','2025-07-10 05:20:33.343007','2025-07-10 05:20:33.343030','2025-07-11 03:30:51.670890',63,3,NULL,'2025-07-18'),(192,1560,2,'ready',1,0,'2025-07-10 06:01:04.788400','client','2025-07-10 06:00:59.022628','2025-07-10 06:01:04.783547','2025-07-11 03:30:51.686934',63,3,NULL,'2025-07-18'),(193,1561,3,'ready',1,0,'2025-07-10 06:01:08.681101','client','2025-07-10 06:01:08.676798','2025-07-10 06:01:08.676819','2025-07-11 03:30:51.693707',63,3,NULL,'2025-07-18'),(194,1562,4,'ready',1,0,'2025-07-10 06:01:09.807285','client','2025-07-10 06:01:09.802462','2025-07-10 06:01:09.802483','2025-07-11 03:30:51.699664',63,3,NULL,'2025-07-18'),(195,1563,5,'ready',1,0,'2025-07-10 06:01:10.977252','client','2025-07-10 06:01:10.970738','2025-07-10 06:01:10.970764','2025-07-11 03:30:51.705963',63,3,NULL,'2025-07-18'),(196,1564,6,'ready',1,0,'2025-07-10 06:01:12.108394','client','2025-07-10 06:01:12.103462','2025-07-10 06:01:12.103484','2025-07-11 03:30:51.712917',63,3,NULL,'2025-07-18'),(197,1565,7,'ready',1,0,'2025-07-10 06:01:13.279031','client','2025-07-10 06:01:13.274327','2025-07-10 06:01:13.274349','2025-07-11 03:30:51.719172',63,3,NULL,'2025-07-18'),(198,1566,8,'ready',1,0,'2025-07-10 06:01:14.421465','client','2025-07-10 06:01:14.415449','2025-07-10 06:01:14.415472','2025-07-11 03:30:51.726156',63,3,NULL,'2025-07-18'),(199,1567,9,'ready',1,0,'2025-07-10 06:01:15.608380','client','2025-07-10 06:01:15.603002','2025-07-10 06:01:15.603028','2025-07-11 03:30:51.732829',63,3,NULL,'2025-07-18'),(200,1568,10,'ready',1,0,'2025-07-10 06:01:16.871541','client','2025-07-10 06:01:16.866848','2025-07-10 06:01:16.866870','2025-07-11 03:30:51.739527',63,3,NULL,'2025-07-18'),(201,1569,11,'ready',1,0,'2025-07-10 06:01:18.025361','client','2025-07-10 06:01:18.020897','2025-07-10 06:01:18.020918','2025-07-11 03:30:51.745885',63,3,NULL,'2025-07-18'),(202,1570,12,'ready',1,0,'2025-07-10 06:01:19.170459','client','2025-07-10 06:01:19.165340','2025-07-10 06:01:19.165361','2025-07-11 03:30:51.752593',63,3,NULL,'2025-07-18'),(203,1571,13,'ready',1,0,'2025-07-10 06:01:20.417157','client','2025-07-10 06:01:20.410421','2025-07-10 06:01:20.410446','2025-07-11 03:30:51.758731',63,3,NULL,'2025-07-18'),(204,1572,14,'ready',1,0,'2025-07-10 06:01:21.541681','client','2025-07-10 06:01:21.536078','2025-07-10 06:01:21.536100','2025-07-11 03:30:51.764809',63,3,NULL,'2025-07-18'),(205,1573,15,'ready',1,0,'2025-07-10 06:01:22.670803','client','2025-07-10 06:01:22.665292','2025-07-10 06:01:22.665315','2025-07-11 03:30:51.771085',63,3,NULL,'2025-07-18'),(206,1574,16,'ready',1,0,'2025-07-10 06:01:23.897046','client','2025-07-10 06:01:23.892486','2025-07-10 06:01:23.892507','2025-07-11 03:30:51.777494',63,3,NULL,'2025-07-18'),(207,1575,17,'ready',1,0,'2025-07-10 06:01:25.033587','client','2025-07-10 06:01:25.029150','2025-07-10 06:01:25.029172','2025-07-11 03:30:51.784200',63,3,NULL,'2025-07-18'),(208,1576,18,'ready',1,0,'2025-07-10 06:01:26.291631','client','2025-07-10 06:01:26.286815','2025-07-10 06:01:26.286839','2025-07-11 03:30:51.791157',63,3,NULL,'2025-07-18'),(209,1577,19,'ready',1,0,'2025-07-10 06:01:27.423071','client','2025-07-10 06:01:27.418805','2025-07-10 06:01:27.418828','2025-07-11 03:30:51.797556',63,3,NULL,'2025-07-18'),(210,1578,20,'ready',1,0,'2025-07-10 06:01:28.762126','client','2025-07-10 06:01:28.754854','2025-07-10 06:01:28.754875','2025-07-11 03:30:51.813893',63,3,NULL,'2025-07-18'),(211,1579,21,'ready',1,0,'2025-07-10 06:01:29.900935','client','2025-07-10 06:01:29.896463','2025-07-10 06:01:29.896484','2025-07-11 03:30:51.824408',63,3,NULL,'2025-07-18'),(212,1580,22,'ready',1,0,'2025-07-10 06:01:31.030236','client','2025-07-10 06:01:31.025818','2025-07-10 06:01:31.025839','2025-07-11 03:30:51.832824',63,3,NULL,'2025-07-18'),(213,1581,23,'ready',1,0,'2025-07-10 06:01:32.142152','client','2025-07-10 06:01:32.135857','2025-07-10 06:01:32.135878','2025-07-11 03:30:51.839425',63,3,NULL,'2025-07-18'),(214,1582,24,'ready',1,0,'2025-07-10 06:01:33.259017','client','2025-07-10 06:01:33.254498','2025-07-10 06:01:33.254520','2025-07-11 03:30:51.846764',63,3,NULL,'2025-07-18'),(215,1583,25,'ready',1,0,'2025-07-10 06:01:34.399284','client','2025-07-10 06:01:34.391870','2025-07-10 06:01:34.391960','2025-07-11 03:30:51.853706',63,3,NULL,'2025-07-18'),(216,1584,26,'ready',1,0,'2025-07-10 06:01:35.614566','client','2025-07-10 06:01:35.610030','2025-07-10 06:01:35.610051','2025-07-11 03:30:51.860625',63,3,NULL,'2025-07-18'),(217,1585,27,'ready',1,0,'2025-07-10 06:01:36.749904','client','2025-07-10 06:01:36.745150','2025-07-10 06:01:36.745172','2025-07-11 03:30:51.868037',63,3,NULL,'2025-07-18'),(218,1586,28,'ready',1,0,'2025-07-10 06:01:37.974030','client','2025-07-10 06:01:37.969680','2025-07-10 06:01:37.969701','2025-07-11 03:30:51.875318',63,3,NULL,'2025-07-18'),(219,1587,29,'ready',1,0,'2025-07-10 06:01:39.133874','client','2025-07-10 06:01:39.128720','2025-07-10 06:01:39.128742','2025-07-11 03:30:51.882240',63,3,NULL,'2025-07-18'),(220,1588,30,'ready',1,0,'2025-07-10 06:01:40.349099','client','2025-07-10 06:01:40.344064','2025-07-10 06:01:40.344086','2025-07-11 03:30:51.889191',63,3,NULL,'2025-07-18'),(221,1589,31,'ready',1,0,'2025-07-10 06:01:41.604619','client','2025-07-10 06:01:41.597099','2025-07-10 06:01:41.597126','2025-07-11 03:30:51.900649',63,3,NULL,'2025-07-18'),(222,1590,32,'ready',1,0,'2025-07-10 06:01:42.928081','client','2025-07-10 06:01:42.922180','2025-07-10 06:01:42.922203','2025-07-11 03:30:51.917818',63,3,NULL,'2025-07-18'),(223,1591,33,'ready',1,0,'2025-07-10 06:01:44.154817','client','2025-07-10 06:01:44.150402','2025-07-10 06:01:44.150424','2025-07-11 03:30:51.934632',63,3,NULL,'2025-07-18'),(224,1592,34,'ready',1,0,'2025-07-10 06:01:45.282028','client','2025-07-10 06:01:45.276428','2025-07-10 06:01:45.276448','2025-07-11 03:30:51.944823',63,3,NULL,'2025-07-18'),(225,1593,35,'ready',1,0,'2025-07-10 06:01:46.412047','client','2025-07-10 06:01:46.407374','2025-07-10 06:01:46.407395','2025-07-11 03:30:51.952883',63,3,NULL,'2025-07-18'),(226,1594,36,'ready',1,0,'2025-07-10 06:01:47.628033','client','2025-07-10 06:01:47.623736','2025-07-10 06:01:47.623758','2025-07-11 03:30:51.959615',63,3,NULL,'2025-07-18'),(227,1595,37,'ready',1,0,'2025-07-10 06:01:48.758082','client','2025-07-10 06:01:48.753855','2025-07-10 06:01:48.753876','2025-07-11 03:30:51.966229',63,3,NULL,'2025-07-18'),(228,1596,38,'ready',1,0,'2025-07-10 06:01:49.889474','client','2025-07-10 06:01:49.884525','2025-07-10 06:01:49.884548','2025-07-11 03:30:51.972721',63,3,NULL,'2025-07-18'),(229,1597,39,'ready',1,0,'2025-07-10 06:01:51.020349','client','2025-07-10 06:01:51.015631','2025-07-10 06:01:51.015658','2025-07-11 03:30:51.988870',63,3,NULL,'2025-07-18'),(230,1598,40,'ready',1,0,'2025-07-10 06:01:52.222580','client','2025-07-10 06:01:52.218153','2025-07-10 06:01:52.218176','2025-07-11 03:30:52.005985',63,3,NULL,'2025-07-18'),(231,1599,41,'ready',1,0,'2025-07-10 06:01:53.462975','client','2025-07-10 06:01:53.458607','2025-07-10 06:01:53.458630','2025-07-11 03:30:52.020111',63,3,NULL,'2025-07-18'),(232,1600,42,'ready',1,0,'2025-07-10 06:01:54.630240','client','2025-07-10 06:01:54.619743','2025-07-10 06:01:54.619771','2025-07-11 03:30:52.028778',63,3,NULL,'2025-07-18'),(233,1601,43,'ready',1,0,'2025-07-10 06:01:55.905293','client','2025-07-10 06:01:55.897552','2025-07-10 06:01:55.897620','2025-07-11 03:30:52.036081',63,3,NULL,'2025-07-18'),(234,1602,44,'ready',1,0,'2025-07-10 06:01:57.199946','client','2025-07-10 06:01:57.192865','2025-07-10 06:01:57.192887','2025-07-11 03:30:52.046451',63,3,NULL,'2025-07-18'),(235,1603,45,'ready',1,0,'2025-07-10 06:01:58.402462','client','2025-07-10 06:01:58.392850','2025-07-10 06:01:58.392877','2025-07-11 03:30:52.053120',63,3,NULL,'2025-07-18'),(236,1604,46,'ready',1,0,'2025-07-10 06:01:59.557696','client','2025-07-10 06:01:59.553145','2025-07-10 06:01:59.553167','2025-07-11 03:30:52.060037',63,3,NULL,'2025-07-18'),(237,1605,47,'ready',1,0,'2025-07-10 06:02:00.958703','client','2025-07-10 06:02:00.951812','2025-07-10 06:02:00.951839','2025-07-11 03:30:52.066835',63,3,NULL,'2025-07-18'),(238,1606,48,'ready',1,0,'2025-07-10 06:02:02.398130','client','2025-07-10 06:02:02.393667','2025-07-10 06:02:02.393689','2025-07-11 03:30:52.073861',63,3,NULL,'2025-07-18'),(239,1607,49,'ready',1,0,'2025-07-10 06:02:03.619166','client','2025-07-10 06:02:03.614832','2025-07-10 06:02:03.614856','2025-07-11 03:30:52.081211',63,3,NULL,'2025-07-18'),(240,1608,50,'ready',1,0,'2025-07-10 06:02:04.768926','client','2025-07-10 06:02:04.764571','2025-07-10 06:02:04.764594','2025-07-11 03:30:52.088082',63,3,NULL,'2025-07-18'),(241,1609,100,'ready',1,0,'2025-07-10 10:29:17.161115','client','2025-07-10 08:53:02.643655','2025-07-10 10:29:16.921396','2025-07-11 03:30:52.095060',63,14,NULL,'2025-07-18'),(242,1610,101,'ready',12,0,'2025-07-10 10:29:37.583598','client','2025-07-10 10:29:28.706182','2025-07-10 10:29:36.991273','2025-07-11 03:30:52.104528',63,14,NULL,'2025-07-18'),(243,1611,103,'ready',5555,0,'2025-07-10 10:30:04.578159','client','2025-07-10 10:30:02.281196','2025-07-10 10:30:04.569887','2025-07-11 03:30:52.112984',63,14,NULL,'2025-07-18'),(244,1612,104,'ready',1,0,'2025-07-10 10:30:47.836307','client','2025-07-10 10:30:42.995121','2025-07-10 10:30:47.163729','2025-07-11 03:30:52.122376',63,14,NULL,'2025-07-18'),(245,1613,105,'ready',1,0,'2025-07-10 10:31:16.287697','client','2025-07-10 10:30:58.306734','2025-07-10 10:31:15.665178','2025-07-11 03:30:52.132054',63,14,NULL,'2025-07-18'),(246,1614,106,'ready',1,0,'2025-07-10 10:31:19.392449','client','2025-07-10 10:31:00.843005','2025-07-10 10:31:18.809095','2025-07-11 03:30:52.141077',63,14,NULL,'2025-07-18'),(247,1615,107,'ready',1,0,'2025-07-10 10:31:23.679833','client','2025-07-10 10:31:03.629487','2025-07-10 10:31:23.072969','2025-07-11 03:30:52.149932',63,14,NULL,'2025-07-18'),(248,1616,1,'ready',1,0,'2025-07-11 05:01:59.444630','client','2025-07-11 05:01:41.368037','2025-07-11 05:01:59.111623','2025-07-14 04:06:16.417133',63,14,NULL,'2025-07-18'),(249,1617,100,'ready',1,0,'2025-07-11 06:22:41.502479','client','2025-07-11 06:21:31.891977','2025-07-11 06:22:41.180718','2025-07-14 04:06:16.431617',63,14,NULL,'2025-07-18'),(250,1618,101,'ready',1,0,'2025-07-11 06:27:17.965037','client','2025-07-11 06:27:17.960377','2025-07-11 06:27:17.960400','2025-07-14 04:06:16.442141',63,14,NULL,'2025-07-18'),(251,1619,11,'ready',2,0,'2025-07-11 10:28:16.008158','client','2025-07-11 10:28:15.984386','2025-07-11 10:28:15.984411','2025-07-14 04:06:16.453194',63,14,NULL,'2025-07-18'),(252,1626,1,'preparing',1,0,NULL,'client','2025-07-14 06:49:19.975873','2025-07-14 06:49:19.975964','2025-07-15 03:29:30.349645',51,NULL,NULL,'2025-07-18'),(253,1627,5,'preparing',1,0,NULL,'client','2025-07-14 08:43:14.946890','2025-07-14 08:43:14.946969','2025-07-15 03:29:30.365318',51,NULL,NULL,'2025-07-18'),(254,1628,100,'preparing',1,0,NULL,'client','2025-07-14 09:50:03.250667','2025-07-14 09:50:03.250716','2025-07-15 03:29:30.374330',51,NULL,NULL,'2025-07-18'),(255,1629,200,'preparing',1,0,NULL,'client','2025-07-14 09:50:05.897203','2025-07-14 09:50:05.897283','2025-07-15 03:29:30.382007',51,NULL,NULL,'2025-07-18'),(256,1630,150,'preparing',1,0,NULL,'client','2025-07-14 10:25:34.846928','2025-07-14 10:25:34.846971','2025-07-15 03:29:30.390381',51,NULL,NULL,'2025-07-18'),(257,1631,151,'preparing',1,0,NULL,'customer','2025-07-14 10:27:20.040186','2025-07-14 10:27:20.040274','2025-07-15 03:29:30.399016',51,NULL,NULL,'2025-07-18'),(258,1620,1,'ready',1,0,'2025-07-14 06:33:00.740606','client','2025-07-14 06:05:10.211408','2025-07-14 06:33:00.411242','2025-07-15 03:29:30.412298',63,3,NULL,'2025-07-18'),(259,1621,2,'ready',1,0,'2025-07-14 06:33:09.320398','client','2025-07-14 06:08:02.335097','2025-07-14 06:33:09.304206','2025-07-15 03:29:30.421826',63,3,NULL,'2025-07-18'),(260,1622,3,'ready',1,0,'2025-07-14 10:34:15.095515','client','2025-07-14 06:24:55.046772','2025-07-14 10:34:14.750474','2025-07-15 03:29:30.429260',63,3,NULL,'2025-07-18'),(261,1623,4,'ready',1,0,'2025-07-14 06:33:15.635661','client','2025-07-14 06:27:17.413350','2025-07-14 06:33:15.336788','2025-07-15 03:29:30.438890',63,3,NULL,'2025-07-18'),(262,1624,5,'ready',1,0,'2025-07-14 06:33:22.186945','client','2025-07-14 06:27:33.571875','2025-07-14 06:33:21.892269','2025-07-15 03:29:30.448199',63,3,NULL,'2025-07-18'),(263,1625,6,'ready',1,0,'2025-07-14 06:33:49.244249','client','2025-07-14 06:33:46.828775','2025-07-14 06:33:48.900274','2025-07-15 03:29:30.464190',63,3,NULL,'2025-07-18'),(264,1632,300,'ready',1,0,'2025-07-14 10:34:37.645911','client','2025-07-14 10:34:37.629810','2025-07-14 10:34:37.629888','2025-07-15 03:29:30.477058',63,3,NULL,'2025-07-18'),(265,1633,301,'ready',1,0,'2025-07-14 10:34:52.624411','keypad_device','2025-07-14 10:34:52.618927','2025-07-14 10:34:52.618953','2025-07-15 03:29:30.484777',63,3,NULL,'2025-07-18'),(266,1634,1,'ready',99,0,'2025-07-15 05:49:28.296427','keypad_device','2025-07-15 05:37:37.495510','2025-07-15 05:49:28.291432','2025-07-16 03:38:29.494370',63,3,NULL,'2025-07-18'),(267,1635,2,'preparing',1,0,NULL,'customer','2025-07-15 06:01:51.089578','2025-07-15 06:01:51.089618','2025-07-16 03:38:29.522796',63,NULL,NULL,'2025-07-18'),(268,1636,3,'preparing',1,0,NULL,'customer','2025-07-15 06:02:36.399529','2025-07-15 06:02:36.399558','2025-07-16 03:38:29.530839',63,NULL,NULL,'2025-07-18'),(269,1637,5,'preparing',1,0,NULL,'customer','2025-07-15 06:07:51.811240','2025-07-15 06:07:51.811321','2025-07-16 03:38:29.539551',63,NULL,NULL,'2025-07-18'),(270,1638,6,'preparing',0,0,NULL,'customer','2025-07-15 06:10:38.203960','2025-07-15 06:10:38.204069','2025-07-16 03:38:29.557865',63,NULL,NULL,'2025-07-18'),(271,1639,33,'ready',1,0,'2025-07-15 06:38:23.079550','keypad_device','2025-07-15 06:38:20.638534','2025-07-15 06:38:23.064317','2025-07-16 03:38:29.580984',63,3,NULL,'2025-07-18'),(272,1640,36,'ready',1,0,'2025-07-15 06:38:21.884176','keypad_device','2025-07-15 06:38:21.869117','2025-07-15 06:38:21.869197','2025-07-16 03:38:29.598338',63,3,NULL,'2025-07-18'),(273,1641,500,'preparing',1,0,NULL,'customer','2025-07-15 10:19:45.942781','2025-07-15 10:19:45.942876','2025-07-16 03:38:29.609332',63,NULL,NULL,'2025-07-18'),(274,1642,100,'created',1,0,NULL,'manager','2025-07-15 11:53:06.210544','2025-07-15 11:53:06.210612','2025-07-16 03:38:29.624711',63,NULL,2,'2025-07-18'),(275,1643,101,'created',1,0,NULL,'manager','2025-07-15 11:54:39.180599','2025-07-15 11:54:39.180628','2025-07-16 03:38:29.636357',63,NULL,2,'2025-07-18'),(276,1644,102,'created',1,0,NULL,'manager','2025-07-15 11:57:31.127344','2025-07-15 11:57:31.127375','2025-07-16 03:38:29.646886',63,NULL,2,'2025-07-18'),(277,1645,103,'created',1,0,NULL,'manager','2025-07-15 12:03:49.734347','2025-07-15 12:03:49.734377','2025-07-16 03:38:29.657028',63,NULL,2,'2025-07-18'),(278,1646,104,'created',1,0,NULL,'manager','2025-07-15 12:05:19.810530','2025-07-15 12:05:19.810560','2025-07-16 03:38:29.665088',63,NULL,2,'2025-07-18'),(279,1647,105,'created',1,0,NULL,'manager','2025-07-15 12:09:42.278296','2025-07-15 12:09:42.278327','2025-07-16 03:38:29.672806',63,NULL,2,'2025-07-18'),(280,1648,106,'created',1,0,NULL,'manager','2025-07-15 12:11:40.777923','2025-07-15 12:11:40.777972','2025-07-16 03:38:29.680850',63,NULL,2,'2025-07-18'),(281,1649,107,'created',1,0,NULL,'manager','2025-07-15 12:13:42.817196','2025-07-15 12:13:42.817225','2025-07-16 03:38:29.688714',63,NULL,2,'2025-07-18'),(282,1650,108,'created',1,0,NULL,'manager','2025-07-15 12:14:55.742435','2025-07-15 12:14:55.742466','2025-07-16 03:38:29.696473',63,NULL,2,'2025-07-18'),(283,1651,109,'created',1,0,NULL,'manager','2025-07-15 12:17:03.679796','2025-07-15 12:17:03.679833','2025-07-16 03:38:29.704223',63,NULL,2,'2025-07-18'),(284,1652,110,'created',1,0,NULL,'manager','2025-07-15 12:25:20.465851','2025-07-15 12:25:20.465883','2025-07-16 03:38:29.711732',63,NULL,2,'2025-07-18'),(285,1653,111,'created',1,0,NULL,'manager','2025-07-15 12:27:00.805466','2025-07-15 12:27:00.805575','2025-07-16 03:38:29.722381',63,NULL,2,'2025-07-18'),(286,1668,1,'preparing',1,0,NULL,'customer','2025-07-16 10:54:50.676313','2025-07-16 10:54:50.676346','2025-07-17 04:10:07.641840',51,NULL,NULL,'2025-07-18'),(287,1670,201,'preparing',1,0,NULL,'customer','2025-07-16 10:58:53.534849','2025-07-16 10:58:53.534934','2025-07-17 04:10:07.655198',51,NULL,NULL,'2025-07-18'),(288,1654,111,'preparing',1,0,NULL,'customer','2025-07-16 03:58:27.707436','2025-07-16 04:23:39.562812','2025-07-17 04:10:07.667123',63,NULL,2,'2025-07-18'),(289,1656,500,'ready',99,1,'2025-07-16 06:39:14.941505','keypad_device','2025-07-16 06:30:25.514969','2025-07-16 06:39:14.320368','2025-07-17 04:10:07.676587',63,3,NULL,'2025-07-18'),(290,1657,10,'created',1,0,NULL,'manager','2025-07-16 09:06:00.166633','2025-07-16 09:06:00.166659','2025-07-17 04:10:07.687395',63,NULL,2,'2025-07-18'),(291,1658,11,'created',1,0,NULL,'manager','2025-07-16 09:06:06.312219','2025-07-16 09:06:06.312248','2025-07-17 04:10:07.694913',63,NULL,2,'2025-07-18'),(292,1659,12,'created',1,0,NULL,'manager','2025-07-16 09:06:08.097699','2025-07-16 09:06:08.097721','2025-07-17 04:10:07.702539',63,NULL,2,'2025-07-18'),(293,1660,13,'created',1,0,NULL,'manager','2025-07-16 09:06:09.627600','2025-07-16 09:06:09.627636','2025-07-17 04:10:07.710469',63,NULL,2,'2025-07-18'),(294,1661,14,'created',1,0,NULL,'manager','2025-07-16 09:06:11.401540','2025-07-16 09:06:11.401568','2025-07-17 04:10:07.718786',63,NULL,2,'2025-07-18'),(295,1662,15,'created',1,0,NULL,'manager','2025-07-16 09:06:12.993868','2025-07-16 09:06:12.993894','2025-07-17 04:10:07.726787',63,NULL,2,'2025-07-18'),(296,1663,16,'created',1,0,NULL,'manager','2025-07-16 09:06:14.856131','2025-07-16 09:06:14.856156','2025-07-17 04:10:07.735114',63,NULL,2,'2025-07-18'),(297,1664,17,'created',1,0,NULL,'manager','2025-07-16 09:06:16.443105','2025-07-16 09:06:16.443141','2025-07-17 04:10:07.743036',63,NULL,2,'2025-07-18'),(298,1665,18,'created',1,0,NULL,'manager','2025-07-16 09:06:18.035137','2025-07-16 09:06:18.035169','2025-07-17 04:10:07.754059',63,NULL,2,'2025-07-18'),(299,1666,19,'created',1,0,NULL,'manager','2025-07-16 09:06:19.687005','2025-07-16 09:06:19.687029','2025-07-17 04:10:07.764930',63,NULL,2,'2025-07-18'),(300,1667,20,'created',1,0,NULL,'manager','2025-07-16 09:06:21.775853','2025-07-16 09:06:21.775879','2025-07-17 04:10:07.772832',63,NULL,2,'2025-07-18'),(301,1669,200,'ready',99,0,'2025-07-16 10:58:01.121809','keypad_device','2025-07-16 10:58:01.110881','2025-07-16 10:58:01.110946','2025-07-17 04:10:07.779245',63,3,NULL,'2025-07-18'),(302,1671,201,'ready',99,0,'2025-07-16 11:10:15.886093','customer','2025-07-16 11:00:09.725015','2025-07-16 11:10:15.528336','2025-07-17 04:10:07.786633',63,NULL,NULL,'2025-07-18'),(303,1672,1,'ready',1,0,'2025-07-16 12:13:33.574763','keypad_device','2025-07-16 12:12:56.646556','2025-07-16 12:13:33.570650','2025-07-17 04:30:07.640363',67,3,NULL,'2025-07-18'),(304,1673,2,'ready',1,0,'2025-07-16 12:19:47.363178','keypad_device','2025-07-16 12:19:47.359151','2025-07-16 12:19:47.359183','2025-07-17 04:30:07.649220',67,3,NULL,'2025-07-18'),(305,1674,100,'ready',99,0,'2025-07-16 12:22:19.594581','keypad_device','2025-07-16 12:21:30.271586','2025-07-16 12:22:19.587269','2025-07-17 04:30:07.655897',67,3,NULL,'2025-07-18'),(306,1675,500,'ready',99,0,'2025-07-17 06:10:05.607264','keypad_device','2025-07-17 04:26:55.331666','2025-07-17 06:10:05.600808','2025-07-17 06:29:47.500308',67,3,NULL,'2025-07-18'),(307,1678,501,'ready',1,0,'2025-07-17 05:20:46.045181','manager','2025-07-17 05:11:19.543776','2025-07-17 05:20:46.036391','2025-07-17 07:14:52.768104',67,3,4,'2025-07-18'),(308,1679,502,'ready',1,0,'2025-07-17 05:21:30.826825','keypad_device','2025-07-17 05:21:30.822221','2025-07-17 05:21:30.822259','2025-07-17 07:32:16.641487',67,3,NULL,'2025-07-18'),(309,1680,503,'ready',1,0,'2025-07-17 05:26:12.997338','keypad_device','2025-07-17 05:26:12.987410','2025-07-17 05:26:12.987492','2025-07-17 07:32:16.666302',67,3,NULL,'2025-07-18'),(310,1676,20,'created',1,0,NULL,'manager','2025-07-17 04:31:48.065173','2025-07-17 04:31:48.065197','2025-07-18 03:59:36.554900',63,NULL,2,'2025-07-18'),(311,1677,500,'preparing',1,0,NULL,'customer','2025-07-17 04:34:09.470282','2025-07-17 09:10:06.206086','2025-07-18 03:59:36.563834',63,NULL,2,'2025-07-18'),(312,1688,100,'created',1,0,NULL,'manager','2025-07-17 08:43:42.208943','2025-07-17 08:43:42.209022','2025-07-18 03:59:36.574908',63,NULL,2,'2025-07-18'),(313,1689,505,'ready',99,0,'2025-07-17 11:59:26.681065','manager','2025-07-17 08:57:57.511834','2025-07-17 11:59:26.676086','2025-07-18 03:59:36.582823',63,14,2,'2025-07-18'),(314,1690,550,'preparing',1,0,NULL,'customer','2025-07-17 09:03:39.258401','2025-07-17 09:04:29.951167','2025-07-18 03:59:36.589543',63,NULL,2,'2025-07-18'),(315,1694,514,'preparing',1,0,NULL,'customer','2025-07-17 09:57:22.523847','2025-07-17 09:57:42.738414','2025-07-18 03:59:36.598217',63,NULL,2,'2025-07-18'),(316,1696,515,'preparing',1,0,NULL,'customer','2025-07-17 10:00:02.982085','2025-07-17 10:00:17.425145','2025-07-18 03:59:36.606659',63,NULL,2,'2025-07-18'),(317,1702,200,'preparing',1,0,NULL,'customer','2025-07-17 10:41:56.394228','2025-07-17 11:54:31.621291','2025-07-18 03:59:36.614897',63,NULL,2,'2025-07-18'),(318,1681,504,'created',1,0,NULL,'manager','2025-07-17 06:54:41.628290','2025-07-17 06:54:41.628316','2025-07-18 03:59:36.627526',67,NULL,4,'2025-07-18'),(319,1682,505,'created',1,0,NULL,'manager','2025-07-17 06:58:29.672364','2025-07-17 06:58:29.672409','2025-07-18 03:59:36.633720',67,NULL,4,'2025-07-18'),(320,1683,506,'created',1,0,NULL,'manager','2025-07-17 07:00:34.288182','2025-07-17 07:00:34.288209','2025-07-18 03:59:36.639932',67,NULL,4,'2025-07-18'),(321,1684,507,'created',1,0,NULL,'manager','2025-07-17 07:03:39.751868','2025-07-17 07:03:39.751896','2025-07-18 03:59:36.646469',67,NULL,4,'2025-07-18'),(322,1685,508,'created',1,0,NULL,'manager','2025-07-17 07:04:58.348199','2025-07-17 07:04:58.348225','2025-07-18 03:59:36.652602',67,NULL,4,'2025-07-18'),(323,1686,510,'ready',99,0,'2025-07-17 08:15:25.977526','customer','2025-07-17 08:09:29.996066','2025-07-17 08:15:25.963052','2025-07-18 03:59:36.659732',67,3,4,'2025-07-18'),(324,1687,511,'ready',99,0,'2025-07-17 09:11:47.616064','customer','2025-07-17 08:35:38.502990','2025-07-17 09:11:45.200107','2025-07-18 03:59:36.668761',67,3,4,'2025-07-18'),(325,1691,512,'ready',99,0,'2025-07-17 09:24:41.725774','customer','2025-07-17 09:13:13.319514','2025-07-17 09:24:40.266787','2025-07-18 03:59:36.685524',67,3,NULL,'2025-07-18'),(326,1692,500,'preparing',1,0,NULL,'customer','2025-07-17 09:39:50.156477','2025-07-17 09:39:50.156510','2025-07-18 03:59:36.701290',67,NULL,NULL,'2025-07-18'),(327,1693,513,'ready',99,0,'2025-07-17 09:44:46.628692','customer','2025-07-17 09:43:54.273874','2025-07-17 09:44:45.993684','2025-07-18 03:59:36.728110',67,3,4,'2025-07-18'),(328,1695,514,'ready',1,0,'2025-07-17 09:59:43.383388','keypad_device','2025-07-17 09:59:12.094986','2025-07-17 09:59:43.374148','2025-07-18 03:59:36.752005',67,3,NULL,'2025-07-18'),(329,1697,515,'ready',1,0,'2025-07-17 10:01:20.800025','keypad_device','2025-07-17 10:00:43.323302','2025-07-17 10:01:20.790670','2025-07-18 03:59:36.767987',67,3,NULL,'2025-07-18'),(330,1698,516,'ready',1,0,'2025-07-17 10:03:43.438671','customer','2025-07-17 10:02:11.460429','2025-07-17 10:03:43.431500','2025-07-18 03:59:36.776240',67,3,4,'2025-07-18'),(331,1699,517,'ready',1,0,'2025-07-17 10:06:24.661680','customer','2025-07-17 10:04:12.399124','2025-07-17 10:06:24.018149','2025-07-18 03:59:36.784218',67,3,4,'2025-07-18'),(332,1700,518,'ready',1,0,'2025-07-17 10:07:38.343999','customer','2025-07-17 10:07:15.390149','2025-07-17 10:07:37.724071','2025-07-18 03:59:36.794176',67,3,4,'2025-07-18'),(333,1701,519,'ready',1,0,'2025-07-17 10:11:42.374244','customer','2025-07-17 10:08:47.789101','2025-07-17 10:11:42.363095','2025-07-18 03:59:36.810604',67,3,4,'2025-07-18'),(334,1703,520,'created',1,0,NULL,'manager','2025-07-17 11:31:40.690437','2025-07-17 11:31:40.690468','2025-07-18 03:59:36.833056',67,NULL,4,'2025-07-18'),(335,1704,5141,'preparing',1,0,NULL,'customer','2025-07-17 11:49:16.307401','2025-07-17 11:49:16.307449','2025-07-18 03:59:36.847776',67,NULL,NULL,'2025-07-18'),(336,1706,200,'created',1,0,NULL,'manager','2025-07-18 04:04:51.967299','2025-07-18 04:04:51.967334','2025-07-21 04:13:50.133487',63,NULL,2,'2025-07-21'),(337,1716,250,'preparing',1,0,NULL,'customer','2025-07-18 11:07:34.723715','2025-07-18 11:08:39.471957','2025-07-21 04:13:50.143078',63,NULL,2,'2025-07-21'),(338,1705,518,'preparing',1,0,NULL,'customer','2025-07-18 04:00:38.843320','2025-07-18 04:00:38.843392','2025-07-21 04:13:50.155199',67,NULL,NULL,'2025-07-21'),(339,1707,1,'ready',99,0,'2025-07-18 11:47:40.269717','manager','2025-07-18 04:11:25.878332','2025-07-18 11:47:40.253208','2025-07-21 04:13:50.165345',67,3,4,'2025-07-21'),(340,1708,520,'preparing',1,0,NULL,'customer','2025-07-18 04:42:16.669053','2025-07-18 04:42:22.865415','2025-07-21 04:13:50.171899',67,NULL,4,'2025-07-21'),(341,1709,2,'ready',1,0,'2025-07-18 07:19:12.484549','manager','2025-07-18 05:37:09.489876','2025-07-18 07:19:12.084129','2025-07-21 04:13:50.180655',67,NULL,4,'2025-07-21'),(342,1710,3,'ready',1,0,'2025-07-18 07:10:43.143257','manager','2025-07-18 06:40:19.753882','2025-07-18 07:10:42.489073','2025-07-21 04:13:50.187604',67,NULL,4,'2025-07-21'),(343,1711,5,'ready',1,0,'2025-07-18 09:17:39.198980','manager','2025-07-18 07:19:27.483492','2025-07-18 09:17:38.279051','2025-07-21 04:13:50.197580',67,NULL,4,'2025-07-21'),(344,1712,6,'preparing',1,0,NULL,'customer','2025-07-18 08:51:40.529758','2025-07-18 08:51:40.529837','2025-07-21 04:13:50.205797',67,NULL,NULL,'2025-07-21'),(345,1713,7,'ready',1,0,'2025-07-18 10:11:43.209783','manager','2025-07-18 09:20:13.799066','2025-07-18 10:11:42.756637','2025-07-21 04:13:50.218949',67,NULL,4,'2025-07-21'),(346,1714,8,'ready',1,0,'2025-07-18 11:01:02.342819','manager','2025-07-18 10:14:35.606288','2025-07-18 11:01:01.632838','2025-07-21 04:13:50.236361',67,NULL,4,'2025-07-21'),(347,1715,9,'ready',1,0,'2025-07-18 11:19:51.360350','manager','2025-07-18 11:04:29.787012','2025-07-18 11:19:51.142208','2025-07-21 04:13:50.250639',67,NULL,4,'2025-07-21'),(348,1719,105,'created',1,0,NULL,'manager','2025-07-21 06:20:10.152726','2025-07-21 06:20:10.152802','2025-07-22 03:59:07.862570',63,NULL,2,'2025-07-22'),(349,1721,150,'created',1,0,NULL,'manager','2025-07-21 10:38:56.864526','2025-07-21 10:38:56.864599','2025-07-22 03:59:07.872916',63,NULL,2,'2025-07-22'),(350,1724,1765,'preparing',1,0,NULL,'customer','2025-07-21 11:28:59.534727','2025-07-21 11:29:39.230196','2025-07-22 03:59:07.879591',63,NULL,2,'2025-07-22'),(351,1725,1764,'created',1,0,NULL,'manager','2025-07-21 11:30:08.195149','2025-07-21 11:30:08.195216','2025-07-22 03:59:07.886024',63,NULL,2,'2025-07-22'),(352,1717,1,'ready',99,0,'2025-07-21 10:10:45.189151','manager','2025-07-21 04:18:22.818263','2025-07-21 10:10:44.526518','2025-07-22 03:59:07.896351',67,NULL,4,'2025-07-22'),(353,1718,2,'preparing',1,0,NULL,'customer','2025-07-21 04:37:00.400296','2025-07-21 04:37:00.400372','2025-07-22 03:59:07.905225',67,NULL,NULL,'2025-07-22'),(354,1720,5,'preparing',1,0,NULL,'customer','2025-07-21 10:27:39.350034','2025-07-21 10:27:39.350086','2025-07-22 03:59:07.914267',67,NULL,NULL,'2025-07-22'),(355,1722,3,'preparing',1,0,NULL,'customer','2025-07-21 10:39:38.258065','2025-07-21 10:39:38.258112','2025-07-22 03:59:07.923737',67,NULL,NULL,'2025-07-22'),(356,1723,4,'preparing',1,0,NULL,'customer','2025-07-21 10:39:41.690973','2025-07-21 10:39:41.691043','2025-07-22 03:59:07.933981',67,NULL,NULL,'2025-07-22'),(357,1726,514,'preparing',1,0,NULL,'customer','2025-07-21 11:50:26.722416','2025-07-21 11:50:26.722455','2025-07-22 03:59:07.943213',67,NULL,NULL,'2025-07-22'),(358,1727,100,'created',1,0,NULL,'manager','2025-07-22 04:23:04.382380','2025-07-22 04:23:04.382405','2025-07-23 03:49:27.193597',63,NULL,2,'2025-07-23'),(359,1728,1,'ready',1,0,'2025-07-22 07:34:01.658293','manager','2025-07-22 05:03:42.585273','2025-07-22 07:34:01.465138','2025-07-23 03:49:27.219266',63,NULL,2,'2025-07-23'),(360,1730,505,'ready',1,0,'2025-07-22 10:34:31.151833','manager','2025-07-22 05:33:46.951056','2025-07-22 10:34:30.481946','2025-07-23 03:49:27.230039',63,NULL,2,'2025-07-23'),(361,1731,525,'created',1,0,NULL,'manager','2025-07-22 07:03:31.213269','2025-07-22 07:03:31.213291','2025-07-23 03:49:27.240609',63,NULL,2,'2025-07-23'),(362,1735,225,'preparing',1,0,NULL,'customer','2025-07-22 11:03:55.177505','2025-07-22 11:13:03.852054','2025-07-23 03:49:27.249094',63,NULL,2,'2025-07-23'),(363,1736,256,'preparing',1,0,NULL,'customer','2025-07-22 11:15:18.965484','2025-07-22 11:15:43.456457','2025-07-23 03:49:27.260547',63,NULL,2,'2025-07-23'),(364,1729,1,'preparing',1,0,NULL,'customer','2025-07-22 05:04:38.065980','2025-07-22 05:04:38.066051','2025-07-23 03:49:27.273684',67,NULL,NULL,'2025-07-23'),(365,1732,5,'preparing',1,0,NULL,'customer','2025-07-22 10:55:55.566105','2025-07-22 10:55:55.566128','2025-07-23 03:49:27.285816',67,NULL,NULL,'2025-07-23'),(366,1733,202,'preparing',1,0,NULL,'customer','2025-07-22 10:57:36.385795','2025-07-22 10:57:36.385823','2025-07-23 03:49:27.295132',67,NULL,NULL,'2025-07-23'),(367,1734,2,'preparing',1,0,NULL,'customer','2025-07-22 11:03:42.753554','2025-07-22 11:03:42.753604','2025-07-23 03:49:27.304205',67,NULL,NULL,'2025-07-23'),(368,1737,105,'ready',1,0,'2025-07-23 05:03:40.607379','manager','2025-07-23 04:11:22.790695','2025-07-23 05:03:40.017857','2025-07-24 03:50:05.248092',63,NULL,2,'2025-07-24'),(369,1740,100,'preparing',1,0,NULL,'customer','2025-07-23 08:52:06.745317','2025-07-23 08:53:13.397776','2025-07-24 03:50:05.262294',63,NULL,2,'2025-07-24'),(370,1741,55,'preparing',1,0,NULL,'customer','2025-07-23 08:54:16.496823','2025-07-23 08:54:16.496869','2025-07-24 03:50:05.270990',63,NULL,NULL,'2025-07-24'),(371,1742,555,'preparing',1,0,NULL,'customer','2025-07-23 08:56:24.027709','2025-07-23 08:56:24.027779','2025-07-24 03:50:05.281762',63,NULL,NULL,'2025-07-24'),(372,1746,150,'preparing',1,0,NULL,'customer','2025-07-23 09:08:15.802237','2025-07-23 09:08:49.041090','2025-07-24 03:50:05.290252',63,NULL,2,'2025-07-24'),(373,1747,1,'preparing',1,0,NULL,'customer','2025-07-23 10:09:40.428148','2025-07-23 10:09:40.428217','2025-07-24 03:50:05.300055',63,NULL,NULL,'2025-07-24'),(374,1748,5,'preparing',1,0,NULL,'customer','2025-07-23 10:36:39.722727','2025-07-23 10:36:39.722749','2025-07-24 03:50:05.315068',63,NULL,NULL,'2025-07-24'),(375,1749,33,'preparing',1,0,NULL,'customer','2025-07-23 12:07:50.347902','2025-07-23 12:07:50.347949','2025-07-24 03:50:05.335380',63,NULL,NULL,'2025-07-24'),(376,1750,30,'preparing',1,0,NULL,'customer','2025-07-23 12:11:54.588933','2025-07-23 12:11:54.588954','2025-07-24 03:50:05.347739',63,NULL,NULL,'2025-07-24'),(377,1751,31,'preparing',1,0,NULL,'customer','2025-07-23 12:14:01.541934','2025-07-23 12:14:01.541977','2025-07-24 03:50:05.356692',63,NULL,NULL,'2025-07-24'),(378,1752,32,'preparing',1,0,NULL,'customer','2025-07-23 12:14:41.828716','2025-07-23 12:14:41.828737','2025-07-24 03:50:05.365226',63,NULL,NULL,'2025-07-24'),(379,1753,29,'preparing',1,0,NULL,'customer','2025-07-23 12:19:10.381463','2025-07-23 12:19:10.381496','2025-07-24 03:50:05.373193',63,NULL,NULL,'2025-07-24'),(380,1738,1,'preparing',1,0,NULL,'customer','2025-07-23 07:22:00.553622','2025-07-23 07:22:00.553655','2025-07-24 03:50:05.390910',67,NULL,NULL,'2025-07-24'),(381,1739,5,'preparing',1,0,NULL,'customer','2025-07-23 08:46:06.137195','2025-07-23 08:46:06.137274','2025-07-24 03:50:05.400250',67,NULL,NULL,'2025-07-24'),(382,1743,56,'preparing',1,0,NULL,'customer','2025-07-23 08:57:32.701922','2025-07-23 08:57:32.701997','2025-07-24 03:50:05.412684',67,NULL,NULL,'2025-07-24'),(383,1744,6,'preparing',1,0,NULL,'customer','2025-07-23 08:57:51.975965','2025-07-23 08:58:09.204943','2025-07-24 03:50:05.422809',67,NULL,4,'2025-07-24'),(384,1745,5423,'preparing',1,0,NULL,'customer','2025-07-23 09:04:02.807756','2025-07-23 09:05:22.560118','2025-07-24 03:50:05.432038',67,NULL,4,'2025-07-24'),(385,1754,58,'preparing',1,0,NULL,'customer','2025-07-23 12:30:05.789313','2025-07-23 12:30:05.789369','2025-07-24 03:50:05.440110',67,NULL,NULL,'2025-07-24'),(386,1755,1,'preparing',1,0,NULL,'customer','2025-07-24 03:52:11.619207','2025-07-24 03:52:11.619281','2025-07-25 03:55:04.734213',67,NULL,NULL,'2025-07-25'),(387,1756,2,'preparing',1,0,NULL,'customer','2025-07-24 03:52:25.327264','2025-07-24 03:52:25.327340','2025-07-25 03:55:04.749850',67,NULL,NULL,'2025-07-25'),(388,1757,5,'preparing',1,0,NULL,'customer','2025-07-24 04:57:41.936259','2025-07-24 04:57:41.936331','2025-07-25 03:55:04.764856',67,NULL,NULL,'2025-07-25'),(389,1758,55,'ready',1,0,'2025-07-24 11:31:56.979872','manager','2025-07-24 05:46:53.571324','2025-07-24 11:31:56.319692','2025-07-25 03:55:04.777690',67,NULL,4,'2025-07-25'),(390,1759,32,'preparing',1,0,NULL,'customer','2025-07-24 11:32:48.930864','2025-07-24 11:32:48.930929','2025-07-25 03:55:04.785302',67,NULL,NULL,'2025-07-25'),(391,1824,1,'preparing',1,0,NULL,'customer','2025-07-25 11:39:19.220506','2025-07-25 11:39:19.220577','2025-07-28 03:52:51.772872',67,NULL,NULL,'2025-07-28'),(392,1825,1,'created',1,0,NULL,'manager','2025-07-28 04:18:06.096404','2025-07-28 04:18:06.096471','2025-07-29 03:36:30.621179',67,NULL,4,'2025-07-29'),(393,1826,2,'preparing',1,0,NULL,'customer','2025-07-28 04:43:18.785880','2025-07-28 04:44:09.864856','2025-07-29 03:36:30.629941',67,NULL,4,'2025-07-29'),(394,1827,3,'preparing',1,0,NULL,'customer','2025-07-28 04:49:26.096608','2025-07-28 04:49:26.096696','2025-07-29 03:36:30.638025',67,NULL,NULL,'2025-07-29'),(395,1828,4,'preparing',1,0,NULL,'customer','2025-07-28 04:49:29.737323','2025-07-28 04:49:29.737391','2025-07-29 03:36:30.645810',67,NULL,NULL,'2025-07-29'),(396,1829,5,'ready',1,0,'2025-07-28 09:32:54.258603','customer','2025-07-28 09:32:27.913376','2025-07-28 09:32:53.906824','2025-07-29 03:36:30.654496',67,3,NULL,'2025-07-29'),(397,1854,1,'ready',1,0,'2025-07-30 03:43:09.730395','keypad_device','2025-07-29 12:15:54.879962','2025-07-30 03:43:08.755975','2025-07-30 03:43:44.842740',67,3,NULL,'2025-07-30'),(398,1855,2,'ready',1,0,'2025-07-29 12:27:37.669974','keypad_device','2025-07-29 12:16:27.747740','2025-07-29 12:27:37.650429','2025-07-30 03:43:44.851234',67,3,NULL,'2025-07-30'),(399,1856,22,'ready',1,0,'2025-07-29 12:27:14.163028','keypad_device','2025-07-29 12:16:35.762744','2025-07-29 12:27:14.157546','2025-07-30 03:43:44.858634',67,3,NULL,'2025-07-30'),(400,1857,3,'ready',1,0,'2025-07-29 12:27:39.130347','keypad_device','2025-07-29 12:27:39.119679','2025-07-29 12:27:39.119708','2025-07-30 03:43:44.866222',67,3,NULL,'2025-07-30'),(401,1858,4,'ready',1,0,'2025-07-29 12:27:40.383392','keypad_device','2025-07-29 12:27:40.378509','2025-07-29 12:27:40.378532','2025-07-30 03:43:44.873111',67,3,NULL,'2025-07-30'),(402,1859,5,'ready',1,0,'2025-07-29 12:27:41.671419','keypad_device','2025-07-29 12:27:41.666191','2025-07-29 12:27:41.666510','2025-07-30 03:43:44.881455',67,3,NULL,'2025-07-30'),(403,1860,6,'ready',1,0,'2025-07-29 12:27:42.896629','keypad_device','2025-07-29 12:27:42.891465','2025-07-29 12:27:42.891490','2025-07-30 03:43:44.889531',67,3,NULL,'2025-07-30'),(404,1861,7,'ready',1,0,'2025-07-29 12:27:44.191204','keypad_device','2025-07-29 12:27:44.182703','2025-07-29 12:27:44.182729','2025-07-30 03:43:44.897780',67,3,NULL,'2025-07-30'),(405,1862,8,'ready',1,0,'2025-07-29 12:27:45.559683','keypad_device','2025-07-29 12:27:45.550617','2025-07-29 12:27:45.550644','2025-07-30 03:43:44.905593',67,3,NULL,'2025-07-30'),(406,1863,9,'ready',1,0,'2025-07-29 12:27:46.877975','keypad_device','2025-07-29 12:27:46.873990','2025-07-29 12:27:46.874012','2025-07-30 03:43:44.912655',67,3,NULL,'2025-07-30'),(407,1864,10,'ready',1,0,'2025-07-29 12:27:48.143342','keypad_device','2025-07-29 12:27:48.127464','2025-07-29 12:27:48.127485','2025-07-30 03:43:44.920279',67,3,NULL,'2025-07-30'),(408,1865,11,'ready',1,0,'2025-07-29 12:27:49.606420','keypad_device','2025-07-29 12:27:49.562506','2025-07-29 12:27:49.562588','2025-07-30 03:43:44.927670',67,3,NULL,'2025-07-30'),(409,1866,12,'ready',1,0,'2025-07-29 12:27:51.221110','keypad_device','2025-07-29 12:27:51.170966','2025-07-29 12:27:51.170988','2025-07-30 03:43:44.935605',67,3,NULL,'2025-07-30'),(410,1867,13,'ready',1,0,'2025-07-29 12:27:52.943136','keypad_device','2025-07-29 12:27:52.908589','2025-07-29 12:27:52.908643','2025-07-30 03:43:44.942692',67,3,NULL,'2025-07-30'),(411,1868,14,'ready',1,0,'2025-07-29 12:27:54.610369','keypad_device','2025-07-29 12:27:54.573266','2025-07-29 12:27:54.573293','2025-07-30 03:43:44.950536',67,3,NULL,'2025-07-30'),(412,1869,15,'ready',1,0,'2025-07-29 12:27:56.431155','keypad_device','2025-07-29 12:27:56.394727','2025-07-29 12:27:56.394755','2025-07-30 03:43:44.957826',67,3,NULL,'2025-07-30'),(413,1870,16,'ready',1,0,'2025-07-29 12:27:57.947177','keypad_device','2025-07-29 12:27:57.920592','2025-07-29 12:27:57.920615','2025-07-30 03:43:44.964900',67,3,NULL,'2025-07-30'),(414,1871,17,'ready',1,0,'2025-07-29 12:27:59.515953','keypad_device','2025-07-29 12:27:59.483653','2025-07-29 12:27:59.483676','2025-07-30 03:43:44.972731',67,3,NULL,'2025-07-30'),(415,1872,18,'ready',1,0,'2025-07-29 12:28:01.121772','keypad_device','2025-07-29 12:28:01.084890','2025-07-29 12:28:01.084916','2025-07-30 03:43:44.980546',67,3,NULL,'2025-07-30'),(416,1873,19,'ready',1,0,'2025-07-29 12:28:02.631779','keypad_device','2025-07-29 12:28:02.609919','2025-07-29 12:28:02.609948','2025-07-30 03:43:44.987721',67,3,NULL,'2025-07-30'),(417,1874,20,'ready',1,0,'2025-07-29 12:28:04.228574','keypad_device','2025-07-29 12:28:04.216586','2025-07-29 12:28:04.216611','2025-07-30 03:43:44.995202',67,3,NULL,'2025-07-30'),(418,1875,1,'ready',1,0,'2025-07-30 03:55:02.623917','keypad_device','2025-07-30 03:42:01.246274','2025-07-30 03:55:01.659171','2025-07-31 03:53:14.070797',67,3,NULL,'2025-07-31'),(419,1876,2,'ready',1,0,'2025-07-30 03:48:50.294428','keypad_device','2025-07-30 03:48:50.290102','2025-07-30 03:48:50.290125','2025-07-31 03:53:14.085043',67,3,NULL,'2025-07-31'),(420,1877,3,'ready',1,0,'2025-07-30 03:49:04.471762','keypad_device','2025-07-30 03:49:04.467472','2025-07-30 03:49:04.467498','2025-07-31 03:53:14.094474',67,3,NULL,'2025-07-31'),(421,1878,400,'ready',1,0,'2025-07-30 04:11:37.062858','manager','2025-07-30 03:55:19.899158','2025-07-30 04:11:36.084891','2025-07-31 03:53:14.102012',67,NULL,4,'2025-07-31'),(422,1879,5,'ready',1,0,'2025-07-30 04:31:46.795148','manager','2025-07-30 03:59:51.209656','2025-07-30 04:31:46.190812','2025-07-31 03:53:14.111387',67,NULL,4,'2025-07-31'),(423,1880,6,'ready',1,0,'2025-07-30 04:33:03.423138','manager','2025-07-30 04:29:07.357433','2025-07-30 04:33:02.826778','2025-07-31 03:53:14.120544',67,NULL,4,'2025-07-31'),(424,1881,7,'ready',1,0,'2025-07-30 06:10:49.774847','manager','2025-07-30 05:00:58.077285','2025-07-30 06:10:49.566055','2025-07-31 03:53:14.129552',67,NULL,4,'2025-07-31'),(425,1882,8,'ready',1,0,'2025-07-30 05:06:00.220190','manager','2025-07-30 05:05:02.422412','2025-07-30 05:05:59.181100','2025-07-31 03:53:14.138757',67,NULL,4,'2025-07-31'),(426,1883,9,'ready',1,0,'2025-07-30 05:09:29.664618','manager','2025-07-30 05:08:27.361208','2025-07-30 05:09:28.844521','2025-07-31 03:53:14.148567',67,NULL,4,'2025-07-31'),(427,1884,15,'ready',1,0,'2025-07-30 05:56:34.145084','manager','2025-07-30 05:17:38.491043','2025-07-30 05:56:33.539169','2025-07-31 03:53:14.158014',67,NULL,4,'2025-07-31'),(428,1885,30,'ready',1,0,'2025-07-30 06:07:28.889954','manager','2025-07-30 06:06:26.699778','2025-07-30 06:07:27.940420','2025-07-31 03:53:14.167200',67,NULL,4,'2025-07-31'),(429,1886,40,'preparing',1,0,NULL,'customer','2025-07-30 06:38:34.492472','2025-07-30 06:38:34.492502','2025-07-31 03:53:14.175772',67,NULL,NULL,'2025-07-31'),(430,1887,50,'ready',1,0,'2025-07-30 06:48:19.683183','manager','2025-07-30 06:45:10.013951','2025-07-30 06:48:19.485664','2025-07-31 03:53:14.184863',67,NULL,4,'2025-07-31'),(431,1888,51,'ready',1,0,'2025-07-30 08:33:01.678736','manager','2025-07-30 06:45:12.949053','2025-07-30 08:33:00.426361','2025-07-31 03:53:14.193641',67,NULL,4,'2025-07-31'),(432,1889,52,'ready',1,0,'2025-07-30 07:07:44.074389','manager','2025-07-30 07:01:14.395809','2025-07-30 07:07:43.456171','2025-07-31 03:53:14.205197',67,NULL,4,'2025-07-31'),(433,1890,55,'ready',1,0,'2025-07-30 08:32:43.235036','manager','2025-07-30 08:28:58.483392','2025-07-30 08:32:42.878369','2025-07-31 03:53:14.217031',67,NULL,4,'2025-07-31'),(434,1891,60,'ready',1,0,'2025-07-30 08:34:55.365640','manager','2025-07-30 08:33:31.472946','2025-07-30 08:34:54.749283','2025-07-31 03:53:14.226722',67,NULL,4,'2025-07-31'),(435,1892,61,'ready',1,0,'2025-07-30 08:40:18.411106','manager','2025-07-30 08:35:33.996863','2025-07-30 08:40:17.748563','2025-07-31 03:53:14.236179',67,NULL,4,'2025-07-31'),(436,1893,62,'ready',1,0,'2025-07-30 08:47:46.182377','manager','2025-07-30 08:47:37.725361','2025-07-30 08:47:45.541370','2025-07-31 03:53:14.246442',67,NULL,4,'2025-07-31'),(437,1894,66,'ready',1,0,'2025-07-30 09:01:02.845552','manager','2025-07-30 08:59:50.840400','2025-07-30 09:01:02.210065','2025-07-31 03:53:14.255328',67,NULL,4,'2025-07-31'),(438,1895,67,'ready',1,0,'2025-07-30 10:05:37.219306','manager','2025-07-30 09:03:58.407442','2025-07-30 10:05:36.586105','2025-07-31 03:53:14.264199',67,NULL,4,'2025-07-31'),(439,1896,68,'ready',1,0,'2025-07-30 11:12:49.206883','manager','2025-07-30 10:07:56.121386','2025-07-30 11:12:44.681531','2025-07-31 03:53:14.273106',67,NULL,4,'2025-07-31'),(440,1897,69,'ready',1,0,'2025-07-30 10:14:57.785037','manager','2025-07-30 10:12:14.384990','2025-07-30 10:14:56.859833','2025-07-31 03:53:14.308269',67,NULL,4,'2025-07-31'),(441,1898,70,'ready',1,0,'2025-07-30 10:53:53.032472','manager','2025-07-30 10:14:52.889786','2025-07-30 10:53:51.520885','2025-07-31 03:53:14.317968',67,NULL,4,'2025-07-31'),(442,1899,71,'ready',1,0,'2025-07-30 10:53:26.314536','manager','2025-07-30 10:52:18.713999','2025-07-30 10:53:25.692942','2025-07-31 03:53:14.329703',67,NULL,4,'2025-07-31'),(443,1900,75,'ready',1,0,'2025-07-30 11:12:17.991724','manager','2025-07-30 10:55:35.226862','2025-07-30 11:12:17.371208','2025-07-31 03:53:14.338748',67,NULL,4,'2025-07-31'),(444,1901,80,'ready',1,0,'2025-07-30 11:37:37.388074','manager','2025-07-30 11:35:35.744410','2025-07-30 11:37:35.569430','2025-07-31 03:53:14.348371',67,NULL,4,'2025-07-31'),(445,1902,81,'ready',1,0,'2025-07-30 12:10:34.421483','manager','2025-07-30 11:42:36.255345','2025-07-30 12:10:33.811096','2025-07-31 03:53:14.359476',67,NULL,4,'2025-07-31'),(446,1903,90,'preparing',1,0,NULL,'customer','2025-07-30 12:16:26.284989','2025-07-30 12:16:56.384691','2025-07-31 03:53:14.368743',67,NULL,4,'2025-07-31'),(447,1904,91,'ready',1,0,'2025-07-30 12:29:20.545008','manager','2025-07-30 12:20:56.967248','2025-07-30 12:29:19.943586','2025-07-31 03:53:14.377933',67,NULL,4,'2025-07-31'),(448,1905,100,'ready',1,0,'2025-07-30 12:31:21.996696','manager','2025-07-30 12:30:19.740898','2025-07-30 12:31:21.381019','2025-07-31 03:53:14.387083',67,NULL,4,'2025-07-31'),(449,1932,100,'ready',1,0,'2025-07-31 08:32:36.049766','keypad_device','2025-07-31 08:32:31.033759','2025-07-31 08:32:37.515935','2025-07-31 20:33:56.382572',63,14,NULL,'2025-08-01'),(450,1933,10,'ready',1,0,'2025-07-31 08:32:32.320699','keypad_device','2025-07-31 08:32:32.314744','2025-07-31 08:32:32.314781','2025-07-31 20:33:56.393794',63,14,NULL,'2025-08-01'),(451,1934,586,'ready',1,0,'2025-07-31 08:33:14.833583','keypad_device','2025-07-31 08:32:45.138024','2025-07-31 08:33:14.225781','2025-07-31 20:33:56.402454',63,14,5,'2025-08-01'),(452,1935,1,'ready',99,0,'2025-07-31 10:22:52.124250','customer','2025-07-31 09:33:13.728594','2025-07-31 10:29:47.405211','2025-07-31 21:33:56.383775',67,3,4,'2025-08-01'),(453,1936,2,'ready',1,0,'2025-07-31 10:40:55.181521','manager','2025-07-31 09:41:32.026438','2025-07-31 10:40:53.644359','2025-07-31 21:43:56.384646',67,NULL,4,'2025-08-01'),(454,1937,2800,'ready',1,0,'2025-07-31 09:50:30.671437','manager','2025-07-31 09:48:45.093808','2025-07-31 09:50:30.064327','2025-07-31 21:48:56.381398',63,NULL,5,'2025-08-01'),(455,1938,228,'created',1,0,NULL,'manager','2025-07-31 09:51:47.382119','2025-07-31 09:51:47.382192','2025-07-31 21:53:56.381784',63,NULL,5,'2025-08-01'),(456,1939,3,'ready',1,0,'2025-07-31 11:16:39.885068','manager','2025-07-31 09:54:52.596859','2025-07-31 11:16:37.381241','2025-07-31 21:58:56.383499',67,NULL,4,'2025-08-01'),(457,1940,4,'ready',1,0,'2025-07-31 10:02:02.432207','customer','2025-07-31 10:00:44.767248','2025-07-31 10:30:01.091894','2025-07-31 22:03:56.382876',67,NULL,4,'2025-08-01'),(458,1941,5,'preparing',1,0,NULL,'customer','2025-07-31 10:14:37.372853','2025-07-31 10:30:06.131095','2025-07-31 22:18:56.382486',67,NULL,NULL,'2025-08-01'),(459,1942,6,'preparing',1,0,NULL,'customer','2025-07-31 10:14:43.656194','2025-07-31 10:30:09.071986','2025-07-31 22:18:56.390293',67,NULL,NULL,'2025-08-01'),(460,1943,7,'ready',1,0,'2025-07-31 11:20:14.867571','manager','2025-07-31 11:19:28.858187','2025-07-31 11:20:14.905243','2025-07-31 23:23:56.382666',67,NULL,4,'2025-08-01'),(461,1944,8,'ready',1,0,'2025-07-31 11:25:03.495107','customer','2025-07-31 11:24:22.817532','2025-07-31 11:31:56.854570','2025-07-31 23:28:56.383745',67,NULL,4,'2025-08-01'),(462,1945,9,'ready',1,0,'2025-07-31 12:17:49.371086','manager','2025-07-31 11:27:45.169214','2025-07-31 12:17:46.263554','2025-07-31 23:28:56.392103',67,NULL,4,'2025-08-01'),(463,1946,100,'ready',1,0,'2025-08-01 03:51:40.515553','keypad_device','2025-08-01 03:51:40.511330','2025-08-01 03:51:40.511352','2025-08-04 03:38:46.696636',63,3,NULL,'2025-08-04'),(464,1947,1,'ready',1,0,'2025-08-01 05:43:45.743753','customer','2025-08-01 05:19:58.421625','2025-08-01 08:43:58.130761','2025-08-04 03:38:46.711833',67,NULL,4,'2025-08-04'),(465,1948,2,'ready',1,0,'2025-08-01 08:29:56.337621','customer','2025-08-01 05:47:13.165186','2025-08-01 08:44:14.157620','2025-08-04 03:38:46.726914',67,NULL,4,'2025-08-04'),(466,1949,3,'ready',1,0,'2025-08-01 06:44:19.533032','manager','2025-08-01 05:49:31.372203','2025-08-01 06:44:18.616558','2025-08-04 03:38:46.734720',67,NULL,4,'2025-08-04'),(467,1950,4,'ready',1,0,'2025-08-01 06:46:02.716130','manager','2025-08-01 06:45:01.592268','2025-08-01 06:46:01.840596','2025-08-04 03:38:46.742637',67,NULL,4,'2025-08-04'),(468,1951,5,'ready',1,0,'2025-08-01 07:06:47.379072','manager','2025-08-01 06:48:47.581870','2025-08-01 07:06:46.405909','2025-08-04 03:38:46.752170',67,NULL,4,'2025-08-04'),(469,1952,6,'preparing',1,0,NULL,'customer','2025-08-01 07:07:21.010283','2025-08-01 07:07:53.889369','2025-08-04 03:38:46.760249',67,NULL,4,'2025-08-04'),(470,1953,7,'preparing',1,0,NULL,'customer','2025-08-01 07:38:12.998002','2025-08-01 07:38:34.983244','2025-08-04 03:38:46.769169',67,NULL,4,'2025-08-04'),(471,1954,8,'ready',1,0,'2025-08-01 09:16:25.616788','manager','2025-08-01 07:59:07.463098','2025-08-01 09:16:24.732348','2025-08-04 03:38:46.778112',67,NULL,4,'2025-08-04'),(472,1955,1,'delivered',1,0,'2025-08-04 12:25:28.953987','manager','2025-08-04 06:23:45.646700','2025-08-04 12:26:56.413627','2025-08-05 03:42:04.843302',67,NULL,4,'2025-08-05'),(473,1956,2,'ready',1,0,'2025-08-04 11:04:27.450800','manager','2025-08-04 09:53:15.732758','2025-08-04 11:04:27.148339','2025-08-05 03:42:04.855619',67,NULL,4,'2025-08-05'),(474,1957,3,'preparing',1,0,NULL,'customer','2025-08-04 10:36:32.697183','2025-08-04 10:36:32.697220','2025-08-05 03:42:04.864556',67,NULL,NULL,'2025-08-05');
/*!40000 ALTER TABLE `vendors_archivedorder` ENABLE KEYS */;
UNLOCK TABLES;

--
-- Table structure for table `vendors_chatmessage`
--

DROP TABLE IF EXISTS `vendors_chatmessage`;
/*!40101 SET @saved_cs_client     = @@character_set_client */;
/*!40101 SET character_set_client = utf8mb4 */;
CREATE TABLE `vendors_chatmessage` (
  `id` bigint(20) NOT NULL AUTO_INCREMENT,
  `message_id` char(32) NOT NULL,
  `token_no` int(11) NOT NULL,
  `created_date` date NOT NULL,
  `sender` varchar(10) NOT NULL,
  `message_text` longtext DEFAULT NULL,
  `audio_file` varchar(100) DEFAULT NULL,
  `is_read` tinyint(1) NOT NULL,
  `created_at` datetime(6) NOT NULL,
  `reply_to_id` bigint(20) DEFAULT NULL,
  `vendor_id` bigint(20) NOT NULL,
  `is_send` tinyint(1) NOT NULL,
  PRIMARY KEY (`id`),
  UNIQUE KEY `message_id` (`message_id`),
  UNIQUE KEY `unique_chat_message_per_order` (`vendor_id`,`token_no`,`created_date`,`message_id`),
  KEY `vendors_chatmessage_reply_to_id_e104cbd5_fk_vendors_c` (`reply_to_id`),
  KEY `vendors_cha_vendor__1c51ef_idx` (`vendor_id`,`token_no`,`created_date`),
  CONSTRAINT `vendors_chatmessage_reply_to_id_e104cbd5_fk_vendors_c` FOREIGN KEY (`reply_to_id`) REFERENCES `vendors_chatmessage` (`id`),
  CONSTRAINT `vendors_chatmessage_vendor_id_65d83585_fk_vendors_vendor_id` FOREIGN KEY (`vendor_id`) REFERENCES `vendors_vendor` (`id`)
) ENGINE=InnoDB AUTO_INCREMENT=395 DEFAULT CHARSET=utf8mb4 COLLATE=utf8mb4_unicode_ci;
/*!40101 SET character_set_client = @saved_cs_client */;

--
-- Dumping data for table `vendors_chatmessage`
--

LOCK TABLES `vendors_chatmessage` WRITE;
/*!40000 ALTER TABLE `vendors_chatmessage` DISABLE KEYS */;
INSERT INTO `vendors_chatmessage` VALUES (1,'c5994242b61740da8a2ca73eb30b27cc',1,'2025-07-22','user','hi','',0,'2025-07-22 05:16:21.248381',NULL,67,0),(2,'74277caae9554cfab71b3716e305b17c',1,'2025-07-22','user','Why so delay','',0,'2025-07-22 05:16:44.343430',NULL,67,0),(3,'ed208af3bee84299bab62abca2284814',1,'2025-07-22','user','Ok','',0,'2025-07-22 05:19:47.770107',NULL,67,0),(4,'05ac5b34a0a3456ba073103c956cf2ce',1,'2025-07-22','manager','Your order is almost ready. Kindly collect it within the next 10 minutes to avoid any delays. Thank you!','',0,'2025-07-22 05:29:57.459635',NULL,67,0),(5,'3f756b97e44e47e99e0cc6b010b4d581',1,'2025-07-22','user','Ok','',0,'2025-07-22 05:30:24.550796',NULL,67,0),(6,'eacb4dc929c0446a83a35c87884d56e5',1,'2025-07-22','user','Hi','',0,'2025-07-22 05:44:19.566432',NULL,63,0),(7,'e4c378aa5eba4697b4aa5e059a22ec8f',1,'2025-07-22','manager','Your order is almost ready. Kindly collect it within the next 10 minutes to avoid any delays. Thank you!','',0,'2025-07-22 07:16:36.205196',NULL,67,0),(8,'e968b7789c1d4681b382be19e8c0baaf',1,'2025-07-22','manager','Your order is almost ready. Kindly collect it within the next 10 minutes to avoid any delays. Thank you!','',0,'2025-07-22 07:16:37.985365',NULL,67,0),(9,'8547162860844192897c867b5fc2f0dd',1,'2025-07-22','manager','Your order is almost ready. Kindly collect it within the next 10 minutes to avoid any delays. Thank you!','',0,'2025-07-22 07:16:39.580949',NULL,67,0),(10,'c174683775b44e74a6395af56a6e6637',1,'2025-07-22','manager','Your order is almost ready. Kindly collect it within the next 10 minutes to avoid any delays. Thank you!','',0,'2025-07-22 07:18:34.754790',NULL,67,0),(11,'2d4bc63cae5749ab88e9824c10c11a81',1,'2025-07-22','manager','Your order is preparing','',0,'2025-07-22 07:27:32.132846',NULL,63,0),(12,'ce382736a0ff4246af8c4a8d69c9311f',1,'2025-07-22','manager','Hi Sir/Mam Thank you for choosing us','',0,'2025-07-22 07:28:57.501664',NULL,63,0),(13,'f59e26dcb5f14abeaf5cf7d546efc75c',505,'2025-07-22','manager','Hi Sir/Mam Thank you for choosing us','',0,'2025-07-22 07:41:54.494283',NULL,63,0),(14,'d32fbe4b3ff146daa37264202eb2b4cc',505,'2025-07-22','manager','Your order is created','',0,'2025-07-22 07:42:27.596038',NULL,63,0),(15,'70bed4b0af544d0e87e88dadfe3e0d0d',505,'2025-07-22','manager','Your order is preparing','',0,'2025-07-22 07:42:48.986604',NULL,63,0),(16,'907dd7d8f4db4e358c168f2420cdcede',505,'2025-07-22','manager','Please wait !','',0,'2025-07-22 07:43:06.739130',NULL,63,0),(17,'f7430e61dde546cfa35abcafd1149cf3',505,'2025-07-22','manager','Please wait !','',0,'2025-07-22 07:43:34.507319',NULL,63,0),(18,'055c86bac1904fe0a2762d4d8dcb829a',505,'2025-07-22','manager','Please wait !','',0,'2025-07-22 07:43:55.946677',NULL,63,0),(19,'4de24ad4a4634609a9e889078d581bc0',505,'2025-07-22','manager','Hi Sir/Mam Thank you for choosing us','',0,'2025-07-22 08:29:02.070140',NULL,63,0),(20,'c0eebbae4d8d45d8bdfec2d2cffd592b',505,'2025-07-22','manager','Your order is created','',0,'2025-07-22 08:30:25.834818',NULL,63,0),(21,'7fb5ab362f904d6cb6402ba25e460ba7',505,'2025-07-22','manager','Your order is preparing','',0,'2025-07-22 08:30:38.651317',NULL,63,0),(22,'84d750e4f78747438f4fec212d5579d4',505,'2025-07-22','manager','Please wait !','',0,'2025-07-22 08:30:52.320333',NULL,63,0),(23,'b6f15ba54541401ba47c3ea03a34d8ac',1,'2025-07-22','manager','Your order is almost ready. Kindly collect it within the next 10 minutes to avoid any delays. Thank you!','',0,'2025-07-22 08:39:43.130693',NULL,67,0),(24,'5395542d82194a60aceb2a7722fd530f',505,'2025-07-22','manager','Hi Sir/Mam Thank you for choosing us','',0,'2025-07-22 08:40:47.404175',NULL,63,0),(25,'0bb0b5d71e994afdbeb0b9f96233836d',505,'2025-07-22','manager','Your order is created','',0,'2025-07-22 08:41:00.109134',NULL,63,0),(26,'fc97d61c16374d79a61658d442570b13',505,'2025-07-22','manager','Your order is preparing','',0,'2025-07-22 08:41:13.622680',NULL,63,0),(27,'0f478dc4e54d4d3cbce7248e97c0ff11',505,'2025-07-22','manager','Your order is created','',0,'2025-07-22 08:42:42.507287',NULL,63,0),(28,'79eda1bb4f2d4725aa9ebca01290723c',505,'2025-07-22','manager','Please wait !','',0,'2025-07-22 08:42:51.402275',NULL,63,0),(29,'1f3741e8abfa4689b7c84b94776dacd6',505,'2025-07-22','manager','Your oder is ready','',0,'2025-07-22 08:43:22.136583',NULL,63,0),(30,'b5d51520945944e094b020358dff5b3a',505,'2025-07-22','manager','Your order canceled','',0,'2025-07-22 08:43:46.308501',NULL,63,0),(31,'6031ea724b654836bbc93f124831eef0',505,'2025-07-22','manager','Your oder is ready','',0,'2025-07-22 08:43:57.156730',NULL,63,0),(32,'938eb6aab30a4680b8cedd824b1f8b6e',505,'2025-07-22','manager','Your oder is ready','',0,'2025-07-22 08:44:04.122584',NULL,63,0),(33,'f78f5cc4d0ce47dfbc1f610b6d1b2a73',505,'2025-07-22','manager','Hi Sir/Mam Thank you for choosing us \nqwerty p1qwwertyyuiipppplkgdaafhklmmbxzsathjdsdggjhdstdugkkhueygoryrufihifhdyflhjfufigufjgjglhkfydugufyofyeirystushddyusyiddgkfhdd eyfydfuddkddhofidyofuoffutoutpuryoforotiptuotilfhfdofykulfykflhfhkfhfjlululf diyfukffhfkhfhkfkffhdkhfkddydjdilxhkskdyiyofulflufuof dkdydidykdydidiyddgx','',0,'2025-07-22 08:55:20.595313',NULL,63,0),(34,'ef613c6d20fd4bfdbf9dc1c557963436',505,'2025-07-22','manager','Hi Sir/Mam Thank you for choosing us','',0,'2025-07-22 08:56:03.217909',NULL,63,0),(35,'490a32394b0640f884a14d4408515897',505,'2025-07-22','manager','Hi Sir/Mam Thank you for choosing us','',0,'2025-07-22 08:56:13.793739',NULL,63,0),(36,'54440bae62fc4582bc5bfd28615488e0',505,'2025-07-22','manager','Hi Sir/Mam Thank you for choosing us','',0,'2025-07-22 08:56:50.539193',NULL,63,0),(37,'a543816166b84b4ea4eef5cabfbc48c4',505,'2025-07-22','manager','Your order is preparing','',0,'2025-07-22 09:12:06.377185',NULL,63,0),(38,'0a5e0cf973e447f88b0d30994299ff62',1,'2025-07-22','user','Hello! This is a sample message sent from the manager to demonstrate how a chat message with exactly two hundred characters looks. It can include updates, instructions, or any info.','',0,'2025-07-22 09:29:19.673922',NULL,67,0),(39,'cbcd772759364526b752a434150142a6',1,'2025-07-22','user','Hello! This is a sample message sent from the manager to demonstrate how a chat message with exactly two hundred characters looks. It can include updates, instructions, or any info.','',0,'2025-07-22 09:29:28.011663',NULL,67,0),(40,'5900ddae4c0b440ba216074240a4a38a',1,'2025-07-22','user','Frrddfdfffffffffddfffffffttttttttttttttttttttt5tttttttttttttyttyygghh','',0,'2025-07-22 09:37:59.370903',NULL,63,0),(41,'c81f6a4edaf64360857bb8c391bc84f6',1,'2025-07-22','user','Frrddfdfffffffffddfffffffttttttttttttttttttttt5tttttttttttttyttyygghFrrddfdfffffffffddfffffffttttttttttttttttttttt5tttttttttttttyttyygghhh','',0,'2025-07-22 09:38:27.095964',NULL,63,0),(42,'514666307d53489283c086bbcb2cbf53',505,'2025-07-22','user','Hi','',0,'2025-07-22 10:34:50.995755',NULL,63,0),(43,'01efd25594394ae7bfe669109540a6a8',1,'2025-07-22','user','Hello! This is a sample message sent from the manager to demonstrate','',0,'2025-07-22 10:57:46.576280',NULL,67,0),(44,'12d0f7bcda9c4a69a46cecb8070b7497',225,'2025-07-22','manager','Hi Sir/Mam Thank you for choosing us','',0,'2025-07-22 11:13:47.375465',NULL,63,1),(45,'336bc02809e64d37a0ffb15941693f9f',225,'2025-07-22','manager','Your order is created','',0,'2025-07-22 11:14:46.395848',NULL,63,1),(46,'d9be57bfa5fe45788485d0b60e430041',256,'2025-07-22','manager','Hi Sir/Mam Thank you for choosing us','',0,'2025-07-22 11:16:21.778728',NULL,63,1),(47,'a659d3c78dc64350a9c4bfe54b0272a7',1,'2025-07-22','user','Hi','',0,'2025-07-22 11:16:32.224696',NULL,63,0),(48,'d00db5f4638b4ed3845b7bc974615f0e',256,'2025-07-22','manager','Your order is created','',0,'2025-07-22 11:17:31.189801',NULL,63,1),(49,'f6fdb975c0334354adc2d11edfd32219',105,'2025-07-23','manager','Your order is created','',0,'2025-07-23 04:12:45.223887',NULL,63,1),(50,'ed89dfe3cc004615aa224fa5c969ef89',105,'2025-07-23','manager','Hi Sir/Mam Thank you for choosing us','',0,'2025-07-23 04:21:55.813081',NULL,63,1),(51,'2807ef9ec3dd4154bc77634dc3d6dae6',105,'2025-07-23','manager','Your order is created','',0,'2025-07-23 04:28:15.257356',NULL,63,1),(52,'d069242eae7f4435b1dd5a483fcb37d0',105,'2025-07-23','manager','Your order is preparing','',0,'2025-07-23 04:29:32.703769',NULL,63,1),(53,'8063365c91b947b5852fe0f4750ac91e',105,'2025-07-23','manager','Please wait !','',0,'2025-07-23 04:31:20.699396',NULL,63,1),(54,'1006001f16644b0a862e053f818fe7cf',105,'2025-07-23','manager','Hi Sir/Mam Thank you for choosing us','',0,'2025-07-23 04:34:57.124752',NULL,63,1),(55,'a40e68993fbd4a7f814a286b1d33e2d5',105,'2025-07-23','manager','Your order is created','',0,'2025-07-23 04:38:21.555127',NULL,63,1),(56,'9e575652a42d4f7db0aa3a11d1134a98',105,'2025-07-23','manager','Your order is preparing','',0,'2025-07-23 04:40:51.615181',NULL,63,1),(57,'93e3a115962d44eabc76e59930d0273c',105,'2025-07-23','manager','Please wait !','',0,'2025-07-23 04:46:14.872878',NULL,63,1),(58,'87060bc8c7774c108e2279b2f920588c',105,'2025-07-23','manager','Your order is preparing','',0,'2025-07-23 04:48:49.618159',NULL,63,1),(59,'0d1b52024c474724bef3508a0c43a987',105,'2025-07-23','manager','Hi Sir/Mam Thank you for choosing us','',0,'2025-07-23 04:58:47.065406',NULL,63,1),(60,'e8d53631fe8f49feadb80546d0080719',105,'2025-07-23','manager','Your order is created','',0,'2025-07-23 04:59:12.752289',NULL,63,1),(61,'2be025cc03ef49d4930821c5f964da4a',105,'2025-07-23','manager','Your oder is ready','',0,'2025-07-23 04:59:30.959813',NULL,63,1),(62,'622560dc9ad94a44887bb544e2f82111',105,'2025-07-23','manager','Your oder is ready','',0,'2025-07-23 05:03:30.744750',NULL,63,1),(63,'ba9a1c5d60f44f34b7249f58bd367230',105,'2025-07-23','manager','Thank you!','',0,'2025-07-23 05:03:51.831362',NULL,63,1),(64,'c3ea22b596ae45909f5275bd69eb91d5',105,'2025-07-23','manager','Hi Sir/Mam Thank you for choosing usgfp\nbxchxjbl','',0,'2025-07-23 05:04:07.122280',NULL,63,1),(65,'d7b30a1e11504e1ab31cb840392a3105',105,'2025-07-23','user','105','',0,'2025-07-23 05:04:31.662150',NULL,63,0),(66,'d8a1ca80ce5042aaacd7fa2218c64206',105,'2025-07-23','user','Hello','',0,'2025-07-23 05:16:10.068388',NULL,63,0),(67,'839bcc364a27461a95414162d492e20f',105,'2025-07-23','user','Test','',0,'2025-07-23 05:17:57.424742',NULL,63,0),(68,'2dc8674198724b418c3927eff8c229a0',105,'2025-07-23','user','Test 2','',0,'2025-07-23 05:28:11.083550',NULL,63,0),(69,'80e3123de00146198ded31ed1176c471',105,'2025-07-23','manager','Your order is created','',0,'2025-07-23 05:28:59.111855',NULL,63,1),(70,'6a4c39be4f624851880eb76cff76261a',105,'2025-07-23','user','Hi','',0,'2025-07-23 07:04:26.396716',NULL,63,0),(71,'22ac03c316ae4af9b036a7ff17b63c2d',105,'2025-07-23','manager','Hi Sir/Mam Thank you for choosing us','',0,'2025-07-23 07:05:14.170636',NULL,63,1),(72,'a7f61d534c2e4968b2e61e0fd389280c',105,'2025-07-23','user','Hioiffgh','',0,'2025-07-23 07:08:18.477871',NULL,63,0),(73,'df56c7c671f74601bc54cfcab8503889',105,'2025-07-23','manager','Hi Sir/Mam Thank you for choosing us','',0,'2025-07-23 08:49:21.987753',NULL,63,1),(74,'7330df5a0c95401db4671f40644dc627',105,'2025-07-23','user','Lok','',0,'2025-07-23 08:49:38.668835',NULL,63,0),(75,'f317544b4164456893e74580c69ebc30',100,'2025-07-23','user','100 hi','',0,'2025-07-23 08:53:55.760019',NULL,63,0),(76,'e8d9b104eec7416fb83790aa9d5fece1',55,'2025-07-23','manager','Hi Sir/Mam Thank you for choosing us','',0,'2025-07-23 08:54:52.877750',NULL,63,1),(77,'d7be81cc79324dc3ba350bc4ef2b05c6',6,'2025-07-23','manager','Hi Sir/Mam Thank you for choosing us','',0,'2025-07-23 08:58:30.664481',NULL,67,1),(78,'3c02a1350e4840738d51ce04b4fa2e30',6,'2025-07-23','user','6hi','',0,'2025-07-23 08:58:38.968039',NULL,67,0),(79,'f35bbd7f428841dbb65a52a2f378abec',6,'2025-07-23','manager','Your order is created','',0,'2025-07-23 08:59:02.591034',NULL,67,1),(80,'3026d2f6d1264c8fb0a37ca87c500235',1,'2025-07-23','manager','jgshlsgkslhshlspu','',0,'2025-07-23 09:03:37.161113',NULL,67,0),(81,'3e70ef6c0f8c41a6b3adec807d448946',5423,'2025-07-23','manager','Hi Sir/Mam Thank you for choosing us','',0,'2025-07-23 09:05:35.434356',NULL,67,1),(82,'e697a81bb8224b80bcb9d8b9d943bea6',5423,'2025-07-23','user','5423jdjejejejsjs','',0,'2025-07-23 09:05:49.308074',NULL,67,0),(83,'707b714e3b104679b71d153e4e257a5b',150,'2025-07-23','manager','hi','',0,'2025-07-23 09:09:15.176760',NULL,63,1),(84,'77df30766c6b437db262c2a3b6721bb4',150,'2025-07-23','user','150 hi','',0,'2025-07-23 09:09:31.554878',NULL,63,0),(85,'428d77256bfb41aa85ac040e84564063',150,'2025-07-23','manager','Your order is created','',0,'2025-07-23 09:12:36.975833',NULL,63,1),(86,'1345d523ce0b4fce805440ad09a19f49',150,'2025-07-23','user','Hi','',0,'2025-07-23 09:12:53.891129',NULL,63,0),(87,'2b8e057ab5cd40ccb2d9ec96902fd851',150,'2025-07-23','user','Qwerty','',0,'2025-07-23 09:29:41.266781',NULL,63,0),(88,'e5c777171bfd421a8527e001a7e1554e',150,'2025-07-23','user','Hi','',0,'2025-07-23 09:30:05.039516',NULL,63,0),(89,'ee700d20db124476ac08757e8d4da069',150,'2025-07-23','manager','Hi Sir/Mam Thank you for choosing us','',0,'2025-07-23 09:41:48.364052',NULL,63,1),(90,'f4cacfa577f14ddc8d0b39aa2872a585',150,'2025-07-23','user','Hi','',0,'2025-07-23 09:42:02.122344',NULL,63,0),(91,'173e1bbf78de4aa1b29c625b0da33510',150,'2025-07-23','user','Ananthu','',0,'2025-07-23 09:43:46.025706',NULL,63,0),(92,'0b47563b1c06403a9282bbd65727a0af',150,'2025-07-23','user','Hieefgh','',0,'2025-07-23 09:46:24.309465',NULL,63,0),(93,'c2d1e691c3004759a51b8614b28b1489',150,'2025-07-23','user','Qwerty','',0,'2025-07-23 09:47:48.725642',NULL,63,0),(94,'4274e0750a4e40a5a94eba765a978ef5',150,'2025-07-23','user','Qwerty qwerty keypad','',0,'2025-07-23 09:50:02.816137',NULL,63,0),(95,'8271780c64104f1c8612c4052b988e49',150,'2025-07-23','user','We wertyuiopsfgjl','',0,'2025-07-23 09:51:52.701139',NULL,63,0),(96,'0cc6987508db46419190364ff68ac914',150,'2025-07-23','user','Qwerty keyboard','',0,'2025-07-23 09:52:38.480290',NULL,63,0),(97,'15a3551ce5e8460f8b38c633d9bcec38',150,'2025-07-23','user','Asdfhjk official kad','',0,'2025-07-23 09:59:36.330015',NULL,63,0),(98,'284c304237c748b1a50ccd3b103aab4e',150,'2025-07-23','user','Qwerty keyboard shortcuts','',0,'2025-07-23 10:04:07.806429',NULL,63,0),(99,'f42109cb6ce44b61ab9c8aca2f4e6884',150,'2025-07-23','user','Tisdjystjjztxfxx hxydykdxxgxgjxjgxjgzxccfjjdhdjkdkddkf','',0,'2025-07-23 10:05:47.643093',NULL,63,0),(100,'ef252958c23c451ea6a2f6187d031435',150,'2025-07-23','manager','Please wait !','',0,'2025-07-23 10:07:44.479062',NULL,63,1),(101,'f62ebae7ed0b4fabbfa54206df534b17',1,'2025-07-23','user','Hii','',0,'2025-07-23 10:10:01.433701',NULL,63,0),(102,'d584246beaba43e18de53247a97dce14',1,'2025-07-23','user','Jhjjjjj','',0,'2025-07-23 10:10:55.835569',NULL,63,0),(103,'682f9274b30b42b79b79c9be94532c7a',1,'2025-07-23','user','Qwerty','',0,'2025-07-23 10:11:29.835275',NULL,63,0),(104,'63003d017f4a451ea544aa1c710282ad',1,'2025-07-23','user','Hello','',0,'2025-07-23 10:19:41.439180',NULL,63,0),(105,'4b98c60afbaa4ebe9c9b5c5b09d84414',1,'2025-07-23','user','R','',0,'2025-07-23 10:20:44.511417',NULL,63,0),(106,'714e1173f5924963aa6084624c5030eb',1,'2025-07-23','user','Gg','',0,'2025-07-23 10:20:54.232958',NULL,63,0),(107,'5824b12455b34b9aaae97fb3961cc1b1',55,'2025-07-23','user','Ggggg','',0,'2025-07-23 10:22:51.280189',NULL,63,0),(108,'13273729706544079ccc5e317adfbb48',55,'2025-07-23','user','Ggg','',0,'2025-07-23 10:22:59.828555',NULL,63,0),(109,'89fa2dc2649b4835859c0f9d49d911ea',55,'2025-07-23','manager','Hi Sir/Mam Thank you for choosing usghdgfk ufugigkhvjcjb jfuglh. cufib. xydih. xhcj','',0,'2025-07-23 10:30:20.998861',NULL,63,1),(110,'5bd06262b48446e49e258230c4693961',5,'2025-07-23','user','Hello','',0,'2025-07-23 10:36:48.985505',NULL,63,0),(111,'198b0cc7faff4896a4c7e01eab8197e4',5,'2025-07-23','user','kkk','',0,'2025-07-23 10:38:23.073480',NULL,63,0),(112,'e5a4e6c94b0143c6b9fa47134222f4c6',5,'2025-07-23','user','sss','',0,'2025-07-23 10:39:15.413960',NULL,63,0),(113,'0262eca3cf5e483abc5b50d6551b2431',5,'2025-07-23','user','Dgff','',0,'2025-07-23 10:39:43.286407',NULL,63,0),(114,'6d1ed3009c2c464584702664d9e72aab',5,'2025-07-23','user','Egfdfggg','',0,'2025-07-23 10:39:54.140020',NULL,63,0),(115,'0e50ef277a1b46f7a714e70d9672d200',5,'2025-07-23','user','Sdfrcff','',0,'2025-07-23 10:40:08.912403',NULL,63,0),(116,'aa654aba5a1d4354a7b7ddb782eefd48',5,'2025-07-23','user','Ffgh','',0,'2025-07-23 10:40:36.480067',NULL,63,0),(117,'c2f9c033d69941f9adb47fd298bedd4f',5,'2025-07-23','user','Welcome','',0,'2025-07-23 10:44:03.073880',NULL,63,0),(118,'1d0e89f384694ad99bcb61abefa69a22',5,'2025-07-23','manager','Hi Sir/Mam Thank you for choosing us','',0,'2025-07-23 10:47:36.670007',NULL,63,1),(119,'57748372bf484ac5b4bee33042400d5f',5,'2025-07-23','manager','Your order is created','',0,'2025-07-23 10:49:44.330525',NULL,63,1),(120,'9a52e0082cd54565b5e214dc504a7105',5,'2025-07-23','user','Qwerty keyboard','',0,'2025-07-23 10:52:56.414702',NULL,63,0),(121,'85891ef2ce194e31a53b04cc01ae29a9',5,'2025-07-23','manager','Your order is created','',0,'2025-07-23 10:53:25.179961',NULL,63,1),(122,'12a9c644f2854b79b934e10e776880bd',5,'2025-07-23','manager','Your order is created','',0,'2025-07-23 10:53:25.807630',NULL,63,1),(123,'8ca37bd819574e998bb75395d7eaf88b',5,'2025-07-23','manager','Hi Sir/Mam Thank you for choosing us','',0,'2025-07-23 10:53:50.388569',NULL,63,1),(124,'56b934f1158e47c09c48e321c974937e',5,'2025-07-23','manager','Hi Sir/Mam Thank you for choosing us','',0,'2025-07-23 10:53:51.013613',NULL,63,1),(125,'b66c760d21b74bd8a7087ae5ad86cfa0',5,'2025-07-23','user','Hi','',0,'2025-07-23 10:54:10.931642',NULL,63,0),(126,'82828c26b0e6460dbee48983f460c3ba',5,'2025-07-24','manager','Hi Sir/Mam Thank you for choosing us','',0,'2025-07-24 05:07:05.934923',NULL,67,1),(127,'723f6180859846339a567bcba4babad5',2,'2025-07-24','user','When will I get my order','',0,'2025-07-24 05:09:37.032833',NULL,67,0),(128,'e4f0e2d1d98245ce9e8ecf2b3e393d9c',2,'2025-07-24','user','Why is it so delay','',0,'2025-07-24 05:10:06.835936',NULL,67,0),(129,'ba2fbd1b44fe481f8f497dfd3bce2d41',5,'2025-07-24','user','6255dgfd','',0,'2025-07-24 05:23:15.670585',NULL,67,0),(130,'ecd93654159b4de08c9d850d0a6cfc1e',5,'2025-07-24','user','Ggg','',0,'2025-07-24 05:26:06.431877',NULL,67,0),(131,'683fcc036ddd435c9966417f4bff2a37',5,'2025-07-24','user','sad','',0,'2025-07-24 05:28:43.629406',NULL,67,0),(132,'b9073f097fdd414497e219a3ec0c1e20',5,'2025-07-24','user','Gg','',0,'2025-07-24 05:37:35.317230',NULL,67,0),(133,'fe872d5e36b34f76bbe4465a84326f7d',5,'2025-07-24','user','Ddd','',0,'2025-07-24 05:37:41.485940',NULL,67,0),(134,'592a966e1a9a4d3a9d71c241b3cc7ee1',55,'2025-07-24','user','Hi','',0,'2025-07-24 05:55:58.466716',NULL,67,0),(135,'0a56d7240d824b0b8038211aa142a13e',5,'2025-07-24','user','John','',0,'2025-07-24 06:07:56.266880',NULL,67,0),(136,'614d8b684f8c43f9bf4f3379615464a1',1,'2025-07-25','manager','Hi Sir/Mam Thank you for choosing us','',0,'2025-07-25 04:18:23.164428',NULL,63,0),(137,'76400789a1b04299b6f9796b2da1f319',1,'2025-07-25','manager','Your order is preparing','',0,'2025-07-25 04:47:51.123447',NULL,67,1),(138,'7ed923335cd74b76a18ab587ef1af73f',2,'2025-07-25','user','When will I get the order?','',1,'2025-07-25 05:02:17.006090',NULL,67,0),(139,'e92a74ec4265444989125526c54e87b1',2,'2025-07-25','user','What about my order status','',1,'2025-07-25 05:10:14.284015',NULL,67,0),(140,'4092a96fe2ec49f7af408717952d0292',50,'2025-07-25','user','Hi','',0,'2025-07-25 05:13:55.149556',NULL,63,0),(141,'54ecc69815dc40d5a87e7d7cdcb40c5c',50,'2025-07-25','user','Hi','',0,'2025-07-25 05:20:21.514825',NULL,63,0),(142,'1a6fcb55d24a4679a9214f9d6a3e82b1',3,'2025-07-25','user','Hi','',0,'2025-07-25 05:34:34.234544',NULL,67,0),(143,'c6b5e052eedc46eb9b5cc0ede09b84fd',243,'2025-07-25','user','Hi','',1,'2025-07-25 05:42:39.143587',NULL,63,0),(144,'bea8afd909b34910b8d92f5b0f06c7ed',243,'2025-07-25','user','Is it ready','',1,'2025-07-25 05:43:06.307184',NULL,63,0),(145,'15a163bffcb642388867952fba558024',1,'2025-07-25','user','What is the status','',1,'2025-07-25 06:03:28.785068',NULL,67,0),(146,'ea1222fccff5426386d24891dc2b5b37',243,'2025-07-25','user','Hi','',0,'2025-07-25 06:16:34.902245',NULL,63,0),(147,'6703f9d227c84a6f9479938eae4e3818',243,'2025-07-25','user','Is it ready','',0,'2025-07-25 06:38:39.476015',NULL,63,0),(148,'a83721fff5a044f7b09c1a2f989fa5ad',243,'2025-07-25','user','Hi','',0,'2025-07-25 06:40:15.146282',NULL,63,0),(149,'5132baa21f0f43a595e42ac5f7ba2100',40,'2025-07-25','user','Hi','',1,'2025-07-25 06:48:32.114458',NULL,63,0),(150,'bbdec8ce427a4563b485e5da3f81130a',40,'2025-07-25','user','Qwerty','',1,'2025-07-25 06:48:47.088880',NULL,63,0),(151,'264ac08aa7a0406d989e8fac0d59c6f2',31,'2025-07-25','user','Hi','',1,'2025-07-25 06:50:52.951578',NULL,63,0),(152,'faab8f4f1a4f428d87ca0c7affa32ee6',31,'2025-07-25','user','Qwerty','',1,'2025-07-25 06:52:30.459461',NULL,63,0),(153,'1ffa20e05c6f49baaf0408a1a5d70ca7',31,'2025-07-25','user','Hi','',1,'2025-07-25 07:11:36.235544',NULL,63,0),(154,'5c9eff5133b944779960bf04c20de298',31,'2025-07-25','user','Welcome to the world','',1,'2025-07-25 07:20:21.374987',NULL,63,0),(155,'adcc9012f7c34fc5a4a2f93812b9d450',31,'2025-07-25','user','Hi','',1,'2025-07-25 07:22:33.482555',NULL,63,0),(156,'c64dac87c7c04cd380178b9d76d6f438',31,'2025-07-25','user','Qwerty','',1,'2025-07-25 07:22:52.159580',NULL,63,0),(157,'415926972e384c07a45f2e3ecf54d0a6',31,'2025-07-25','user','Hi','',1,'2025-07-25 07:25:10.697636',NULL,63,0),(158,'ab8553a780054624a21027f5690edd14',31,'2025-07-25','user','Hi','',1,'2025-07-25 07:29:53.927854',NULL,63,0),(159,'3acf66c2eeed433d80aa1b338077b11f',31,'2025-07-25','user','Hi','',1,'2025-07-25 07:30:38.744693',NULL,63,0),(160,'1f9690d8f861468ea2c469e9ceb450a6',31,'2025-07-25','user','Hi','',1,'2025-07-25 07:31:53.211213',NULL,63,0),(161,'d21dc4576fd4428eb945ecfe132fc8ca',31,'2025-07-25','user','What is the status','',1,'2025-07-25 07:43:08.705956',NULL,63,0),(162,'79aa767c876d415eae8b3b7e6143e2c9',31,'2025-07-25','user','Hi','',1,'2025-07-25 07:47:11.281756',NULL,63,0),(163,'f6bb00c93bbc47bcb55dab70c0f5571f',22,'2025-07-25','user','Where is my order?','',0,'2025-07-25 09:13:19.401898',NULL,63,0),(164,'9f1bb240e19a47e2b13bbe1577971737',22,'2025-07-25','user','Hi','',0,'2025-07-25 09:22:42.664284',NULL,63,0),(165,'16a247ece88542048ae8c8c8252a1503',22,'2025-07-25','user','Hi','',0,'2025-07-25 09:24:28.036387',NULL,63,0),(166,'f9e9fe59a0604b22adcc38efc1efe982',22,'2025-07-25','user','Helloo','',0,'2025-07-25 09:28:38.067650',NULL,63,0),(167,'60c2fa9817214ae8b2ef222bc379ea57',25,'2025-07-25','user','Helloo','',0,'2025-07-25 09:30:50.579123',NULL,63,0),(168,'6517374d0b384f0c8ce6b9becd472128',25,'2025-07-25','user','Hi','',0,'2025-07-25 09:32:45.272056',NULL,63,0),(169,'42e93d939da84467bf149cde29af1c85',25,'2025-07-25','user','Hhu','',0,'2025-07-25 09:34:23.524532',NULL,63,0),(170,'d68c91ba15d04b6b8551e0eed5519e18',25,'2025-07-25','user','Bhi','',0,'2025-07-25 09:37:03.815460',NULL,63,0),(171,'1421fe5deaa748178ca76fe755e76812',30,'2025-07-25','user','Hii','',0,'2025-07-25 09:39:03.678596',NULL,63,0),(172,'2d26bb189a634b19a5bdf6d1eaace451',31,'2025-07-25','user','Hello','',0,'2025-07-25 09:49:10.616198',NULL,63,0),(173,'8312b92d8e27451894925be796166332',31,'2025-07-25','user','Why so delay','',0,'2025-07-25 09:49:29.384587',NULL,63,0),(174,'2e3ac2edba6648b2848d42a23172f7a8',31,'2025-07-25','user','Order','',0,'2025-07-25 09:49:54.873878',NULL,63,0),(175,'35e6cfd1486a4645957c57cfacdc4de9',2,'2025-07-28','user','What is the status of my order?','',1,'2025-07-28 04:44:58.400417',NULL,67,0),(176,'8d9903d43c6e41d6b3739a6901784084',2,'2025-07-28','manager','Your order is preparing','',0,'2025-07-28 04:45:24.874371',NULL,67,1),(177,'c231910fd22f4612bf5c9a70df47a6e0',2,'2025-07-28','user','Ok','',1,'2025-07-28 04:47:55.394245',NULL,67,0),(178,'0b5ea9cb7b924360aa025cedf8fc0c9b',2,'2025-07-28','manager','Hi Sir/Mam Thank you for choosing us','',0,'2025-07-28 04:50:27.821701',NULL,67,1),(179,'82e458857b8247d08a92500b789e9b43',4,'2025-07-28','user','Where is my order','',0,'2025-07-28 04:50:53.125402',NULL,67,0),(180,'7ea45f568cda4291a19dade5ac5a91de',2,'2025-07-28','manager','Please wait !','',0,'2025-07-28 04:51:02.666170',NULL,67,1),(181,'f20d48fcbe5145dcb67a58ae5c45ef6e',5,'2025-07-28','user','thanks','',0,'2025-07-28 09:33:18.675215',NULL,67,0),(182,'95305f0adc614c8c9bbab10479eb1dc2',3,'2025-07-29','user','Where is my order ?','',1,'2025-07-29 04:53:57.234039',NULL,67,0),(183,'f9aadcd5ca8646cb9a594ab0827c5546',3,'2025-07-29','manager','Your order is preparing','',0,'2025-07-29 04:54:10.080185',NULL,67,1),(184,'c6eeba49114a42f0bc66edcfc4dd3463',3,'2025-07-29','user','Ok','',1,'2025-07-29 04:54:21.923101',NULL,67,0),(185,'65ac85a9d33a463e8d8449f77123542b',4,'2025-07-29','user','Where is my order?','',1,'2025-07-29 06:05:52.310946',NULL,67,0),(186,'bd6ea572efa44a43b6c6c9390572e3b9',4,'2025-07-29','manager','Your order is preparing','',0,'2025-07-29 06:06:03.694477',NULL,67,1),(187,'f0232a7112d346c487357f93cef402a1',4,'2025-07-29','manager','Your order is preparing','',0,'2025-07-29 06:06:26.151551',NULL,67,1),(188,'497e964a66ea49f481f624b28bf656f7',4,'2025-07-29','manager','Your order is preparing','',0,'2025-07-29 06:07:16.386262',NULL,67,1),(189,'caa67c726e234d2094c5cb8cdb9846bd',4,'2025-07-29','user','Hii','',1,'2025-07-29 06:21:40.899889',NULL,67,0),(190,'12e2f6caa19f479186193375f4d3da31',4,'2025-07-29','manager','Your order is preparing','',0,'2025-07-29 06:21:49.090094',NULL,67,1),(191,'312a64499ee04935999c3a59f9bc1327',4,'2025-07-29','manager','Please wait !','',0,'2025-07-29 06:22:02.933604',NULL,67,1),(192,'6219857e265346b2840c197cc1f0cb4f',1,'2025-07-29','manager','Hi Sir/Mam Thank you for choosing us','',0,'2025-07-29 06:24:13.305821',NULL,67,1),(193,'67deeace1d044b77bd478be1fef2a416',1,'2025-07-29','manager','Hi Sir/Mam Thank you for choosing us','',0,'2025-07-29 06:24:20.902477',NULL,67,1),(194,'6155426e241a4c52a3282d9bda4f8147',4,'2025-07-29','user','Hi','',1,'2025-07-29 06:26:52.924952',NULL,67,0),(195,'a0c5d2bc912c41429d30e288b912a156',4,'2025-07-29','manager','Your order is preparing','',0,'2025-07-29 06:27:13.376311',NULL,67,1),(196,'1e14388fae614413a2af1cc8888a1dae',4,'2025-07-29','manager','Your order is preparing','',0,'2025-07-29 06:28:37.438589',NULL,67,1),(197,'7242f7544db5484e8d9be476b0b7e0f0',5,'2025-07-29','user','Where is my order?','',1,'2025-07-29 06:34:21.056266',NULL,67,0),(198,'db342dc503554518ba346bdb85a8546f',5,'2025-07-29','manager','Hi Sir/Mam Thank you for choosing us','',0,'2025-07-29 06:34:36.901108',NULL,67,1),(199,'ec5f57a75ca7440b818695853d44f191',10,'2025-07-29','user','Where is my order','',1,'2025-07-29 06:39:57.146405',NULL,67,0),(200,'83f71b2d0811482f8ce256ead5b36702',10,'2025-07-29','manager','Your order is created','',0,'2025-07-29 06:40:07.982861',NULL,67,1),(201,'8753d34815a94fa384ba38cd07eb0b83',10,'2025-07-29','manager','Hi Sir/Mam Thank you for choosing us','',0,'2025-07-29 06:40:27.260737',NULL,67,1),(202,'f638150b3ad044b6aab82c8e69eb68c1',10,'2025-07-29','user','Hi','',1,'2025-07-29 06:45:25.186772',NULL,67,0),(203,'2f8f454e7e564d89926c2e2dab761c09',10,'2025-07-29','manager','Hi Sir/Mam Thank you for choosing us','',0,'2025-07-29 06:45:33.783930',NULL,67,1),(204,'b7b2b9f8e7154d27b34e033c79798b9b',10,'2025-07-29','manager','Your order is preparing','',0,'2025-07-29 06:45:51.166380',NULL,67,1),(205,'462263114ed44094858047113a7a5d14',11,'2025-07-29','user','Where is my order','',1,'2025-07-29 06:47:17.125802',NULL,67,0),(206,'3a2a68dc7bda4ecfb6f64e2dbb7ce08f',11,'2025-07-29','manager','Your order is preparing','',0,'2025-07-29 06:47:24.547276',NULL,67,1),(207,'15a00175851546f88995b7bbfb8477c2',11,'2025-07-29','user','Y','',1,'2025-07-29 06:50:52.341794',NULL,67,0),(208,'37bb72a266e84773aec465d0f1403fc2',11,'2025-07-29','manager','Hi Sir/Mam Thank you for choosing us','',0,'2025-07-29 06:51:04.183727',NULL,67,1),(209,'b6bcc493eac94e9e86e15bf96cdf2312',15,'2025-07-29','manager','Hi Sir/Mam Thank you for choosing us','',0,'2025-07-29 07:00:49.892328',NULL,67,0),(210,'890dae6f9a2e44abb47e7e84a0f51eca',16,'2025-07-29','user','Hii','',1,'2025-07-29 08:26:28.443250',NULL,67,0),(211,'d3309e0ad7134f4b806c4cefb6212803',16,'2025-07-29','manager','Hi Sir/Mam Thank you for choosing us','',0,'2025-07-29 08:26:42.234379',NULL,67,1),(212,'8fb52e4e0ecc405184702732a04ec312',20,'2025-07-29','user','Where is my order','',1,'2025-07-29 08:32:16.448889',NULL,67,0),(213,'dca4219c7cda422eba17838e97037980',20,'2025-07-29','manager','Your order is created','',0,'2025-07-29 08:32:32.701616',NULL,67,1),(214,'cbc61945bbbd44db93d5d3f07a8bea85',20,'2025-07-29','manager','Your order is preparing','',0,'2025-07-29 08:32:39.443674',NULL,67,1),(215,'53e9abf5e887492eb11b11590eb186e2',20,'2025-07-29','manager','Please wait !','',0,'2025-07-29 08:40:50.882846',NULL,67,1),(216,'8957a675f43441c2885c6b0af2aaaf61',21,'2025-07-29','user','Hi','',1,'2025-07-29 08:43:47.044373',NULL,67,0),(217,'7a37bfde881544b88da07b22ac606a6e',21,'2025-07-29','manager','Hi Sir/Mam Thank you for choosing us','',0,'2025-07-29 08:43:56.624145',NULL,67,1),(218,'f9b308a401074f18839cf38e30539fa9',255,'2025-07-29','manager','Hi Sir/Mam Thank you for choosing us','',0,'2025-07-29 08:56:15.124323',NULL,67,1),(219,'837248411f0d44bcbaef840db5eb1f0d',256,'2025-07-29','manager','Your order is created','',0,'2025-07-29 08:59:34.101381',NULL,67,1),(220,'8899511e4ae2471ab685fa6379fc77a6',256,'2025-07-29','manager','jgzoysgkskgzglzglz','',0,'2025-07-29 09:00:08.732378',NULL,67,1),(221,'1916023c0769462d805eb77f47ab4880',777,'2025-07-29','user','Is this ready? I need it urgently','',1,'2025-07-29 09:10:41.478520',NULL,67,0),(222,'f8a240c01b0e4cac8b2a7bc1b52c1a3e',777,'2025-07-29','manager','it will take 20. mins more sir','',0,'2025-07-29 09:11:46.290979',NULL,67,1),(223,'d747edeb87584035ad41c6470cec327c',777,'2025-07-29','user','Can you deliver it in the next  shop?','',1,'2025-07-29 09:12:56.274398',NULL,67,0),(224,'c00314559ea6402cb2d9ee4eb8c5c77c',777,'2025-07-29','manager','ok','',0,'2025-07-29 09:13:10.567188',NULL,67,1),(225,'ee3ff0ce1fd64fe999fb71ca13411ded',400,'2025-07-29','user','400dfvc','',1,'2025-07-29 10:08:33.156445',NULL,67,0),(226,'5d9e1f70ec834683a000ae3f31caa7c6',400,'2025-07-29','manager','Your order is preparing','',0,'2025-07-29 10:08:42.641574',NULL,67,1),(227,'4c704c974ac6438d9da2142040468995',1,'2025-07-30','manager','Hi Sir/Mam Thank you for choosing us','',0,'2025-07-30 03:42:16.980941',NULL,67,1),(228,'867233e234f045c9aa023c8536814e34',400,'2025-07-30','manager','Hi Sir/Mam Thank you for choosing us','',0,'2025-07-30 03:56:43.538355',NULL,67,1),(229,'87a127173f4e47d3af4e12abb09bcb22',400,'2025-07-30','manager','Your order is preparing','',0,'2025-07-30 03:57:11.310698',NULL,67,1),(230,'1da34a50d5df49388f6e2217ce4d7063',400,'2025-07-30','manager','Your order is preparing','',0,'2025-07-30 03:57:42.402168',NULL,67,1),(231,'24ff7846e2544527aadf46d318af7fb8',400,'2025-07-30','manager','Thank you!','',0,'2025-07-30 03:59:03.414606',NULL,67,1),(232,'d2b786b9817c446dae585dfde2de8592',5,'2025-07-30','manager','Hi Sir/Mam Thank you for choosing us','',0,'2025-07-30 04:00:48.185524',NULL,67,1),(233,'9b471da24cdd48148398ffab3cf13404',5,'2025-07-30','manager','Your order is preparing','',0,'2025-07-30 04:01:09.808410',NULL,67,1),(234,'a7c18ef3076845b8af2bf3a377e8d1c9',400,'2025-07-30','manager','Thank you!','',0,'2025-07-30 04:01:53.793386',NULL,67,1),(235,'3da2b663c33e4517824f0e7929091bb7',400,'2025-07-30','manager','Your order is ready','',0,'2025-07-30 04:02:13.726968',NULL,67,1),(236,'a65c031ae2654bd099a84a37586b230e',400,'2025-07-30','manager','Your order is ready','',0,'2025-07-30 04:08:24.644563',NULL,67,1),(237,'6f15ee0bc3cb416db497593e8521a00a',400,'2025-07-30','manager','Your order canceled','',0,'2025-07-30 04:08:38.198655',NULL,67,1),(238,'197fb63dd78e4249b50ebfb9ce34fc87',400,'2025-07-30','manager','Your order is ready','',0,'2025-07-30 04:08:49.491538',NULL,67,1),(239,'5aca4106186a4e5cbdd9d91e1650a461',400,'2025-07-30','manager','Thank you!','',0,'2025-07-30 04:08:58.845831',NULL,67,1),(240,'a498e09f4644420cbb1e4ef57eec780d',400,'2025-07-30','manager','Please wait !','',0,'2025-07-30 04:09:05.630736',NULL,67,1),(241,'2db87ebc746f4fb68c7e14251882fffd',400,'2025-07-30','manager','Thank you!','',0,'2025-07-30 04:09:12.430084',NULL,67,1),(242,'484a62c7efc14044bfabcd1665f8c156',400,'2025-07-30','manager','Thank you!','',0,'2025-07-30 04:09:25.305670',NULL,67,1),(243,'34dcc02bea894f9dafd3cabdf55d1ae1',400,'2025-07-30','manager','Your order canceled','',0,'2025-07-30 04:09:41.899153',NULL,67,1),(244,'24bdc1af76a44a049ed7eba8ce189fb3',400,'2025-07-30','manager','Your order canceled','',0,'2025-07-30 04:09:52.638723',NULL,67,1),(245,'f42d2cd3d31b47efafa6e9194fa1b891',400,'2025-07-30','manager','Your order canceled','',0,'2025-07-30 04:10:00.816973',NULL,67,1),(246,'ad6615b9854d4c32814c3a0c4546768b',7,'2025-07-30','manager','Hi Sir/Mam Thank you for choosing us','',0,'2025-07-30 05:02:16.082519',NULL,67,1),(247,'0029ca2daf60413d898367f850443dd0',7,'2025-07-30','manager','Hi Sir/Mam Thank you for choosing us','',0,'2025-07-30 05:03:14.974175',NULL,67,1),(248,'b7048fe5fbdf4ba5abe606984358352e',400,'2025-07-30','user','Ggggg','',1,'2025-07-30 05:03:35.188356',NULL,67,0),(249,'9d78fb03f13c4306a2591be8a2a74778',400,'2025-07-30','manager','Hi Sir/Mam Thank you for choosing us','',0,'2025-07-30 05:03:43.011408',NULL,67,1),(250,'9f3b274a9c1c4d4182bb0576c1b22992',8,'2025-07-30','manager','Hi Sir/Mam Thank you for choosing us','',0,'2025-07-30 05:07:26.604869',NULL,67,1),(251,'04dc307d22794d86bc907fabfba2e594',9,'2025-07-30','manager','Hi Sir/Mam Thank you for choosing us','',0,'2025-07-30 05:09:40.812135',NULL,67,1),(252,'61c689e80aaa41a78de4753be0f32e43',9,'2025-07-30','manager','Your order is created','',0,'2025-07-30 05:10:39.727565',NULL,67,1),(253,'7ba1276600ed4ce2bbc6c28790c226d7',9,'2025-07-30','manager','Your order is created','',0,'2025-07-30 05:10:59.288084',NULL,67,1),(254,'91072a69e4d84e45bc3489037632fcda',9,'2025-07-30','manager','Your order is created','',0,'2025-07-30 05:12:06.196589',NULL,67,1),(255,'132f1c7b153d4275a947a24e096e02a5',9,'2025-07-30','manager','Your order is created','',0,'2025-07-30 05:12:40.850334',NULL,67,1),(256,'a3821a22ae3849bcb6c26e774b1e713b',9,'2025-07-30','manager','Your order canceled','',0,'2025-07-30 05:14:48.695733',NULL,67,1),(257,'cab945bb6400420e92b78d5a5035ab76',9,'2025-07-30','manager','Your order canceled','',0,'2025-07-30 05:16:00.109650',NULL,67,1),(258,'e019683784174a518a0cbf6d33d66b1b',9,'2025-07-30','manager','Your order canceled','',0,'2025-07-30 05:16:13.420454',NULL,67,1),(259,'9f7c4c0a86c240e4b1c80ecdb1cb9fb8',9,'2025-07-30','manager','Your order canceled','',0,'2025-07-30 05:16:27.902874',NULL,67,1),(260,'e2aae5b46c4e4819aeb6cc124c06a8c6',15,'2025-07-30','manager','Hi Sir/Mam Thank you for choosing us','',0,'2025-07-30 05:17:52.905339',NULL,67,1),(261,'5bb7c4e3ff4e4be1bf7f872385fb5ee8',15,'2025-07-30','manager','Your order is created','',0,'2025-07-30 05:39:21.190980',NULL,67,1),(262,'b4b4a8035ac943aaa06a33cbd27f0772',15,'2025-07-30','manager','Hi Sir/Mam Thank you for choosing us','',0,'2025-07-30 05:41:23.725389',NULL,67,1),(263,'4703de40a7e844cdab344149fd26764e',15,'2025-07-30','manager','Hi Sir/Mam Thank you for choosing us','',0,'2025-07-30 05:41:53.084764',NULL,67,1),(264,'4a75ba25053b452c9675b2519099783e',15,'2025-07-30','manager','Hi Sir/Mam Thank you for choosing us','',0,'2025-07-30 05:42:15.634326',NULL,67,1),(265,'3d69a59da9074a659d77c204ae94f311',15,'2025-07-30','manager','Hi Sir/Mam Thank you for choosing us','',0,'2025-07-30 05:45:13.224109',NULL,67,1),(266,'6466d94e05f445cbb527540fa40273f1',15,'2025-07-30','manager','Hi Sir/Mam Thank you for choosing us','',0,'2025-07-30 05:46:11.302132',NULL,67,1),(267,'cfbf0e07d87c4072ac5b4eb8c7fb1e4f',15,'2025-07-30','manager','Hi Sir/Mam Thank you for choosing us','',0,'2025-07-30 05:50:05.057785',NULL,67,1),(268,'9fdbbe32774d45d4a88d98e884514976',15,'2025-07-30','manager','Hi Sir/Mam Thank you for choosing us','',0,'2025-07-30 05:50:27.629364',NULL,67,1),(269,'0717fc0fb57146379e61fc022b80ed00',15,'2025-07-30','manager','Hi Sir/Mam Thank you for choosing us','',0,'2025-07-30 05:50:40.459259',NULL,67,1),(270,'2cfa1c8ca8b649b2bba3e26a93d68d59',15,'2025-07-30','manager','Hi Sir/Mam Thank you for choosing us','',0,'2025-07-30 05:50:52.383291',NULL,67,1),(271,'e890dd56d59a4a8b8d4a3fb8ba8ae63f',15,'2025-07-30','manager','Your order is created','',0,'2025-07-30 05:52:42.604963',NULL,67,1),(272,'c328626d294f4879b3e83669b789b4ff',15,'2025-07-30','manager','Your order is preparing','',0,'2025-07-30 05:53:12.921154',NULL,67,1),(273,'c473d56be41c4ac19234f84b614dceb5',15,'2025-07-30','manager','ddddddddd','',0,'2025-07-30 05:54:09.608487',NULL,67,1),(274,'8dff9738bc234e0c92696a876c82aa4b',15,'2025-07-30','manager','dddd','',0,'2025-07-30 05:54:49.057036',NULL,67,1),(275,'178b7c14b42546109834505342ae8465',15,'2025-07-30','manager','fbr f','',0,'2025-07-30 05:55:19.959391',NULL,67,1),(276,'ffac688a72fe4a6b93777fb2ddf11780',15,'2025-07-30','manager','Your order is preparing','',0,'2025-07-30 05:58:41.787905',NULL,67,1),(277,'69b52c12c32241e38ca93426e5a449a5',30,'2025-07-30','user','Hio','',1,'2025-07-30 06:07:01.913718',NULL,67,0),(278,'87f0628014e64211a79fd78236a799cb',7,'2025-07-30','manager','Hi Sir/Mam Thank you for choosing us','',0,'2025-07-30 06:10:36.272872',NULL,67,1),(279,'f1b4c9bf73f7438bb10ca0987c794869',7,'2025-07-30','manager','Hi Sir/Mam Thank you for choosing us','',0,'2025-07-30 06:12:15.540189',NULL,67,1),(280,'cb07e5af80f94957a1abb56728429edd',7,'2025-07-30','manager','Your order is created','',0,'2025-07-30 06:18:00.539951',NULL,67,1),(281,'e4e5ffcfe6bc4b018e21a8cc214e93fa',7,'2025-07-30','manager','Your order is created','',0,'2025-07-30 06:19:02.378500',NULL,67,1),(282,'f3f2dc3b2832439da3b0988caa33b82b',7,'2025-07-30','manager','Your order canceled','',0,'2025-07-30 06:19:55.154477',NULL,67,1),(283,'a32fbd8986014b48bf54c023db992216',7,'2025-07-30','manager','Your order is ready','',0,'2025-07-30 06:20:20.320329',NULL,67,1),(284,'6a1aaed63fa347a88b497331a78f5115',7,'2025-07-30','manager','Your order is ready','',0,'2025-07-30 06:37:37.759332',NULL,67,1),(285,'1774d5d57a3a492abf0cdecf262f6e6e',40,'2025-07-30','manager','Hi Sir/Mam Thank you for choosing us','',0,'2025-07-30 06:39:02.707227',NULL,67,1),(286,'086dbba979e249248ed4e5e645b9971a',40,'2025-07-30','manager','Thank you!','',0,'2025-07-30 06:41:29.192647',NULL,67,1),(287,'45debee5bfe54a22bbe5e929fa38c3ed',40,'2025-07-30','manager','Please wait !','',0,'2025-07-30 06:42:29.336430',NULL,67,1),(288,'98ffbd9b82e04efa99a30cd77a7761e4',52,'2025-07-30','manager','Hi Sir/Mam Thank you for choosing us','',0,'2025-07-30 07:01:41.060827',NULL,67,1),(289,'5b630bc0a5e54f499862f43ea2ed4e7c',62,'2025-07-30','manager','Hi Sir/Mam Thank you for choosing us','',0,'2025-07-30 08:48:08.822073',NULL,67,1),(290,'4dea074b794a4c08a8ced90df671f400',62,'2025-07-30','manager','Your order is created','',0,'2025-07-30 08:48:19.591011',NULL,67,1),(291,'af41db2f27794e58abfd345491383cca',62,'2025-07-30','manager','Hi Sir/Mam Thank you for choosing us','',0,'2025-07-30 08:48:35.148161',NULL,67,1),(292,'9f6a7285cd1243a5a893257dde56de24',62,'2025-07-30','manager','Your order canceled','',0,'2025-07-30 08:49:29.715002',NULL,67,1),(293,'fdafc1c3d0c143dfbab40eb857641d14',62,'2025-07-30','manager','Thank you!','',0,'2025-07-30 08:50:17.356173',NULL,67,1),(294,'94494dc9158e4cdcb392c0f63185fe56',62,'2025-07-30','manager','Please wait !','',0,'2025-07-30 08:50:53.178326',NULL,67,1),(295,'a5eb1155f7614d63aea807489bacd46d',62,'2025-07-30','manager','Thank you!','',0,'2025-07-30 08:51:12.894371',NULL,67,1),(296,'fa063889c71d4a438c93471c41011aec',62,'2025-07-30','manager','Please wait !','',0,'2025-07-30 08:51:44.023490',NULL,67,1),(297,'9df5b6843fc245409ba5df5babaa6693',62,'2025-07-30','manager','Thank you!','',0,'2025-07-30 08:53:38.961607',NULL,67,1),(298,'4f34e2537d4d4404a13a899e45dd880d',62,'2025-07-30','manager','Thank you!','',0,'2025-07-30 08:54:05.127323',NULL,67,1),(299,'27f40f58d2864676aecbe4cef5fbbeae',66,'2025-07-30','manager','Hi Sir/Mam Thank you for choosing us','',0,'2025-07-30 09:01:23.108077',NULL,67,1),(300,'aa71af41aa5947ee986a25e136c37558',67,'2025-07-30','manager','Hi Sir/Mam Thank you for choosing us','',0,'2025-07-30 09:58:54.856983',NULL,67,1),(301,'a6de4e4f63dd4e93baf31d7744d4f280',67,'2025-07-30','manager','Hi Sir/Mam Thank you for choosing us','',0,'2025-07-30 09:59:02.794771',NULL,67,1),(302,'f25e4e0ae18348b29877d3f45298b62c',67,'2025-07-30','manager','Hi Sir/Mam Thank you for choosing us','',0,'2025-07-30 09:59:14.911965',NULL,67,1),(303,'1cdfed1f046341bb9d13960576e820d5',67,'2025-07-30','manager','Hi Sir/Mam Thank you for choosing us','',0,'2025-07-30 10:00:03.070143',NULL,67,1),(304,'3ac1b125408e4a6aa4d6ac2d67e61ce6',68,'2025-07-30','manager','Hi Sir/Mam Thank you for choosing us','',0,'2025-07-30 10:08:55.937393',NULL,67,1),(305,'3a8971542f264d538f4521a6db15db9d',68,'2025-07-30','user','Gh','',1,'2025-07-30 10:09:51.867286',NULL,67,0),(306,'4a618ac0d78d4ae9aac65e97d4df7823',68,'2025-07-30','manager','Your order is created','',0,'2025-07-30 10:09:59.977023',NULL,67,1),(307,'2117ae52cfce43f59a3344d1da238339',81,'2025-07-30','manager','Hi Sir/Mam Thank you for choosing us','',0,'2025-07-30 11:52:02.645839',NULL,67,1),(308,'431892f698a444c3b2e16f3994cdf158',81,'2025-07-30','manager','Your order is created','',0,'2025-07-30 11:52:12.148712',NULL,67,1),(309,'8fe1d4da59624d87b05b505716e94b7d',90,'2025-07-30','manager','Hi Sir/Mam Thank you for choosing us','',0,'2025-07-30 12:18:22.364561',NULL,67,1),(310,'5743860d28154a6ea33ee888efbf7870',90,'2025-07-30','manager','Your order is created','',0,'2025-07-30 12:19:21.766620',NULL,67,1),(311,'2d2d88b4a5144782ab2eb00d7768e8f9',90,'2025-07-30','manager','Your order is created','',0,'2025-07-30 12:19:44.283921',NULL,67,1),(312,'accfc6f63b33496996cd015a4a4f28b2',100,'2025-07-31','manager','Hi Sir/Mam Thank you for choosing us','',0,'2025-07-31 04:20:07.963193',NULL,63,1),(313,'67c4d7662369461eb81174e804e49c38',100,'2025-07-31','manager','Your order is created','',0,'2025-07-31 04:20:21.023816',NULL,63,1),(314,'7dfd10a1b6594b87b6364a62e6a4e133',100,'2025-07-31','user','Ok','',1,'2025-07-31 04:20:38.294798',NULL,63,0),(315,'b1cb1f65ae0b4f519482a1873512ec5b',100,'2025-07-31','user','Cjccjv','',1,'2025-07-31 04:21:22.661792',NULL,63,0),(316,'6322be9e2851440d85f5f3c36d202961',100,'2025-07-31','user','Vjcvjvvivjg','',1,'2025-07-31 04:21:31.831866',NULL,63,0),(317,'738224598b6340ff9be587d455fd8eb0',1,'2025-07-31','manager','Your order is created','',0,'2025-07-31 04:40:29.946896',NULL,63,1),(318,'ba11f96fcb304c298ba6673125d37836',1,'2025-07-31','user','Ok thanks','',1,'2025-07-31 04:40:56.319344',NULL,63,0),(319,'d44ef324f0f54b95b45a42326077f217',1,'2025-07-31','user','Where is my order','',1,'2025-07-31 04:41:39.049631',NULL,63,0),(320,'73123d9f2afe4011a32c48fb3fc7642d',1,'2025-07-31','user','Where','',1,'2025-07-31 04:42:04.207559',NULL,63,0),(321,'2f3b62a105a347a0a51eb3490b2c0342',1,'2025-07-31','user','Fast','',1,'2025-07-31 04:42:20.517994',NULL,63,0),(322,'1fef8048b85240b088178e6aedd7fbcb',1,'2025-07-31','manager','Your order is ready','',0,'2025-07-31 04:42:43.989914',NULL,63,1),(323,'afaea67c732d4858beb1915d0e37646c',1,'2025-07-31','manager','Hi Sir/Mam Thank you for choosing us','',0,'2025-07-31 04:42:47.131247',NULL,63,1),(324,'ab857eabbe4248c5be857d047df8bcea',1,'2025-07-31','user','Thanks','',1,'2025-07-31 04:43:03.420049',NULL,63,0),(325,'bd9863f06678471987db367dea2a1282',105,'2025-07-31','manager','Hi Sir/Mam Thank you for choosing us','',0,'2025-07-31 06:45:01.694760',NULL,67,1),(326,'d0384b9301d94d9bb23aba373aed296c',106,'2025-07-31','manager','Hi Sir/Mam Thank you for choosing us','',0,'2025-07-31 06:49:11.873722',NULL,67,1),(327,'cb34553dcad74077be237ecc5d090206',4506,'2025-07-31','manager','Hi Sir/Mam Thank you for choosing us','',0,'2025-07-31 06:51:07.632324',NULL,63,1),(328,'1bdb5b5796274e07b26f8b34c5dbd719',4506,'2025-07-31','manager','will take 7 more minutes sir','',0,'2025-07-31 06:51:37.264726',NULL,63,1),(329,'2442bd00547b47b0800c4f114fb0a922',106,'2025-07-31','manager','Hi Sir/Mam Thank you for choosing us','',0,'2025-07-31 06:51:49.119328',NULL,67,1),(330,'f10e13765217438097d92ae3a78fc7a8',4506,'2025-07-31','manager','Your order is ready','',0,'2025-07-31 06:52:04.733689',NULL,63,1),(331,'9b21db07f603405091bd77fa6266671b',105,'2025-07-31','manager','Your order is ready','',0,'2025-07-31 06:52:19.188293',NULL,67,1),(332,'31e4e40af64f4e2e994fc991a22f3708',106,'2025-07-31','manager','Your order is ready','',0,'2025-07-31 06:52:35.868295',NULL,67,1),(333,'624a48558359436ab5d9d5558f2f12b7',106,'2025-07-31','manager','Your order is ready','',0,'2025-07-31 06:52:56.791667',NULL,67,1),(334,'7587606948f4414ebe661b28df81b559',2366,'2025-07-31','manager','Hi Sir/Mam Thank you for choosing us','',0,'2025-07-31 06:53:35.060663',NULL,63,1),(335,'15589b59aae74b6995e9d341f35a9e5d',106,'2025-07-31','manager','Hi Sir/Mam Thank you for choosing us','',0,'2025-07-31 06:55:20.769191',NULL,67,1),(336,'f6b55a824c87443191c0ca5e697a98d4',106,'2025-07-31','manager','Your order is created','',0,'2025-07-31 06:55:27.817920',NULL,67,1),(337,'5913c78e511c4caabe513f15c247c402',105,'2025-07-31','manager','Hi Sir/Mam Thank you for choosing us','',0,'2025-07-31 06:55:50.033103',NULL,67,1),(338,'fe6019cd5c2947739fc83704601d879d',2366,'2025-07-31','manager','Your order is created','',0,'2025-07-31 06:57:26.710355',NULL,63,1),(339,'5f91b721ca574aab91a5a3fbbc54a0d0',2366,'2025-07-31','manager','Hi Sir/Mam Thank you for choosing us','',0,'2025-07-31 06:57:49.180938',NULL,63,1),(340,'037425ec43684c2eb9bd62c23419cb8f',2366,'2025-07-31','user','When should I come','',1,'2025-07-31 06:58:24.878798',NULL,63,0),(341,'a03e40fe74b64c3daf6132df2b38dd7c',100,'2025-07-31','manager','Your order is created','',0,'2025-07-31 08:27:56.363825',NULL,63,0),(342,'f4f06cea824a49519d6aed09f024c45f',1,'2025-07-31','manager','Hi Sir/Mam Thank you for choosing us','',0,'2025-07-31 09:35:32.776620',NULL,67,1),(343,'62d5d3a9ee004b7cb52edcb2462df472',2800,'2025-07-31','manager','Your order is created','',0,'2025-07-31 09:49:57.153462',NULL,63,1),(344,'1b0b367028644bb788f4fd4b97744f95',2800,'2025-07-31','user','Faiysoyeluslusluslus','',1,'2025-07-31 09:50:17.803961',NULL,63,0),(345,'55653ea3e36e476ca33a4c8971172060',1,'2025-07-31','user','Thanks','',0,'2025-07-31 10:28:43.650802',NULL,67,0),(346,'f69de7494b7f4222bcb3508595d9237b',2,'2025-07-31','user','Thanks','',1,'2025-07-31 10:31:12.216873',NULL,67,0),(347,'2b80efca27a74d2fb5f6254e36eb9921',9,'2025-07-31','manager','Hi Sir/Mam Thank you for choosing us','',0,'2025-07-31 11:31:28.210783',NULL,67,1),(348,'f90c678eec2d49d0b0a3d28091c6c06d',9,'2025-07-31','manager','Your order is created','',0,'2025-07-31 11:33:00.827322',NULL,67,1),(349,'979a104a279e41538c776a5b84e52b9b',9,'2025-07-31','manager','Your order is preparing','',0,'2025-07-31 11:33:15.359568',NULL,67,1),(350,'3cb40cb7c0674fbe8f19922737f2b65f',9,'2025-07-31','user','Thanks','',1,'2025-07-31 11:35:25.088647',NULL,67,0),(351,'d11ecbd2ee054a4a946de1ea31f66b17',9,'2025-07-31','manager','Your order is preparing','',0,'2025-07-31 11:35:35.333719',NULL,67,1),(352,'75c6b5f458e54ee5bd40303cf506f06f',9,'2025-07-31','user','ok','',1,'2025-07-31 11:35:52.811854',NULL,67,0),(353,'3513618867ea430a8ecaec9fd48058f0',9,'2025-07-31','manager','Please wait !','',0,'2025-07-31 11:36:01.577804',NULL,67,1),(354,'53279e5b7f57414da6357cf05533a886',2,'2025-08-01','manager','Hi Sir/Mam Thank you for choosing us','',0,'2025-08-01 05:48:37.920968',NULL,67,1),(355,'5c5b7070735946c3a6f8f5296702d4a2',2,'2025-08-01','manager','Please wait !','',0,'2025-08-01 05:58:18.867191',NULL,67,1),(356,'b498cec1ba834189a053abb429332c9e',4,'2025-08-01','manager','Hi Sir/Mam Thank you for choosing us','',0,'2025-08-01 06:45:54.818567',NULL,67,1),(357,'cf1f21782f5c4dbeaec3e19e7f0d5ddb',2,'2025-08-01','manager','Your order is ready','',0,'2025-08-01 07:32:13.733734',NULL,67,1),(358,'7d4f6e5495ac4b19ae08037f55fdc461',2,'2025-08-01','manager','Thank you!','',0,'2025-08-01 07:33:09.703472',NULL,67,1),(359,'2327f909b5ce42d9993e4cd2b63353b0',2,'2025-08-01','manager','Thank you!','',0,'2025-08-01 07:33:28.941168',NULL,67,1),(360,'27a602fd3fad4c31bf4b21b9dfd08c3c',2,'2025-08-01','manager','Your order is ready','',0,'2025-08-01 07:33:38.875818',NULL,67,1),(361,'961a90c0b8124f73be0af7c674ad0e46',6,'2025-08-01','manager','Hi Sir/Mam Thank you for choosing us','',0,'2025-08-01 07:36:00.265818',NULL,67,1),(362,'aa31aa99462f4ab69ac46b4f8e590fe6',7,'2025-08-01','manager','Hi Sir/Mam Thank you for choosing us','',0,'2025-08-01 07:58:48.216869',NULL,67,1),(363,'06acd7b5cd4e457a9aef7b761a1bb0a2',2,'2025-08-01','manager','Thank you!','',0,'2025-08-01 08:12:31.195997',NULL,67,1),(364,'de66f75b9f86428cb6c5656adfea8b43',2,'2025-08-01','user','Hj','',1,'2025-08-01 08:31:39.828588',NULL,67,0),(365,'e11af2d076d0408da011e8410eab5eee',1,'2025-08-01','user','Cjcm','',0,'2025-08-01 08:43:58.142921',NULL,67,0),(366,'c897f08f528b41ecb18b0e74d4e91ba4',2,'2025-08-01','user','Hahab','',0,'2025-08-01 08:44:14.168713',NULL,67,0),(367,'ed23e0ada6a146d091af3e6b3903b83f',8,'2025-08-01','manager','Hi Sir/Mam Thank you for choosing us','',0,'2025-08-01 09:15:10.869964',NULL,67,1),(368,'f0ca03c40d014596842e16ee2a2c8813',1,'2025-08-04','manager','Your order is almost ready. Kindly collect it within the next 10 minutes to avoid any delays. Thank you!','',0,'2025-08-04 07:25:29.217968',NULL,67,1),(369,'b29b98f0b5184ca89d304f9993dfd820',1,'2025-08-04','manager','Your order is almost ready. Kindly collect it within the next 10 minutes to avoid any delays. Thank you!','',0,'2025-08-04 07:25:42.747994',NULL,67,1),(370,'42623738f9ca4fb59ff7a1eb0dafcd48',1,'2025-08-04','manager','Your order is almost ready. Kindly collect it within the next 10 minutes to avoid any delays. Thank you!','',0,'2025-08-04 07:25:51.914757',NULL,67,1),(371,'6f7e9ea8fbfc4a9588f317cea5b621da',1,'2025-08-04','manager','Your order is almost ready. Kindly collect it within the next 10 minutes to avoid any delays. Thank you!','',0,'2025-08-04 07:26:51.731999',NULL,67,1),(372,'236f4976befd4e748f9b5a1d3869eb35',1,'2025-08-04','manager','Your order is almost ready. Kindly collect it within the next 10 minutes to avoid any delays. Thank you!','',0,'2025-08-04 07:28:58.282214',NULL,67,1),(373,'54ae5a1b468e4bbf9ad1d47b16f608da',1,'2025-08-04','manager','Your order is almost ready. Kindly collect it within the next 10 minutes to avoid any delays. Thank you!','',0,'2025-08-04 07:31:35.198552',NULL,67,1),(374,'83129ad3f3894bfbaa39a15683ef3820',1,'2025-08-04','manager','Your order is almost ready. Kindly collect it within the next 10 minutes to avoid any delays. Thank you!','',0,'2025-08-04 07:45:08.766723',NULL,67,1),(375,'7ec1c91b2a394c00bb53613f4301cd39',1,'2025-08-04','manager','Hi Sir/Mam Thank you for choosing us','',0,'2025-08-04 07:45:51.127913',NULL,67,1),(376,'8683f7f17d0747bba9d396fb9e56f4e1',1,'2025-08-04','manager','Hi Sir/Mam Thank you for choosing us','',0,'2025-08-04 08:34:24.571549',NULL,67,1),(377,'4da6377bec2e4b6ca4d9b02b1d5f754f',2,'2025-08-04','manager','Hi Sir/Mam Thank you for choosing us','',0,'2025-08-04 11:04:34.000414',NULL,67,1),(378,'0922ed06b1c3492bb8ffd80cdf3f6519',1,'2025-08-04','manager','Your order is almost ready. Kindly collect it within the next 10 minutes to avoid any delays. Thank you!','',0,'2025-08-04 12:27:56.997098',NULL,67,1),(379,'8133f60e5b90476cb23698688c903c79',1,'2025-08-04','manager','Your order is almost ready. Kindly collect it within the next 10 minutes to avoid any delays. Thank you!','',0,'2025-08-04 12:29:15.319480',NULL,67,1),(380,'782c7f7ae58f415eac563b3b93433618',1,'2025-08-04','manager','Your order is almost ready. Kindly collect it within the next 10 minutes to avoid any delays. Thank you!','',0,'2025-08-04 12:29:19.895138',NULL,67,1),(381,'5b1d6b2179a0453f9e22c6c93becee13',1,'2025-08-04','manager','Your order is almost ready. Kindly collect it within the next 10 minutes to avoid any delays. Thank you!','',0,'2025-08-04 12:29:39.391329',NULL,67,1),(382,'590d1c2841f047f1b6598901db7ec1f2',1,'2025-08-04','manager','Your order is almost ready. Kindly collect it within the next 10 minutes to avoid any delays. Thank you!','',0,'2025-08-04 12:29:52.628926',NULL,67,1),(383,'6a670630a39a4b4f99964d397334cbff',1,'2025-08-04','manager','Your order is almost ready. Kindly collect it within the next 10 minutes to avoid any delays. Thank you!','',0,'2025-08-04 12:31:38.257178',NULL,67,1),(384,'0aeb42d8cec3461d959cc965f70581e7',1,'2025-08-05','manager','Your order is almost ready. Kindly collect it within the next 10 minutes to avoid any delays. Thank you!','',0,'2025-08-05 03:50:11.740978',NULL,67,1),(385,'951e40c1f4f644f59b739116460da71f',1,'2025-08-05','manager','Your order is almost ready. Kindly collect it within the next 10 minutes to avoid any delays. Thank you!','',0,'2025-08-05 03:50:55.825234',NULL,67,1),(386,'2547a869e3a24918a60ec8209cee24e6',1,'2025-08-05','manager','Your order is almost ready. Kindly collect it within the next 10 minutes to avoid any delays. Thank you!','',0,'2025-08-05 03:51:06.928869',NULL,67,1),(387,'462f8fda3fce4b32a53abcf3fe3acd2b',1,'2025-08-05','manager','Your order is almost ready. Kindly collect it within the next 10 minutes to avoid any delays. Thank you!','',0,'2025-08-05 03:58:01.885295',NULL,67,1),(388,'b59640c052184a579e7a32debf6bd213',1,'2025-08-05','manager','Your order is almost ready. Kindly collect it within the next 10 minutes to avoid any delays. Thank you!','',0,'2025-08-05 03:58:07.818830',NULL,67,1),(389,'4e9fc92ae59244a7840d0f86ee06d4b5',1,'2025-08-05','manager','Your order is almost ready. Kindly collect it within the next 10 minutes to avoid any delays. Thank you!','',0,'2025-08-05 03:58:21.874898',NULL,67,1),(390,'3b2dec3e5e8440ab90959fcf9e725ae6',1,'2025-08-05','manager','Your order is almost ready. Kindly collect it within the next 10 minutes to avoid any delays. Thank you!','',0,'2025-08-05 04:00:14.748728',NULL,67,1),(391,'59530cf97c8146c2834d25959690bb8c',1,'2025-08-05','manager','Your order is almost ready. Kindly collect it within the next 10 minutes to avoid any delays. Thank you!','',0,'2025-08-05 04:01:18.109959',NULL,67,1),(392,'7f0c93874e54443f8f2afb6e7e24a990',1,'2025-08-05','manager','Your order is almost ready. Kindly collect it within the next 10 minutes to avoid any delays. Thank you!','',0,'2025-08-05 04:01:23.496612',NULL,67,1),(393,'4ad9bfc342bc41649c6492762dc5961f',10,'2025-08-05','manager','Hi Sir/Mam Thank you for choosing us','',0,'2025-08-05 06:10:28.189093',NULL,67,1),(394,'553a5d5a524446959c7144cad7ea2af4',5,'2025-08-05','manager','Hi Sir/Mam Thank you for choosing us','',0,'2025-08-05 06:14:34.397633',NULL,67,1);
/*!40000 ALTER TABLE `vendors_chatmessage` ENABLE KEYS */;
UNLOCK TABLES;

--
-- Table structure for table `vendors_device`
--

DROP TABLE IF EXISTS `vendors_device`;
/*!40101 SET @saved_cs_client     = @@character_set_client */;
/*!40101 SET character_set_client = utf8mb4 */;
CREATE TABLE `vendors_device` (
  `id` bigint(20) NOT NULL AUTO_INCREMENT,
  `serial_no` varchar(255) NOT NULL,
  `created_at` datetime(6) NOT NULL,
  `updated_at` datetime(6) NOT NULL,
  `vendor_id` bigint(20) DEFAULT NULL,
  `admin_outlet_id` bigint(20) DEFAULT NULL,
  PRIMARY KEY (`id`),
  UNIQUE KEY `vendors_device_serial_no_admin_outlet_id_66608dec_uniq` (`serial_no`,`admin_outlet_id`),
  KEY `vendors_device_vendor_id_80d1e485_fk_vendors_vendor_id` (`vendor_id`),
  KEY `vendors_device_admin_outlet_id_e7d9c09b_fk_vendors_a` (`admin_outlet_id`),
  CONSTRAINT `vendors_device_admin_outlet_id_e7d9c09b_fk_vendors_a` FOREIGN KEY (`admin_outlet_id`) REFERENCES `vendors_adminoutlet` (`id`),
  CONSTRAINT `vendors_device_vendor_id_80d1e485_fk_vendors_vendor_id` FOREIGN KEY (`vendor_id`) REFERENCES `vendors_vendor` (`id`)
) ENGINE=InnoDB AUTO_INCREMENT=16 DEFAULT CHARSET=utf8mb4 COLLATE=utf8mb4_unicode_ci;
/*!40101 SET character_set_client = @saved_cs_client */;

--
-- Dumping data for table `vendors_device`
--

LOCK TABLES `vendors_device` WRITE;
/*!40000 ALTER TABLE `vendors_device` DISABLE KEYS */;
INSERT INTO `vendors_device` VALUES (2,'202505FDF000001B','2025-04-08 11:41:51.232254','2025-05-22 12:20:53.486992',16,3),(3,'202505FDF000002B','2025-05-29 03:44:30.249373','2025-08-05 09:55:24.391778',63,19),(10,'202505CAL000002B','2025-06-04 10:04:05.706632','2025-06-09 06:44:24.455427',NULL,19),(11,'202505CAL000004B','2025-06-04 10:04:08.162095','2025-06-09 06:36:02.078292',NULL,19),(12,'202505CAL000001B','2025-06-04 10:09:05.682153','2025-06-26 09:26:54.525039',NULL,19),(13,'202505CAL000003B','2025-06-06 07:39:57.571710','2025-06-26 11:57:33.724440',NULL,19),(14,'202502CAL050005B','2025-06-09 05:45:47.900849','2025-08-05 09:55:24.399650',63,19),(15,'202505CRN000006B','2025-06-11 05:34:05.735005','2025-06-18 07:18:47.987982',NULL,19);
/*!40000 ALTER TABLE `vendors_device` ENABLE KEYS */;
UNLOCK TABLES;

--
-- Table structure for table `vendors_feedback`
--

DROP TABLE IF EXISTS `vendors_feedback`;
/*!40101 SET @saved_cs_client     = @@character_set_client */;
/*!40101 SET character_set_client = utf8mb4 */;
CREATE TABLE `vendors_feedback` (
  `id` bigint(20) NOT NULL AUTO_INCREMENT,
  `comment` longtext NOT NULL,
  `created_at` datetime(6) NOT NULL,
  `vendor_id` bigint(20) NOT NULL,
  `category` varchar(10) DEFAULT NULL,
  `feedback_type` varchar(10) DEFAULT NULL,
  `name` varchar(255) DEFAULT NULL,
  `want_to_reach_us` tinyint(1) NOT NULL,
  `updated_at` datetime(6) NOT NULL,
  PRIMARY KEY (`id`),
  KEY `vendors_feedback_vendor_id_837b76c5_fk_vendors_vendor_id` (`vendor_id`),
  CONSTRAINT `vendors_feedback_vendor_id_837b76c5_fk_vendors_vendor_id` FOREIGN KEY (`vendor_id`) REFERENCES `vendors_vendor` (`id`)
) ENGINE=InnoDB AUTO_INCREMENT=31 DEFAULT CHARSET=utf8mb4 COLLATE=utf8mb4_unicode_ci;
/*!40101 SET character_set_client = @saved_cs_client */;

--
-- Dumping data for table `vendors_feedback`
--

LOCK TABLES `vendors_feedback` WRITE;
/*!40000 ALTER TABLE `vendors_feedback` DISABLE KEYS */;
INSERT INTO `vendors_feedback` VALUES (3,'1','2025-04-23 10:23:18.945960',7,NULL,NULL,NULL,0,'2025-07-17 06:47:43.450821'),(4,'1','2025-04-23 10:57:12.237535',7,NULL,NULL,NULL,0,'2025-07-17 06:47:43.450821'),(5,'ee','2025-05-13 09:40:52.945084',7,NULL,NULL,NULL,0,'2025-07-17 06:47:43.450821'),(6,'good','2025-05-13 09:42:52.502816',7,NULL,NULL,NULL,0,'2025-07-17 06:47:43.450821'),(7,'good','2025-05-13 09:42:58.736002',7,NULL,NULL,NULL,0,'2025-07-17 06:47:43.450821'),(8,'good','2025-05-13 09:43:00.095196',7,NULL,NULL,NULL,0,'2025-07-17 06:47:43.450821'),(9,'good','2025-05-13 09:43:17.657526',7,NULL,NULL,NULL,0,'2025-07-17 06:47:43.450821'),(10,'good','2025-05-13 09:45:30.203269',7,NULL,NULL,NULL,0,'2025-07-17 06:47:43.450821'),(11,'a','2025-05-13 10:15:54.170882',7,NULL,NULL,NULL,0,'2025-07-17 06:47:43.450821'),(12,'a','2025-05-13 10:16:03.428243',7,NULL,NULL,NULL,0,'2025-07-17 06:47:43.450821'),(13,'a','2025-05-13 10:18:18.155996',7,NULL,NULL,NULL,0,'2025-07-17 06:47:43.450821'),(14,'a','2025-05-13 10:18:22.014307',7,NULL,NULL,NULL,0,'2025-07-17 06:47:43.450821'),(15,'s','2025-05-13 10:24:57.610613',7,NULL,NULL,NULL,0,'2025-07-17 06:47:43.450821'),(16,'a','2025-05-13 10:35:57.095866',7,NULL,NULL,NULL,0,'2025-07-17 06:47:43.450821'),(17,'a','2025-05-13 10:46:30.155908',7,NULL,NULL,NULL,0,'2025-07-17 06:47:43.450821'),(18,'a','2025-05-13 10:48:04.998228',7,NULL,NULL,NULL,0,'2025-07-17 06:47:43.450821'),(19,'ashik is  good','2025-05-13 11:01:09.845327',7,NULL,NULL,NULL,0,'2025-07-17 06:47:43.450821'),(20,'qq','2025-05-13 11:04:15.547777',7,NULL,NULL,NULL,0,'2025-07-17 06:47:43.450821'),(21,'aa','2025-05-13 11:08:00.962247',7,NULL,NULL,NULL,0,'2025-07-17 06:47:43.450821'),(22,'zz','2025-05-13 11:12:15.449556',7,'dish','complaint','q',0,'2025-07-17 06:47:43.450821'),(23,'good','2025-05-13 11:14:23.291607',7,'service','suggestion','amal',0,'2025-07-17 06:47:43.450821'),(24,'q','2025-05-13 11:20:06.194327',7,'dish','suggestion','q',0,'2025-07-17 06:47:43.450821'),(25,'\'','2025-05-13 11:22:49.980183',7,'dish','complaint','',0,'2025-07-17 06:47:43.450821'),(26,'aaaa.','2025-05-13 11:35:29.056609',7,'dish','complaint','1',0,'2025-07-17 06:47:43.450821'),(27,'ssssssssssssssssssssssssss','2025-07-14 08:58:47.035691',51,'service','complaint','sssssssssssssss',0,'2025-07-17 06:47:43.450821'),(28,'aaaaaa','2025-07-14 09:12:51.116077',51,'service','complaint','aaa',0,'2025-07-17 06:47:43.450821'),(29,'Vjjvjknkn','2025-07-17 09:45:38.024525',67,'dish','suggestion','Gjvvjhhhv',0,'2025-07-17 09:45:38.024600'),(30,'Good service','2025-07-22 09:05:25.150606',63,'service','complaint','',0,'2025-07-22 09:05:25.150681');
/*!40000 ALTER TABLE `vendors_feedback` ENABLE KEYS */;
UNLOCK TABLES;

--
-- Table structure for table `vendors_order`
--

DROP TABLE IF EXISTS `vendors_order`;
/*!40101 SET @saved_cs_client     = @@character_set_client */;
/*!40101 SET character_set_client = utf8mb4 */;
CREATE TABLE `vendors_order` (
  `id` bigint(20) NOT NULL AUTO_INCREMENT,
  `token_no` int(11) NOT NULL,
  `status` varchar(20) NOT NULL,
  `counter_no` int(11) NOT NULL,
  `updated_by` varchar(20) NOT NULL,
  `created_at` datetime(6) NOT NULL,
  `updated_at` datetime(6) NOT NULL,
  `device_id` bigint(20) DEFAULT NULL,
  `vendor_id` bigint(20) NOT NULL,
  `notified_at` datetime(6) DEFAULT NULL,
  `shown_on_tv` tinyint(1) NOT NULL,
  `user_profile_id` bigint(20) DEFAULT NULL,
  `created_date` date NOT NULL,
  PRIMARY KEY (`id`),
  UNIQUE KEY `vendors_order_token_no_vendor_id_created_date_5e9b14c8_uniq` (`token_no`,`vendor_id`,`created_date`),
  KEY `vendors_order_device_id_19b98022_fk_vendors_device_id` (`device_id`),
  KEY `vendors_order_vendor_id_a6e689bb_fk_vendors_vendor_id` (`vendor_id`),
  KEY `vendors_order_user_profile_id_155082a7_fk_vendors_userprofile_id` (`user_profile_id`),
  CONSTRAINT `vendors_order_device_id_19b98022_fk_vendors_device_id` FOREIGN KEY (`device_id`) REFERENCES `vendors_device` (`id`),
  CONSTRAINT `vendors_order_user_profile_id_155082a7_fk_vendors_userprofile_id` FOREIGN KEY (`user_profile_id`) REFERENCES `vendors_userprofile` (`id`),
  CONSTRAINT `vendors_order_vendor_id_a6e689bb_fk_vendors_vendor_id` FOREIGN KEY (`vendor_id`) REFERENCES `vendors_vendor` (`id`),
  CONSTRAINT `token_no_range` CHECK (`token_no` between 0 and 9999)
) ENGINE=InnoDB AUTO_INCREMENT=1969 DEFAULT CHARSET=utf8mb4 COLLATE=utf8mb4_unicode_ci;
/*!40101 SET character_set_client = @saved_cs_client */;

--
-- Dumping data for table `vendors_order`
--

LOCK TABLES `vendors_order` WRITE;
/*!40000 ALTER TABLE `vendors_order` DISABLE KEYS */;
INSERT INTO `vendors_order` VALUES (1958,1,'ready',1,'manager','2025-08-05 03:43:03.109940','2025-08-05 04:07:02.458404',NULL,67,'2025-08-05 04:07:03.048065',0,4,'2025-08-05'),(1959,2,'preparing',1,'customer','2025-08-05 04:02:26.864240','2025-08-05 04:02:26.864269',NULL,67,NULL,0,NULL,'2025-08-05'),(1960,3,'preparing',1,'customer','2025-08-05 04:08:19.187899','2025-08-05 04:08:19.187927',NULL,67,NULL,0,NULL,'2025-08-05'),(1961,4,'preparing',1,'customer','2025-08-05 04:10:17.212010','2025-08-05 04:10:59.154653',NULL,67,NULL,0,4,'2025-08-05'),(1962,5,'preparing',1,'customer','2025-08-05 04:12:00.714784','2025-08-05 04:13:34.707841',NULL,67,NULL,0,4,'2025-08-05'),(1963,6,'preparing',1,'customer','2025-08-05 04:12:41.860815','2025-08-05 04:14:10.568671',NULL,67,NULL,0,4,'2025-08-05'),(1964,7,'created',1,'manager','2025-08-05 04:23:16.653212','2025-08-05 04:23:16.653236',NULL,67,NULL,0,4,'2025-08-05'),(1965,8,'preparing',1,'customer','2025-08-05 04:48:35.455379','2025-08-05 04:50:20.241232',NULL,67,NULL,0,4,'2025-08-05'),(1966,9,'preparing',1,'customer','2025-08-05 05:14:52.253507','2025-08-05 05:15:57.111421',NULL,67,NULL,0,4,'2025-08-05'),(1967,10,'created',1,'manager','2025-08-05 06:10:00.536080','2025-08-05 06:10:00.536111',NULL,67,NULL,0,4,'2025-08-05'),(1968,1,'preparing',1,'customer','2025-08-05 10:12:59.392792','2025-08-05 10:12:59.392852',NULL,16,NULL,0,NULL,'2025-08-05');
/*!40000 ALTER TABLE `vendors_order` ENABLE KEYS */;
UNLOCK TABLES;

--
-- Table structure for table `vendors_pushsubscription`
--

DROP TABLE IF EXISTS `vendors_pushsubscription`;
/*!40101 SET @saved_cs_client     = @@character_set_client */;
/*!40101 SET character_set_client = utf8mb4 */;
CREATE TABLE `vendors_pushsubscription` (
  `id` bigint(20) NOT NULL AUTO_INCREMENT,
  `browser_id` varchar(255) NOT NULL,
  `endpoint` longtext NOT NULL,
  `p256dh` longtext NOT NULL,
  `auth` longtext NOT NULL,
  `created_at` datetime(6) NOT NULL,
  `updated_at` datetime(6) NOT NULL,
  PRIMARY KEY (`id`),
  UNIQUE KEY `browser_id` (`browser_id`),
  UNIQUE KEY `endpoint` (`endpoint`) USING HASH
) ENGINE=InnoDB AUTO_INCREMENT=256 DEFAULT CHARSET=utf8mb4 COLLATE=utf8mb4_unicode_ci;
/*!40101 SET character_set_client = @saved_cs_client */;

--
-- Dumping data for table `vendors_pushsubscription`
--

LOCK TABLES `vendors_pushsubscription` WRITE;
/*!40000 ALTER TABLE `vendors_pushsubscription` DISABLE KEYS */;
INSERT INTO `vendors_pushsubscription` VALUES (246,'3e3a6af6-37a7-4a74-95e9-80e742e1fed3','https://fcm.googleapis.com/fcm/send/eCd-DWse0NU:APA91bGM0XaHE7XDLXs8OAFL3g67-EVTSCPtkWXSSosW8vp49CmrI_NdaoDBmt__jl5oCKZrtmhMedivkdRpscd-29pauVfQtSFnIcpP-yS7QExUOz7yMV9W-ZbOn8vkhFsktn0QHzPs','BCBoPSoUdv8g_M5qL0kV2S3L9LkvZkGJU2NExkwjGOU6sJnQUIlJBG2mBj2-fsRjL0QAYN91I9tzCwMilc01JZo','uDqhud3p3WEUAqIXeZ35xQ','2025-08-05 03:43:06.538371','2025-08-05 04:09:17.158734'),(247,'7b272006-e71e-4f7e-9ded-1a79122d6c40','https://fcm.googleapis.com/fcm/send/eYTGNPi-fK0:APA91bEI6GqU4jyLkd9D75JCUxdHF23XnE43YWWBXsN1KvfYZ9hpCXNooLOzN3Ju9Q1b1V40XpI1hYkvGNN1dZRsTZNoylEXTkQeGqHrLNiifeVGrbZzwINhls8oWahr9Y3UfvGqjmoR','BDrNrxjd6pJmmzFawRtk8LClEGj7TSFN_aE5ZMGj4DRsKgvZj1Z7b6RaaGE-QBygCPLELiUkMeICKrpL_sJFPNM','A2-OyNOVAmGcxHuJuZak-g','2025-08-05 04:11:02.016123','2025-08-05 04:11:02.018273'),(248,'5652fd82-716b-4104-9e5e-886acb58cbf2','https://fcm.googleapis.com/fcm/send/eCdGdj1q4fI:APA91bE5DFAI8KglWeDIJCs-BVFg6S6QRjCZ13nl1aczox6tjf6zRlBBvWYhKubUGcDY6zi1U9GBqKy4zh1ZPYfKeSHkL18NkJ5cQ5zbX1wcXIBdT9nIpBDiDFltuZCqy3kydc9Axjst','BL7o7pPTvvcUqwXBE2KJNqlnBkHABAEQcKuOfrxCnSlv6GwHjV9v4_UiiWZpennbF7mMf9SWW426z1m2Z10GMD8','i5--BVlISHZQUjv85q9pTA','2025-08-05 04:13:37.560665','2025-08-05 04:14:55.076792'),(249,'fe61ae76-833b-4f79-8927-3300fcd11c6a','https://web.push.apple.com/QK86C_qMctFyeEGLnshx3Dn9JghMi4dqibbQoDKXFxPUxtUaA02qw5oPHEmwzsPMZV0LZR594gcsmT-7LFVXueGqyiTISFnE8PREcXTebZR6u3INVuXU9g1NkVMbcsN_9FKMQUhm0MzuuPH_dEBJHyZXhGWJQ9lnpMLX-pr7UD4','BHh5MDxmy3OndDfGX0B5BmidzRwg7_7guXpn6IVT1nxpwmTD8aeE8wVUQPFRLfW3GYFInN5znRQpIF9GB1YU0gI','Eai9lGuqv0lszyoVYv2Piw','2025-08-05 04:14:11.147623','2025-08-05 04:14:11.151116'),(250,'8193ebff-2bbd-47f5-bc30-aff82d00252a','https://web.push.apple.com/QF49v5E2JxbtNccNkVGbc662OZKzQJc8FQugbu4mVz_OcVosaaObdv3fY11eCgctktKoTXEox5YG-5N6qbW2-lmKbTbt8idYqKboqNu0WwGKvRc_IxRIM5VY6_YuyjMgdO8yBtiwHELDwW0FTooGvEW4BmDJnOA8-0eVAwCStJw','BMjZDyHEohNWCH_IjwDpbULoIdLyrYfvbXf_zWTZ5CVmMCabJB4ghvw236b3gtv8pV0WSjer3mdCn34s_4koqP4','u91OOwNAiMuZrFU6wHOfhA','2025-08-05 04:42:57.018621','2025-08-05 04:42:57.021029'),(251,'2a331df8-4d40-470f-a778-7e1f1d36c13b','https://fcm.googleapis.com/fcm/send/e4zlmYq7aig:APA91bHUfgrC1XFeIcZnTbVMp9prdQE6fKdzPAMp-S0WDvvNZEZoy7fQb0jAPJlJtCZgYZhMCv7t6Yly-XspxUPAk7nm3-aXuWX2OPSCymmvpYIECflqhmdT9wL1S48pXpwImjM1w4wd','BG47jb8k9dUqzIcvy00HPAlWSZ37xTJ3qPQLDWa-xhWaFY88qNCyIPddvHJ4EQeR-gqwdx2DVRzi1GVNj7gVMdg','ly-wGYW_UOBej7rOa3R_Pw','2025-08-05 04:50:24.743245','2025-08-05 04:56:33.874375'),(252,'94a383a9-1143-4f5c-bc5c-dc2696774097','https://fcm.googleapis.com/fcm/send/el65m4zU6Iw:APA91bGOlnuha7QTBq7AcjscW3v0tRFXPNKkVotAZUhix1CdD63aTAzrNNGr5VciwFKNZeOzI97HvOqKcG4N8S83ArFF2lBDbrSCXoNLgIgKc2zQQuo5iPh-4mye5ZvTwiPlYe057KRg','BEkpnEVDqtHN7_CAzcaBmi8fehnQCMY-H8TyRTFinxBjvDDXOjAq7ZlBneEWcOwj_XxUF2SWjqjliB4nQg0q0hk','rsKk2meHiNw8J32nOzUyMw','2025-08-05 05:16:00.289079','2025-08-05 05:16:00.290253'),(253,'a650fcbb-f92c-4017-baf1-113f9ebbfe31','https://updates.push.services.mozilla.com/wpush/v2/gAAAAABokdtQpfp_9E_4EwqJD5M7F-Czl3WhBmRd6yja5sgZbL69HAoa8hA-rManCA7G08pKmZMLNucl6WhAUkLeZwSRW6N5qnGlcgdL5z0y76zfIr9tIMy7y1JdFEQeUyL8W8wQdzqTwyDwi0Tinu8hqO_t0A9MdBfgjGs6qcZ4MpXcwjp62Ks','BBkM6-3pcwBSDSSdN291o5Z11ZTIb9l5QZpZ0_ZcjH69tdr3GzlMFdI1J2ntSuLxWDA2xk6k-2VgM5zaO3Qo-Ec','XjsPZFFgCu4jAisSSXNMJg','2025-08-05 10:13:00.061207','2025-08-05 10:22:09.119573'),(254,'ae5a4cce-87e7-4409-bd10-a46c7b7fc03a','https://updates.push.services.mozilla.com/wpush/v2/gAAAAABokd-kOZhIbZBd6YwbTckysFmbgbDQfy7BV512ZunpLXYTJe_lXu5jNwQI5g_NzlRj4Ho07Wdrx2d8IqHASstpRz3d9txvRDejrpCMTiZxUH4psVshiZ07p0nC9ADPO0N_iwJ0Yj46YBnhDMhD-3SIJs6aS7cY7ku00k1RCRuaxm0qW68','BJee3jmHjuMptSBotxaPxnW45Lh4ARq8zjaRZlkVupQn_EBkd37sou-PbRzP_nfUImFZpSGt92mdQvFz81Dt7Zc','7Mydsf6frJ97nUmU08R1dw','2025-08-05 10:25:11.923316','2025-08-05 10:40:36.508478'),(255,'bdb2fdb3-73e1-4d57-9352-c750202a2902','https://fcm.googleapis.com/fcm/send/dd5i3bwmuH4:APA91bF3af8no8KCimIs_x8TXxqVcg1L3dBvaGJGW9mcUVmW-aIsTcIaJcqYcBMFMyiR6ALkdvQKfT7I_yXPXhyyFzBGteGuWOZdCKxqDfmGypMox9y1auINmyhClG4LP1sJOt5KwHhR','BHIUXbwIVKuNkqpYwul9DuDYNJXqAtGTt94BpAMrEdmi1VwK1bVVAmumKkLcnAwFVZhVChZTYP-_CaaYtgKeXkI','X_8rB-zzOaYY6ErDf6jm1w','2025-08-05 10:37:11.884382','2025-08-05 10:37:11.890505');
/*!40000 ALTER TABLE `vendors_pushsubscription` ENABLE KEYS */;
UNLOCK TABLES;

--
-- Table structure for table `vendors_pushsubscription_tokens`
--

DROP TABLE IF EXISTS `vendors_pushsubscription_tokens`;
/*!40101 SET @saved_cs_client     = @@character_set_client */;
/*!40101 SET character_set_client = utf8mb4 */;
CREATE TABLE `vendors_pushsubscription_tokens` (
  `id` bigint(20) NOT NULL AUTO_INCREMENT,
  `pushsubscription_id` bigint(20) NOT NULL,
  `order_id` bigint(20) NOT NULL,
  PRIMARY KEY (`id`),
  UNIQUE KEY `vendors_pushsubscription_pushsubscription_id_orde_7b93da7b_uniq` (`pushsubscription_id`,`order_id`),
  KEY `vendors_pushsubscrip_order_id_7fb17505_fk_vendors_o` (`order_id`),
  CONSTRAINT `vendors_pushsubscrip_order_id_7fb17505_fk_vendors_o` FOREIGN KEY (`order_id`) REFERENCES `vendors_order` (`id`),
  CONSTRAINT `vendors_pushsubscrip_pushsubscription_id_951d3ebe_fk_vendors_p` FOREIGN KEY (`pushsubscription_id`) REFERENCES `vendors_pushsubscription` (`id`)
) ENGINE=InnoDB AUTO_INCREMENT=1585 DEFAULT CHARSET=utf8mb4 COLLATE=utf8mb4_unicode_ci;
/*!40101 SET character_set_client = @saved_cs_client */;

--
-- Dumping data for table `vendors_pushsubscription_tokens`
--

LOCK TABLES `vendors_pushsubscription_tokens` WRITE;
/*!40000 ALTER TABLE `vendors_pushsubscription_tokens` DISABLE KEYS */;
INSERT INTO `vendors_pushsubscription_tokens` VALUES (1557,246,1958),(1560,246,1959),(1564,246,1960),(1566,247,1961),(1567,248,1962),(1568,249,1963),(1570,250,1963),(1571,251,1965),(1573,252,1966),(1574,253,1968),(1579,254,1968),(1583,255,1968);
/*!40000 ALTER TABLE `vendors_pushsubscription_tokens` ENABLE KEYS */;
UNLOCK TABLES;

--
-- Table structure for table `vendors_siteconfig`
--

DROP TABLE IF EXISTS `vendors_siteconfig`;
/*!40101 SET @saved_cs_client     = @@character_set_client */;
/*!40101 SET character_set_client = utf8mb4 */;
CREATE TABLE `vendors_siteconfig` (
  `id` bigint(20) NOT NULL AUTO_INCREMENT,
  `maintenance_mode` tinyint(1) NOT NULL,
  `created_at` datetime(6) NOT NULL,
  `updated_at` datetime(6) NOT NULL,
  PRIMARY KEY (`id`)
) ENGINE=InnoDB AUTO_INCREMENT=2 DEFAULT CHARSET=utf8mb4 COLLATE=utf8mb4_unicode_ci;
/*!40101 SET character_set_client = @saved_cs_client */;

--
-- Dumping data for table `vendors_siteconfig`
--

LOCK TABLES `vendors_siteconfig` WRITE;
/*!40000 ALTER TABLE `vendors_siteconfig` DISABLE KEYS */;
INSERT INTO `vendors_siteconfig` VALUES (1,0,'2025-07-17 06:47:43.588072','2025-07-17 06:47:43.612412');
/*!40000 ALTER TABLE `vendors_siteconfig` ENABLE KEYS */;
UNLOCK TABLES;

--
-- Table structure for table `vendors_userprofile`
--

DROP TABLE IF EXISTS `vendors_userprofile`;
/*!40101 SET @saved_cs_client     = @@character_set_client */;
/*!40101 SET character_set_client = utf8mb4 */;
CREATE TABLE `vendors_userprofile` (
  `id` bigint(20) NOT NULL AUTO_INCREMENT,
  `role` varchar(20) NOT NULL,
  `created_at` datetime(6) NOT NULL,
  `admin_outlet_id` bigint(20) NOT NULL,
  `user_id` int(11) NOT NULL,
  `vendor_id` bigint(20) DEFAULT NULL,
  `name` varchar(255) DEFAULT NULL,
  `updated_at` datetime(6) NOT NULL,
  PRIMARY KEY (`id`),
  KEY `vendors_userprofile_admin_outlet_id_2388318c_fk_vendors_a` (`admin_outlet_id`),
  KEY `vendors_userprofile_vendor_id_28b75557_fk_vendors_vendor_id` (`vendor_id`),
  KEY `vendors_userprofile_user_id_ada45845` (`user_id`),
  CONSTRAINT `vendors_userprofile_admin_outlet_id_2388318c_fk_vendors_a` FOREIGN KEY (`admin_outlet_id`) REFERENCES `vendors_adminoutlet` (`id`),
  CONSTRAINT `vendors_userprofile_user_id_ada45845_fk_auth_user_id` FOREIGN KEY (`user_id`) REFERENCES `auth_user` (`id`),
  CONSTRAINT `vendors_userprofile_vendor_id_28b75557_fk_vendors_vendor_id` FOREIGN KEY (`vendor_id`) REFERENCES `vendors_vendor` (`id`)
) ENGINE=InnoDB AUTO_INCREMENT=6 DEFAULT CHARSET=utf8mb4 COLLATE=utf8mb4_unicode_ci;
/*!40101 SET character_set_client = @saved_cs_client */;

--
-- Dumping data for table `vendors_userprofile`
--

LOCK TABLES `vendors_userprofile` WRITE;
/*!40000 ALTER TABLE `vendors_userprofile` DISABLE KEYS */;
INSERT INTO `vendors_userprofile` VALUES (2,'manager','2025-07-15 07:23:51.304648',19,15,63,'Manager 1','2025-07-17 06:47:43.667002'),(3,'web','2025-07-15 07:23:51.306892',19,15,63,'Manager 1','2025-07-17 06:47:43.667002'),(4,'manager','2025-07-17 04:37:18.149145',20,17,67,'Dev Manager','2025-07-17 06:47:43.667002'),(5,'manager','2025-07-31 04:08:15.361109',19,18,63,'Demo Manager','2025-07-31 04:08:15.361134');
/*!40000 ALTER TABLE `vendors_userprofile` ENABLE KEYS */;
UNLOCK TABLES;

--
-- Table structure for table `vendors_vendor`
--

DROP TABLE IF EXISTS `vendors_vendor`;
/*!40101 SET @saved_cs_client     = @@character_set_client */;
/*!40101 SET character_set_client = utf8mb4 */;
CREATE TABLE `vendors_vendor` (
  `id` bigint(20) NOT NULL AUTO_INCREMENT,
  `name` varchar(255) NOT NULL,
  `location` varchar(255) DEFAULT NULL,
  `vendor_id` int(11) NOT NULL,
  `created_at` datetime(6) NOT NULL,
  `updated_at` datetime(6) NOT NULL,
  `place_id` varchar(255) DEFAULT NULL,
  `location_id` varchar(20) NOT NULL,
  `logo` varchar(100) DEFAULT NULL,
  `admin_outlet_id` bigint(20) NOT NULL,
  `ads` longtext DEFAULT NULL,
  `menus` longtext DEFAULT NULL,
  `user_id` int(11) DEFAULT NULL,
  `alias_name` varchar(255) DEFAULT NULL,
  PRIMARY KEY (`id`),
  UNIQUE KEY `vendor_id` (`vendor_id`),
  UNIQUE KEY `user_id` (`user_id`),
  KEY `vendors_vendor_admin_outlet_id_eb9358a8_fk_vendors_a` (`admin_outlet_id`),
  CONSTRAINT `vendors_vendor_admin_outlet_id_eb9358a8_fk_vendors_a` FOREIGN KEY (`admin_outlet_id`) REFERENCES `vendors_adminoutlet` (`id`),
  CONSTRAINT `vendors_vendor_user_id_14564ee2_fk_auth_user_id` FOREIGN KEY (`user_id`) REFERENCES `auth_user` (`id`)
) ENGINE=InnoDB AUTO_INCREMENT=68 DEFAULT CHARSET=utf8mb4 COLLATE=utf8mb4_unicode_ci;
/*!40101 SET character_set_client = @saved_cs_client */;

--
-- Dumping data for table `vendors_vendor`
--

LOCK TABLES `vendors_vendor` WRITE;
/*!40000 ALTER TABLE `vendors_vendor` DISABLE KEYS */;
INSERT INTO `vendors_vendor` VALUES (1,'Starbucks - Lulu Mall','Lulu Mall',101,'2025-04-03 06:02:13.084690','2025-04-25 04:15:44.778052','ChIJ7Z1P3Ga9BTsR6Nqfe3ZXbU0','2001','vendor_logos/starbucks-coffee.svg',1,'','[\"\"]',NULL,NULL),(2,'Starbucks - City Square','City Square',102,'2025-04-03 06:03:50.827327','2025-04-03 06:03:50.827422','ChIJzwS7H8YZ2jERiigCiU-kxNM','2002','vendor_logos/starbucks-coffee.svg',1,NULL,'[\"\"]',NULL,NULL),(3,'Starbucks - Downtown Plaza','Downtown Plaza',103,'2025-04-03 06:10:59.518230','2025-04-03 06:10:59.518321','ChIJLR2RyMAnPw0REHtPOYYMm28','2003','vendor_logos/starbucks-coffee.svg',1,NULL,'[\"\"]',NULL,NULL),(4,'McDonald\'s - Lulu Mall','Lulu Mall',104,'2025-04-03 06:12:50.364426','2025-04-03 06:15:53.963739','ChIJN5t6A6K9BTsRlIxCvYrkrRo','2001','vendor_logos/McDonalds.svg',2,NULL,'[\"\"]',NULL,NULL),(5,'McDonald\'s - Grand Avenue','Grand Avenue',105,'2025-04-03 06:18:48.194656','2025-04-03 06:18:48.194770','ChIJNypXm7Ayw4AROJrcpgYCzco','2004','vendor_logos/McDonalds.svg',2,NULL,'[\"\"]',NULL,NULL),(6,'McDonald\'s - High Street','High Street',106,'2025-04-03 06:20:10.779983','2025-04-03 06:20:10.780077','ChIJT4-4ZbWn2EcR98RcV15H7-o','2005','vendor_logos/McDonalds.svg',2,NULL,'[\"\"]',NULL,NULL),(7,'KFC - Lulu Mall','Lulu Mall',107,'2025-04-03 06:22:05.359258','2025-04-07 05:03:00.207342','ChIJT29gy4y9BTsRRD_ajliCYNM','2001','vendor_logos/KFC.svg',2,'[\"ads/KFCAD1.jpg\", \"ads/KFCAD2.jpg\", \"ads/KFCAD3.jpg\", \"ads/KFCAD1_MGYn8Lu.jpg\", \"ads/KFCAD2_hYSEopS.jpg\", \"ads/KFCAD3_Ln1Z6tr.jpg\"]','[\"menus/AZADMENU.jpg\"]',NULL,NULL),(8,'KFC - Mega Mall','Mega Mall',108,'2025-04-03 06:23:27.440112','2025-04-03 06:23:27.440202','ChIJRcIRNgA5sz4RXkiyECPA7H0','2006','vendor_logos/KFC.svg',2,NULL,'[\"\"]',NULL,NULL),(9,'KFC - Express Highway','Express Highway',109,'2025-04-03 06:25:05.877282','2025-04-03 06:25:05.877370','ChIJpW6eIBS55zsRj9MCAp4b1M0','2007','vendor_logos/KFC.svg',2,NULL,'[\"\"]',NULL,NULL),(10,'KFC - City Square','City Square',110,'2025-04-03 06:26:38.630736','2025-04-03 06:26:38.630833','ChIJNe5w8DEZ6zkR0tjRB5STmd8','2002','vendor_logos/KFC.svg',2,NULL,'[\"\"]',NULL,NULL),(11,'Burger King - Lulu Mall','Lulu Mall',111,'2025-04-03 06:28:40.827054','2025-04-08 09:54:02.355450','ChIJt1BlK0W9BTsRKqYV9WWqKX8','2001','vendor_logos/Burger_King.svg',4,'[\"ads/BURGERKINGAD3.jpg\", \"ads/BURGERKINGAD2.jpg\", \"ads/BURGERKINGAD1.jpg\", \"ads/BURGERKINGAD1_uwtAGv3.jpg\", \"ads/BURGERKINGAD3_RqWHelO.jpg\"]','[\"menus/BURGERKINGMENU1.jpg\", \"menus/BURGERKINGMENU1_cpweVOo.jpg\", \"menus/BURGERKINGMENU1_14splsn.jpg\"]',NULL,NULL),(12,'Domino\'s - Lulu Mall','Lulu Mall',114,'2025-04-03 06:30:08.699623','2025-04-03 06:30:08.699714','ChIJwa0Zhx-9BTsRyiGJTyLFVSI','2001','vendor_logos/Dominos.svg',5,NULL,'[\"\"]',NULL,NULL),(13,'Pizza Hut - Lulu Mall','Lulu Mall',117,'2025-04-03 06:30:57.259222','2025-04-03 06:30:57.259315','ChIJy7PdYaq9BTsRXTeH2sKRB7Y','2001','vendor_logos/Pizza_Hut.svg',6,NULL,'[\"\"]',NULL,NULL),(14,'Subway - Lulu Mall','Lulu Mall',120,'2025-04-03 06:31:55.984004','2025-04-07 05:12:26.147926','ChIJGwLidmO9BTsR5qbbpGVv2xg','2001','vendor_logos/Subway.svg',7,'[\"ads/SUBWAYAD1.jpg\", \"ads/SUBWAYAD2.jpg\", \"ads/SUBWAYAD3.jpg\"]','[\"menus/SUBWAYMENU1.jpeg\"]',NULL,NULL),(15,'Costa Coffee - Lulu Mall','Lulu Mall',123,'2025-04-03 06:32:40.798167','2025-04-03 06:32:40.798259','ChIJyzoSWj_lmzkRu3hf2hs2vzY','2001','vendor_logos/Costa_Coffee_.svg',8,NULL,'[\"\"]',NULL,NULL),(16,'AZAD','Trivandrum',472435,'2025-05-22 12:20:53.484078','2025-08-05 09:48:36.033006','ChIJoXPUuqa7BTsRSSujVeNeaiE','VAZ01','vendor_logos/azad.png',3,'[\"ads/AZADAD1.jpg\", \"ads/AZADAD2.jpg\", \"ads/AZADAD3.jpg\", \"ads/AZADAD1.jpg\", \"ads/AZADAD2.jpg\", \"ads/AZADAD3.jpg\"]','[\"menus/AZADMENU.jpg\"]',NULL,'Azad'),(51,'Demo1','Kowdiar',519488,'2025-06-04 10:47:14.270065','2025-06-26 11:57:33.714445','ChIJQ94r10S-BTsRDtOmYzIplto','KW01','vendor_logos/SOFTLAND_LOGO.png',19,'[\"ads/SOFTLAND1.jpg\", \"ads/SOFTLAND2.jpg\", \"ads/SOFTLAND3.jpg\", \"ads/SOFTLAND4.jpg\",\"ads/SOFTLAND1.jpg\", \"ads/SOFTLAND2.jpg\", \"ads/SOFTLAND3.jpg\", \"ads/SOFTLAND4.jpg\"]','[\"menus/BURGERKINGMENU1.jpg\"]',NULL,'Demo1'),(63,'Demo2','Lulu Mall',265344,'2025-06-09 10:41:38.801264','2025-08-05 09:55:24.376615','ChIJQ94r10S-BTsRDtOmYzIplto','LM01','vendor_logos/SOFTLAND_LOGO_C4bMVXY.png',19,'[\"ads/SUBWAYAD1.jpg\", \"ads/SUBWAYAD2.jpg\", \"ads/SUBWAYAD3.jpg\"]','[\"menus/SUBWAYMENU1.jpeg\"]',NULL,'Demo2'),(67,'Outlet 1','Lulu Mall',506478,'2025-07-16 12:12:10.677224','2025-07-16 12:12:10.677286','ChIJQ94r10S-BTsRDtOmYzIplto','LM01','vendor_logos/DevelopmentLogo.svg',20,NULL,'[\"menus/DevelopmemntMenu.jpg\"]',NULL,'Outlet 1');
/*!40000 ALTER TABLE `vendors_vendor` ENABLE KEYS */;
UNLOCK TABLES;

--
-- Table structure for table `vendors_vendoradvertisement`
--

DROP TABLE IF EXISTS `vendors_vendoradvertisement`;
/*!40101 SET @saved_cs_client     = @@character_set_client */;
/*!40101 SET character_set_client = utf8mb4 */;
CREATE TABLE `vendors_vendoradvertisement` (
  `id` bigint(20) NOT NULL AUTO_INCREMENT,
  `file` varchar(100) NOT NULL,
  `uploaded_at` datetime(6) NOT NULL,
  `vendor_id` bigint(20) NOT NULL,
  PRIMARY KEY (`id`),
  KEY `vendors_vendoradvert_vendor_id_59e5de59_fk_vendors_v` (`vendor_id`),
  CONSTRAINT `vendors_vendoradvert_vendor_id_59e5de59_fk_vendors_v` FOREIGN KEY (`vendor_id`) REFERENCES `vendors_vendor` (`id`)
) ENGINE=InnoDB DEFAULT CHARSET=utf8mb4 COLLATE=utf8mb4_unicode_ci;
/*!40101 SET character_set_client = @saved_cs_client */;

--
-- Dumping data for table `vendors_vendoradvertisement`
--

LOCK TABLES `vendors_vendoradvertisement` WRITE;
/*!40000 ALTER TABLE `vendors_vendoradvertisement` DISABLE KEYS */;
/*!40000 ALTER TABLE `vendors_vendoradvertisement` ENABLE KEYS */;
UNLOCK TABLES;

--
-- Table structure for table `vendors_vendormenu`
--

DROP TABLE IF EXISTS `vendors_vendormenu`;
/*!40101 SET @saved_cs_client     = @@character_set_client */;
/*!40101 SET character_set_client = utf8mb4 */;
CREATE TABLE `vendors_vendormenu` (
  `id` bigint(20) NOT NULL AUTO_INCREMENT,
  `file` varchar(100) NOT NULL,
  `uploaded_at` datetime(6) NOT NULL,
  `vendor_id` bigint(20) NOT NULL,
  PRIMARY KEY (`id`),
  KEY `vendors_vendormenu_vendor_id_5397a062_fk_vendors_vendor_id` (`vendor_id`),
  CONSTRAINT `vendors_vendormenu_vendor_id_5397a062_fk_vendors_vendor_id` FOREIGN KEY (`vendor_id`) REFERENCES `vendors_vendor` (`id`)
) ENGINE=InnoDB DEFAULT CHARSET=utf8mb4 COLLATE=utf8mb4_unicode_ci;
/*!40101 SET character_set_client = @saved_cs_client */;

--
-- Dumping data for table `vendors_vendormenu`
--

LOCK TABLES `vendors_vendormenu` WRITE;
/*!40000 ALTER TABLE `vendors_vendormenu` DISABLE KEYS */;
/*!40000 ALTER TABLE `vendors_vendormenu` ENABLE KEYS */;
UNLOCK TABLES;

--
-- Table structure for table `webpush_group`
--

DROP TABLE IF EXISTS `webpush_group`;
/*!40101 SET @saved_cs_client     = @@character_set_client */;
/*!40101 SET character_set_client = utf8mb4 */;
CREATE TABLE `webpush_group` (
  `id` int(11) NOT NULL AUTO_INCREMENT,
  `name` varchar(255) NOT NULL,
  PRIMARY KEY (`id`),
  UNIQUE KEY `name` (`name`)
) ENGINE=InnoDB DEFAULT CHARSET=utf8mb4 COLLATE=utf8mb4_unicode_ci;
/*!40101 SET character_set_client = @saved_cs_client */;

--
-- Dumping data for table `webpush_group`
--

LOCK TABLES `webpush_group` WRITE;
/*!40000 ALTER TABLE `webpush_group` DISABLE KEYS */;
/*!40000 ALTER TABLE `webpush_group` ENABLE KEYS */;
UNLOCK TABLES;

--
-- Table structure for table `webpush_pushinformation`
--

DROP TABLE IF EXISTS `webpush_pushinformation`;
/*!40101 SET @saved_cs_client     = @@character_set_client */;
/*!40101 SET character_set_client = utf8mb4 */;
CREATE TABLE `webpush_pushinformation` (
  `id` int(11) NOT NULL AUTO_INCREMENT,
  `group_id` int(11) DEFAULT NULL,
  `subscription_id` int(11) NOT NULL,
  `user_id` int(11) DEFAULT NULL,
  PRIMARY KEY (`id`),
  KEY `webpush_pushinformation_user_id_5e083b7f_fk_auth_user_id` (`user_id`),
  KEY `webpush_pushinformation_group_id_262dcc9a_fk` (`group_id`),
  KEY `webpush_pushinformation_subscription_id_7989aa34_fk` (`subscription_id`),
  CONSTRAINT `webpush_pushinformation_group_id_262dcc9a_fk` FOREIGN KEY (`group_id`) REFERENCES `webpush_group` (`id`),
  CONSTRAINT `webpush_pushinformation_subscription_id_7989aa34_fk` FOREIGN KEY (`subscription_id`) REFERENCES `webpush_subscriptioninfo` (`id`),
  CONSTRAINT `webpush_pushinformation_user_id_5e083b7f_fk_auth_user_id` FOREIGN KEY (`user_id`) REFERENCES `auth_user` (`id`)
) ENGINE=InnoDB DEFAULT CHARSET=utf8mb4 COLLATE=utf8mb4_unicode_ci;
/*!40101 SET character_set_client = @saved_cs_client */;

--
-- Dumping data for table `webpush_pushinformation`
--

LOCK TABLES `webpush_pushinformation` WRITE;
/*!40000 ALTER TABLE `webpush_pushinformation` DISABLE KEYS */;
/*!40000 ALTER TABLE `webpush_pushinformation` ENABLE KEYS */;
UNLOCK TABLES;

--
-- Table structure for table `webpush_subscriptioninfo`
--

DROP TABLE IF EXISTS `webpush_subscriptioninfo`;
/*!40101 SET @saved_cs_client     = @@character_set_client */;
/*!40101 SET character_set_client = utf8mb4 */;
CREATE TABLE `webpush_subscriptioninfo` (
  `id` int(11) NOT NULL AUTO_INCREMENT,
  `browser` varchar(100) NOT NULL,
  `endpoint` varchar(500) NOT NULL,
  `auth` varchar(100) NOT NULL,
  `p256dh` varchar(100) NOT NULL,
  `user_agent` varchar(500) NOT NULL,
  PRIMARY KEY (`id`)
) ENGINE=InnoDB DEFAULT CHARSET=utf8mb4 COLLATE=utf8mb4_unicode_ci;
/*!40101 SET character_set_client = @saved_cs_client */;

--
-- Dumping data for table `webpush_subscriptioninfo`
--

LOCK TABLES `webpush_subscriptioninfo` WRITE;
/*!40000 ALTER TABLE `webpush_subscriptioninfo` DISABLE KEYS */;
/*!40000 ALTER TABLE `webpush_subscriptioninfo` ENABLE KEYS */;
UNLOCK TABLES;
/*!40103 SET TIME_ZONE=@OLD_TIME_ZONE */;

/*!40101 SET SQL_MODE=@OLD_SQL_MODE */;
/*!40014 SET FOREIGN_KEY_CHECKS=@OLD_FOREIGN_KEY_CHECKS */;
/*!40014 SET UNIQUE_CHECKS=@OLD_UNIQUE_CHECKS */;
/*!40101 SET CHARACTER_SET_CLIENT=@OLD_CHARACTER_SET_CLIENT */;
/*!40101 SET CHARACTER_SET_RESULTS=@OLD_CHARACTER_SET_RESULTS */;
/*!40101 SET COLLATION_CONNECTION=@OLD_COLLATION_CONNECTION */;
/*!40111 SET SQL_NOTES=@OLD_SQL_NOTES */;

-- Dump completed on 2025-08-05 16:54:57
